"Club","Championnat","Selections","Classement FIFA","Age","Date de naissance","Equipe","Position","Joueur","No."
"SportsClub---name","League---name","Player---numberOfPlayedGames","SportsTeam---ranking","Player---age","Player---birthDate","SportsTeam---name","Player---playPosition","Player---name","Player---tag"
"Botafogo   ","Bresil","9","3","31","2 janvier 1983","Bresil","1. Gardien","Jefferson","1"
"Toronto FC  ","Etats-Unis","80","3","34","3 septembre 1979","Bresil","1. Gardien","Julio Cesar","12"
"Atletico Mineiro  ","Bresil","6","3","31","21 janvier 1983","Bresil","1. Gardien","Victor","22"
"Barcelona   ","Espagne","75","3","31","6 mai 1983","Bresil","2. Defenseur","Dani Alves","2"
"Bayern Munich  ","Allemagne","12","3","30","18 octobre 1983","Bresil","2. Defenseur","Dante","13"
"Chelsea   ","Angleterre","36","3","27","22 avril 1987","Bresil","2. Defenseur","David Luiz","4"
"Napoli   ","Italie","5","3","27","14 octobre 1986","Bresil","2. Defenseur","Henrique","15"
"Roma   ","Italie","72","3","32","26 juillet 1981","Bresil","2. Defenseur","Maicon","23"
"Real Madrid  ","Espagne","31","3","26","12 mai 1988","Bresil","2. Defenseur","Marcelo","6"
"Paris Saint-Germain  ","France","9","3","32","27 août 1981","Bresil","2. Defenseur","Maxwell","14"
"Paris Saint-Germain  ","France","46","3","29","22 septembre 1984","Bresil","2. Defenseur","Thiago Silva (c)","3"
"Shakhtar Donetsk  ","Ukraine","11","3","21","8 septembre 1992","Bresil","3. Milieu","Bernard","20"
"Manchester City  ","Angleterre","7","3","29","4 mai 1985","Bresil","3. Milieu","Fernandinho","5"
"Internazionale   ","Italie","24","3","29","29 mai 1985","Bresil","3. Milieu","Hernanes","18"
"VfL Wolfsburg  ","Allemagne","19","3","26","23 juillet 1987","Bresil","3. Milieu","Luiz Gustavo","17"
"Chelsea   ","Angleterre","31","3","22","9 septembre 1991","Bresil","3. Milieu","Oscar","11"
"Tottenham Hotspur  ","Angleterre","26","3","25","25 juillet 1988","Bresil","3. Milieu","Paulinho","8"
"Chelsea   ","Angleterre","42","3","27","24 mars 1987","Bresil","3. Milieu","Ramires","16"
"Chelsea   ","Angleterre","7","3","25","9 août 1988","Bresil","3. Milieu","Willian","19"
"Fluminense   ","Bresil","33","3","30","3 octobre 1983","Bresil","4. Attaquant","Fred","9"
"Zenit Saint Petersburg ","Russie","35","3","27","25 juillet 1986","Bresil","4. Attaquant","Hulk","7"
"Atletico Mineiro  ","Bresil","17","3","27","20 mars 1987","Bresil","4. Attaquant","Jô","21"
"Barcelona   ","Espagne","49","3","22","5 février 1992","Bresil","4. Attaquant","Neymar","10"
"Konyaspor   ","Turquie","9","56","31","2 novembre 1982","Cameroun","1. Gardien","Charles Itandje","16"
"Coton Sport  ","Cameroun","2","56","22","14 avril 1992","Cameroun","1. Gardien","Loec Feudjou","1"
"Fethiyespor   ","Turquie","3","56","24","25 février 1990","Cameroun","1. Gardien","Sammy N'Djock","23"
"Granada   ","Espagne","10","56","26","10 mai 1988","Cameroun","2. Defenseur","Allan Nyom","22"
"Galatasaray   ","Turquie","31","56","28","20 juin 1985","Cameroun","2. Defenseur","Aurelien Chedjou","14"
"Queens Park Rangers ","Angleterre","22","56","30","24 mars 1984","Cameroun","2. Defenseur","Benoît Assou-Ekotto","2"
"Coton Sport  ","Cameroun","3","56","21","28 août 1992","Cameroun","2. Defenseur","Cedric Djeugoue","4"
"Besiktas   ","Turquie","16","56","28","11 avril 1986","Cameroun","2. Defenseur","Dany Nounkeu","5"
"Lyon   ","France","31","56","30","4 juin 1984","Cameroun","2. Defenseur","Henri Bedimo","12"
"Marseille   ","France","48","56","24","27 mars 1990","Cameroun","2. Defenseur","Nicolas N'Koulou","3"
"Barcelona   ","Espagne","47","56","26","9 septembre 1987","Cameroun","3. Milieu","Alex Song","6"
"Lens   ","France","9","56","21","17 août 1992","Cameroun","3. Milieu","Edgar Salli","20"
"Antalyaspor   ","Turquie","38","56","28","23 mars 1986","Cameroun","3. Milieu","Eyong Enoh","18"
"Rennes   ","France","66","56","31","29 mai 1983","Cameroun","3. Milieu","Jean Makoun","11"
"Schalke 4  ","Allemagne","23","56","22","8 août 1991","Cameroun","3. Milieu","Joel Matip","21"
"Bordeaux   ","France","40","56","28","28 novembre 1985","Cameroun","3. Milieu","Landry N'Guemo","7"
"Sevilla   ","Espagne","49","56","28","20 mai 1986","Cameroun","3. Milieu","Stephane Mbia","17"
"Nancy   ","France","17","56","25","12 novembre 1988","Cameroun","4. Attaquant","Benjamin Moukandjo","8"
"Zulte Waregem  ","Belgique","8","56","18","12 mai 1996","Cameroun","4. Attaquant","Fabrice Olinga","19"
"Mainz 5  ","Allemagne","26","56","25","23 mars 1989","Cameroun","4. Attaquant","Maxim Choupo-Moting","13"
"Fenerbahce   ","Turquie","56","56","32","20 janvier 1982","Cameroun","4. Attaquant","Pierre Webo","15"
"Chelsea   ","Angleterre","117","56","33","10 mars 1981","Cameroun","4. Attaquant","Samuel Eto'o (c)","9"
"Lorient   ","France","24","56","22","22 janvier 1992","Cameroun","4. Attaquant","Vincent Aboubakar","10"
"Monaco   ","France","6","18","29","27 octobre 1984","Croatie","1. Gardien","Danijel Subasic","23"
"Lokomotiva   ","Croatie","0","18","21","14 mai 1993","Croatie","1. Gardien","Oliver Zelenika","12"
"Rostov   ","Russie","111","18","35","8 janvier 1979","Croatie","1. Gardien","Stipe Pletikosa","1"
"Panathinaikos   ","Grece","50","18","32","2 décembre 1981","Croatie","2. Defenseur","Danijel Pranjic","3"
"Shakhtar Donetsk  ","Ukraine","112","18","32","1 mai 1982","Croatie","2. Defenseur","Darijo Srna (c)","11"
"Southampton   ","Angleterre","25","18","24","5 juillet 1989","Croatie","2. Defenseur","Dejan Lovren","6"
"Dynamo Kyiv  ","Ukraine","23","18","25","29 avril 1989","Croatie","2. Defenseur","Domagoj Vida","21"
"Panathinaikos   ","Grece","21","18","29","18 mars 1985","Croatie","2. Defenseur","Gordon Schildenfeld","13"
"Genoa   ","Italie","7","18","22","10 janvier 1992","Croatie","2. Defenseur","Sime Vrsaljko","2"
"Lokomotiv Moscow  ","Russie","72","18","28","5 février 1986","Croatie","2. Defenseur","Vedran Corluka","5"
"Hamburger SV  ","Allemagne","9","18","25","25 février 1989","Croatie","3. Milieu","Milan Badelj","15"
"VfL Wolfsburg  ","Allemagne","29","18","25","2 février 1989","Croatie","3. Milieu","Ivan Perisic","4"
"Sevilla   ","Espagne","62","18","26","10 mars 1988","Croatie","3. Milieu","Ivan Rakitic","7"
"Real Madrid  ","Espagne","75","18","28","9 septembre 1985","Croatie","3. Milieu","Luka Modric","10"
"Dinamo Zagreb  ","Croatie","1","18","21","16 octobre 1992","Croatie","3. Milieu","Marcelo Brozovic","14"
"Internazionale   ","Italie","10","18","20","6 mai 1994","Croatie","3. Milieu","Mateo Kovacic","20"
"Dynamo Kyiv  ","Ukraine","55","18","30","20 décembre 1983","Croatie","3. Milieu","Ognjen Vukojevic","8"
"Getafe   ","Espagne","6","18","27","23 avril 1987","Croatie","3. Milieu","Sammir","19"
"Fiorentina   ","Italie","5","18","20","21 septembre 1993","Croatie","4. Attaquant","Ante Rebic","16"
"Shakhtar Donetsk  ","Ukraine","63","18","31","25 février 1983","Croatie","4. Attaquant","Eduardo","22"
"VfL Wolfsburg  ","Allemagne","92","18","34","14 septembre 1979","Croatie","4. Attaquant","Ivica Olic","18"
"Bayern Munich  ","Allemagne","50","18","28","21 mai 1986","Croatie","4. Attaquant","Mario Mandzukic","17"
"Hull City  ","Angleterre","33","18","28","27 août 1985","Croatie","4. Attaquant","Nikica Jelavic","9"
"Toluca   ","Mexique","14","20","31","18 septembre 1982","Mexique","1. Gardien","Alfredo Talavera","12"
"Ajaccio   ","France","59","20","28","13 juillet 1985","Mexique","1. Gardien","Guillermo Ochoa","13"
"Cruz Azul  ","Mexique","34","20","33","26 janvier 1981","Mexique","1. Gardien","Jose de Jesus Corona","1"
"Bayer Leverkusen  ","Allemagne","104","20","27","28 septembre 1986","Mexique","2. Defenseur","Andres Guardado","18"
"UANL   ","Mexique","122","20","34","2 avril 1980","Mexique","2. Defenseur","Carlos Salcido","3"
"Porto   ","Portugal","14","20","21","19 septembre 1992","Mexique","2. Defenseur","Diego Reyes","5"
"America   ","Mexique","95","20","32","20 octobre 1981","Mexique","2. Defenseur","Francisco Javier Rodriguez","2"
"Espanyol   ","Espagne","53","20","26","17 janvier 1988","Mexique","2. Defenseur","Hector Moreno","15"
"Toluca   ","Mexique","8","20","25","12 avril 1989","Mexique","2. Defenseur","Miguel Angel Ponce","16"
"America   ","Mexique","15","20","25","25 juin 1988","Mexique","2. Defenseur","Miguel Layun","7"
"America   ","Mexique","30","20","28","6 mars 1986","Mexique","2. Defenseur","Paul Aguilar","22"
"Leon   ","Mexique","120","20","35","13 février 1979","Mexique","2. Defenseur","Rafael Marquez (c)","4"
"Leon   ","Mexique","16","20","24","29 mars 1990","Mexique","3. Milieu","Carlos Pena","21"
"Porto   ","Portugal","13","20","24","19 avril 1990","Mexique","3. Milieu","Hector Herrera","6"
"Toluca   ","Mexique","7","20","23","28 août 1990","Mexique","3. Milieu","Isaac Brizuela","17"
"Villarreal   ","Espagne","22","20","24","11 février 1990","Mexique","3. Milieu","Javier Aquino","20"
"Leon   ","Mexique","5","20","26","14 mars 1988","Mexique","3. Milieu","Jose Juan Vazquez","23"
"Cruz Azul  ","Mexique","15","20","24","21 juillet 1989","Mexique","3. Milieu","Marco Fabian","8"
"UANL   ","Mexique","6","20","23","8 mars 1991","Mexique","4. Attaquant","Alan Pulido","11"
"Villarreal   ","Espagne","76","20","25","11 mai 1989","Mexique","4. Attaquant","Giovani dos Santos","10"
"Manchester United  ","Angleterre","62","20","26","1 juin 1988","Mexique","4. Attaquant","Javier Hernandez","14"
"Santos Laguna  ","Mexique","33","20","30","12 janvier 1984","Mexique","4. Attaquant","Oribe Peralta","19"
"America   ","Mexique","25","20","23","5 mai 1991","Mexique","4. Attaquant","Raul Jimenez","9"
"Adelaide United  ","Australie","8","62","32","12 juin 1981","Australie","1. Gardien","Eugene Galekovic","18"
"Club Brugge  ","Belgique","7","62","22","8 avril 1992","Australie","1. Gardien","Mathew Ryan","1"
"Borussia Dortmund  ","Allemagne","3","62","25","22 août 1988","Australie","1. Gardien","Mitchell Langerak","12"
"Jeonbuk Hyundai Motors ","Coree du Sud","3","62","29","13 août 1984","Australie","2. Defenseur","Alex Wilkinson","22"
"Preston North End ","Angleterre","0","62","21","28 juillet 1992","Australie","2. Defenseur","Bailey Wright","8"
"Brisbane Roar  ","Australie","9","62","26","10 septembre 1987","Australie","2. Defenseur","Ivan Franjic","2"
"Heracles Almelo  ","Pays-Bas","7","62","22","29 juin 1991","Australie","2. Defenseur","Jason Davidson","3"
"Western Sydney Wanderers ","Australie","18","62","25","27 juin 1988","Australie","2. Defenseur","Matthew Spiranovic","6"
"Shandong Luneng Taishan ","Chine","9","62","24","15 août 1989","Australie","2. Defenseur","Ryan McGowan","19"
"Fortuna Düsseldorf  ","Allemagne","2","62","21","14 juin 1992","Australie","3. Milieu","Ben Halloran","10"
"Sion   ","Suisse","23","62","27","8 avril 1987","Australie","3. Milieu","Dario Vidosic","20"
"Autriche Wien  ","Autriche","14","62","25","15 mai 1989","Australie","3. Milieu","James Holland","16"
"Atalanta   ","Italie","11","62","25","3 juillet 1988","Australie","3. Milieu","James Troisi","14"
"Al-Gharafa   ","Qatar","74","62","34","11 février 1980","Australie","3. Milieu","Mark Bresciano","23"
"Melbourne Victory  ","Australie","29","62","28","4 août 1985","Australie","3. Milieu","Mark Milligan","5"
"Swindon Town  ","Angleterre","1","62","21","25 septembre 1992","Australie","3. Milieu","Massimo Luongo","21"
"Brisbane Roar  ","Australie","47","62","31","11 janvier 1983","Australie","3. Milieu","Matt McKay","17"
"Crystal Palace  ","Angleterre","44","62","29","3 août 1984","Australie","3. Milieu","Mile Jedinak (c)","15"
"Luzern   ","Suisse","3","62","25","8 janvier 1989","Australie","3. Milieu","Oliver Bozanic","13"
"Utrecht   ","Pays-Bas","15","62","22","10 décembre 1991","Australie","3. Milieu","Tommy Oar","11"
"Newcastle Jets  ","Australie","5","62","21","2 juin 1993","Australie","4. Attaquant","Adam Taggart","9"
"FSV Frankfurt  ","Allemagne","8","62","23","4 février 1991","Australie","4. Attaquant","Mathew Leckie","7"
"New York Red Bulls","Etats-Unis","69","62","34","6 décembre 1979","Australie","4. Attaquant","Tim Cahill","4"
"Real Sociedad  ","Espagne","79","14","31","13 avril 1983","Chili","1. Gardien","Claudio Bravo (c)","1"
"Universidad Catolica  ","Chili","4","14","25","22 juin 1988","Chili","1. Gardien","Cristopher Toselli","12"
"Universidad de Chili ","Chili","8","14","33","9 mai 1981","Chili","1. Gardien","Johnny Herrera","23"
"Santos   ","Bresil","25","14","25","18 juillet 1988","Chili","2. Defenseur","Eugenio Mena","2"
"Cardiff City  ","Angleterre","61","14","26","3 août 1987","Chili","2. Defenseur","Gary Medel","17"
"Nottingham Forest  ","Angleterre","65","14","28","29 août 1985","Chili","2. Defenseur","Gonzalo Jara","18"
"Universidad de Chili ","Chili","19","14","31","3 juin 1983","Chili","2. Defenseur","Jose Rojas","13"
"Malmö FF  ","Suede","2","14","23","3 novembre 1990","Chili","2. Defenseur","Miiko Albornoz","3"
"Juventus   ","Italie","54","14","27","22 mai 1987","Chili","3. Milieu","Arturo Vidal","8"
"Atalanta   ","Italie","44","14","27","21 février 1987","Chili","3. Milieu","Carlos Carmona","6"
"Internacional   ","Bresil","21","14","25","17 avril 1989","Chili","3. Milieu","Charles Aranguiz","20"
"Celta Vigo  ","Espagne","26","14","28","27 janvier 1986","Chili","3. Milieu","Fabian Orellana","14"
"Twente   ","Pays-Bas","18","14","23","8 octobre 1990","Chili","3. Milieu","Felipe Gutierrez","16"
"Osasuna   ","Espagne","12","14","28","11 février 1986","Chili","3. Milieu","Francisco Silva","5"
"Wigan Athletic  ","Angleterre","59","14","30","3 juin 1984","Chili","3. Milieu","Jean Beausejour","15"
"Palmeiras   ","Bresil","57","14","30","3 octobre 1983","Chili","3. Milieu","Jorge Valdivia","10"
"Colo-Colo   ","Chili","23","14","29","22 février 1985","Chili","3. Milieu","Jose Pedro Fuenzalida","19"
"Basel   ","Suisse","21","14","27","30 décembre 1986","Chili","3. Milieu","Marcelo Diaz","21"
"Juventus   ","Italie","47","14","25","12 juin 1988","Chili","3. Milieu","Mauricio Isla","4"
"Barcelona   ","Espagne","67","14","25","19 décembre 1988","Chili","4. Attaquant","Alexis Sanchez","7"
"Valencia   ","Espagne","30","14","24","20 novembre 1989","Chili","4. Attaquant","Eduardo Vargas","11"
"Colo-Colo   ","Chili","35","14","33","1 août 1980","Chili","4. Attaquant","Esteban Paredes","22"
"Cagliari   ","Italie","27","14","30","4 février 1984","Chili","4. Attaquant","Mauricio Pinilla","9"
"Manchester United  ","Angleterre","1","1","23","7 novembre 1990","Espagne","1. Gardien","David de Gea","12"
"Real Madrid  ","Espagne","154","1","33","20 mai 1981","Espagne","1. Gardien","Iker Casillas (c)","1"
"Napoli   ","Italie","32","1","31","31 août 1982","Espagne","1. Gardien","Pepe Reina","23"
"Chelsea   ","Angleterre","6","1","24","28 août 1989","Espagne","2. Defenseur","Cesar Azpilicueta","22"
"Barcelona   ","Espagne","60","1","27","2 février 1987","Espagne","2. Defenseur","Gerard Pique","3"
"Barcelona   ","Espagne","26","1","25","21 mars 1989","Espagne","2. Defenseur","Jordi Alba","18"
"Atletico Madrid  ","Espagne","8","1","29","9 janvier 1985","Espagne","2. Defenseur","Juanfran","5"
"Napoli   ","Italie","46","1","28","4 septembre 1985","Espagne","2. Defenseur","Raul Albiol","2"
"Real Madrid  ","Espagne","117","1","28","30 mars 1986","Espagne","2. Defenseur","Sergio Ramos","15"
"Barcelona   ","Espagne","97","1","30","11 mai 1984","Espagne","3. Milieu","Andres Iniesta","6"
"Barcelona   ","Espagne","89","1","27","4 mai 1987","Espagne","3. Milieu","Cesc Fabregas","10"
"Manchester City  ","Angleterre","80","1","28","8 janvier 1986","Espagne","3. Milieu","David Silva","21"
"Bayern Munich  ","Allemagne","17","1","25","2 septembre 1988","Espagne","3. Milieu","Javi Martinez","4"
"Manchester United  ","Angleterre","33","1","26","28 avril 1988","Espagne","3. Milieu","Juan Mata","13"
"Atletico Madrid  ","Espagne","8","1","22","8 janvier 1992","Espagne","3. Milieu","Koke","17"
"Arsenal   ","Angleterre","64","1","29","13 décembre 1984","Espagne","3. Milieu","Santi Cazorla","20"
"Barcelona   ","Espagne","65","1","25","16 juillet 1988","Espagne","3. Milieu","Sergio Busquets","16"
"Real Madrid  ","Espagne","111","1","32","25 novembre 1981","Espagne","3. Milieu","Xabi Alonso","14"
"Barcelona   ","Espagne","132","1","34","25 janvier 1980","Espagne","3. Milieu","Xavi","8"
"Atletico Madrid  ","Espagne","96","1","32","3 décembre 1981","Espagne","4. Attaquant","David Villa","7"
"Atletico Madrid  ","Espagne","2","1","25","7 octobre 1988","Espagne","4. Attaquant","Diego Costa","19"
"Chelsea   ","Angleterre","107","1","30","20 mars 1984","Espagne","4. Attaquant","Fernando Torres","9"
"Barcelona   ","Espagne","40","1","26","28 juillet 1987","Espagne","4. Attaquant","Pedro","11"
"Ajax   ","Pays-Bas","8","15","25","22 avril 1989","Pays-Bas","1. Gardien","Jasper Cillessen","1"
"Swansea City  ","Angleterre","14","15","30","3 octobre 1983","Pays-Bas","1. Gardien","Michel Vorm","22"
"Newcastle United  ","Angleterre","5","15","26","3 avril 1988","Pays-Bas","1. Gardien","Tim Krul","23"
"Feyenoord   ","Pays-Bas","16","15","22","8 février 1992","Pays-Bas","2. Defenseur","Bruno Martins Indi","4"
"Ajax   ","Pays-Bas","12","15","24","9 mars 1990","Pays-Bas","2. Defenseur","Daley Blind","5"
"Feyenoord   ","Pays-Bas","16","15","24","22 juillet 1989","Pays-Bas","2. Defenseur","Daryl Janmaat","7"
"Ajax   ","Pays-Bas","2","15","22","15 janvier 1992","Pays-Bas","2. Defenseur","Joel Veltman","13"
"Augsburg   ","Allemagne","2","15","30","1 septembre 1983","Pays-Bas","2. Defenseur","Paul Verhaegh","12"
"Aston Villa  ","Angleterre","24","15","29","16 février 1985","Pays-Bas","2. Defenseur","Ron Vlaar","2"
"Feyenoord   ","Pays-Bas","12","15","22","5 février 1992","Pays-Bas","2. Defenseur","Stefan de Vrij","3"
"Feyenoord   ","Pays-Bas","1","15","20","14 février 1994","Pays-Bas","2. Defenseur","Terence Kongolo","14"
"Bayern Munich  ","Allemagne","75","15","30","23 janvier 1984","Pays-Bas","3. Milieu","Arjen Robben","11"
"PSV   ","Pays-Bas","5","15","23","11 novembre 1990","Pays-Bas","3. Milieu","Georginio Wijnaldum","20"
"Swansea City  ","Angleterre","10","15","26","13 septembre 1987","Pays-Bas","3. Milieu","Jonathan de Guzman","6"
"Feyenoord   ","Pays-Bas","8","15","22","27 juin 1991","Pays-Bas","3. Milieu","Jordy Clasie","16"
"Norwich City  ","Angleterre","6","15","24","5 janvier 1990","Pays-Bas","3. Milieu","Leroy Fer","18"
"PSV   ","Pays-Bas","6","15","20","13 février 1994","Pays-Bas","3. Milieu","Memphis Depay","21"
"Milan   ","Italie","71","15","29","13 novembre 1984","Pays-Bas","3. Milieu","Nigel de Jong","8"
"Galatasaray   ","Turquie","99","15","29","9 juin 1984","Pays-Bas","3. Milieu","Wesley Sneijder","10"
"Fenerbahce   ","Turquie","98","15","33","22 juillet 1980","Pays-Bas","4. Attaquant","Dirk Kuyt","15"
"Dynamo Kyiv  ","Ukraine","22","15","26","24 novembre 1987","Pays-Bas","4. Attaquant","Jeremain Lens","17"
"Schalke 4  ","Allemagne","62","15","30","12 août 1983","Pays-Bas","4. Attaquant","Klaas-Jan Huntelaar","19"
"Manchester United  ","Angleterre","85","15","30","6 août 1983","Pays-Bas","4. Attaquant","Robin van Persie (c)","9"
"Santa Fe  ","Colombie","0","8","24","1 septembre 1989","Colombie","1. Gardien","Camilo Vargas","12"
"Nice   ","France","44","8","25","31 août 1988","Colombie","1. Gardien","David Ospina","1"
"Deportivo Cali  ","Colombie","50","8","42","21 juin 1971","Colombie","1. Gardien","Faryd Mondragon","22"
"San Lorenzo  ","Argentine","14","8","29","22 mai 1985","Colombie","2. Defenseur","Carlos Valdes","23"
"Milan   ","Italie","24","8","27","30 septembre 1986","Colombie","2. Defenseur","Cristian Zapata","2"
"River Plate  ","Argentine","3","8","21","28 février 1993","Colombie","2. Defenseur","Eder Alvarez Balanta","16"
"Napoli   ","Italie","50","8","28","14 décembre 1985","Colombie","2. Defenseur","Juan Camilo Zuniga","18"
"Atalanta   ","Italie","98","8","38","13 janvier 1976","Colombie","2. Defenseur","Mario Yepes (c)","3"
"West Ham United ","Angleterre","53","8","27","2 novembre 1986","Colombie","2. Defenseur","Pablo Armero","7"
"PSV   ","Pays-Bas","6","8","22","13 janvier 1992","Colombie","2. Defenseur","Santiago Arias","4"
"Toulouse   ","France","49","8","29","6 janvier 1985","Colombie","3. Milieu","Abel Aguilar","8"
"River Plate  ","Argentine","1","8","23","25 juillet 1990","Colombie","3. Milieu","Carlos Carbonero","5"
"Atletico Nacional  ","Colombie","8","8","25","7 septembre 1988","Colombie","3. Milieu","Alexander Mejia","15"
"Elche   ","Espagne","44","8","28","6 février 1986","Colombie","3. Milieu","Carlos Sanchez","6"
"Internazionale   ","Italie","49","8","27","30 juin 1986","Colombie","3. Milieu","Fredy Guarin","13"
"Monaco   ","France","22","8","22","12 juillet 1991","Colombie","3. Milieu","James Rodriguez","10"
"Porto   ","Portugal","4","8","21","18 janvier 1993","Colombie","3. Milieu","Juan Fernando Quintero","20"
"Fiorentina   ","Italie","28","8","26","26 mai 1988","Colombie","3. Milieu","Juan Guillermo Cuadrado","11"
"Cagliari   ","Italie","9","8","24","19 mai 1990","Colombie","3. Milieu","Victor Ibarbo","14"
"Hertha BSC  ","Allemagne","26","8","28","22 janvier 1986","Colombie","4. Attaquant","Adrian Ramos","19"
"Sevilla   ","Espagne","11","8","27","8 septembre 1986","Colombie","4. Attaquant","Carlos Bacca","17"
"Porto   ","Portugal","27","8","27","3 octobre 1986","Colombie","4. Attaquant","Jackson Martinez","21"
"River Plate  ","Argentine","30","8","29","28 mai 1985","Colombie","4. Attaquant","Teofilo Gutierrez","9"
"Lokeren   ","Belgique","79","23","34","30 décembre 1979","Cote d'Ivoire","1. Gardien","Boubacar Barry","1"
"Stabæk   ","Norvege","1","23","21","5 juin 1993","Cote d'Ivoire","1. Gardien","Sayouba Mande","23"
"Sewe Sport  ","Cote d'Ivoire","1","23","25","29 octobre 1988","Cote d'Ivoire","1. Gardien","Sylvain Gbohouo","16"
"VfB Stuttgart  ","Allemagne","79","23","31","2 avril 1983","Cote d'Ivoire","2. Defenseur","Arthur Boka","3"
"Eintracht Frankfurt  ","Allemagne","4","23","27","17 octobre 1986","Cote d'Ivoire","2. Defenseur","Constant Djakpa","18"
"Trabzonspor   ","Turquie","119","23","33","14 décembre 1980","Cote d'Ivoire","2. Defenseur","Didier Zokora","5"
"Toulouse   ","France","1","23","21","11 octobre 1992","Cote d'Ivoire","2. Defenseur","Jean-Daniel Akpa-Akpro","7"
"Liverpool   ","Angleterre","106","23","33","19 mars 1981","Cote d'Ivoire","2. Defenseur","Kolo Toure","4"
"caykur Rizespor  ","Turquie","3","23","27","21 décembre 1986","Cote d'Ivoire","2. Defenseur","Ousmane Viera","2"
"Toulouse   ","France","8","23","21","24 décembre 1992","Cote d'Ivoire","2. Defenseur","Serge Aurier","17"
"Trabzonspor   ","Turquie","43","23","29","13 janvier 1985","Cote d'Ivoire","2. Defenseur","Sol Bamba","22"
"Newcastle United  ","Angleterre","44","23","27","21 juin 1986","Cote d'Ivoire","3. Milieu","Cheick Tiote","9"
"Hannover 96  ","Allemagne","25","23","30","25 février 1984","Cote d'Ivoire","3. Milieu","Didier Ya Konan","13"
"Saint-etienne   ","France","1","23","21","28 août 1992","Cote d'Ivoire","3. Milieu","Ismael Diomande","14"
"Basel   ","Suisse","6","23","29","7 novembre 1984","Cote d'Ivoire","3. Milieu","Serey Die","20"
"Manchester City  ","Angleterre","83","23","31","13 mai 1983","Cote d'Ivoire","3. Milieu","Yaya Toure","19"
"Galatasaray   ","Turquie","100","23","36","11 mars 1978","Cote d'Ivoire","4. Attaquant","Didier Drogba (c)","11"
"Roma   ","Italie","53","23","27","27 mai 1987","Cote d'Ivoire","4. Attaquant","Gervinho","10"
"Basel   ","Suisse","7","23","25","31 mars 1989","Cote d'Ivoire","4. Attaquant","Giovanni Sio","21"
"Fortuna Düsseldorf  ","Allemagne","3","23","23","14 novembre 1990","Cote d'Ivoire","4. Attaquant","Mathis Bolly","6"
"Saint-etienne   ","France","25","23","26","30 novembre 1987","Cote d'Ivoire","4. Attaquant","Max Gradel","15"
"Lille   ","France","64","23","28","5 août 1985","Cote d'Ivoire","4. Attaquant","Salomon Kalou","8"
"Swansea City  ","Angleterre","24","23","25","10 décembre 1988","Cote d'Ivoire","4. Attaquant","Wilfried Bony","12"
"Granada   ","Espagne","19","12","28","11 juillet 1985","Grece","1. Gardien","Orestis Karnezis","1"
"PAOK   ","Grece","2","12","28","3 juin 1986","Grece","1. Gardien","Panagiotis Glykos","12"
"Panathinaikos   ","Grece","2","12","20","18 mars 1994","Grece","1. Gardien","Stefanos Kapino","13"
"Olympiacos   ","Grece","30","12","27","12 octobre 1986","Grece","3. Milieu","Giannis Maniatis","2"
"PAOK   ","Grece","13","12","26","26 novembre 1987","Grece","2. Defenseur","Giorgos Tzavellas","3"
"Olympiacos   ","Grece","22","12","29","27 juin 1984","Grece","2. Defenseur","Jose Holebas","20"
"Olympiacos   ","Grece","9","12","22","14 juin 1991","Grece","2. Defenseur","Kostas Manolas","4"
"Levante   ","Espagne","50","12","33","5 février 1981","Grece","2. Defenseur","Loukas Vyntra","11"
"Borussia Dortmund  ","Allemagne","47","12","25","9 juin 1988","Grece","2. Defenseur","Sokratis Papastathopoulos","19"
"Verona   ","Italie","19","12","32","26 août 1981","Grece","2. Defenseur","Vangelis Moras","5"
"Roma   ","Italie","66","12","28","10 juin 1985","Grece","2. Defenseur","Vasilis Torosidis","15"
"Kayserispor   ","Turquie","49","12","29","13 février 1985","Grece","3. Milieu","Alexandros Tziolis","6"
"Olympiacos   ","Grece","4","12","24","13 juin 1989","Grece","3. Milieu","Andreas Samaris","22"
"Genoa   ","Italie","19","12","23","21 décembre 1990","Grece","3. Milieu","Giannis Fetfatzidis","18"
"Fulham   ","Angleterre","135","12","37","6 mars 1977","Grece","3. Milieu","Giorgos Karagounis (c)","10"
"PAOK   ","Grece","111","12","34","21 juin 1979","Grece","3. Milieu","Kostas Katsouranis","21"
"Bologna   ","Italie","19","12","27","19 décembre 1986","Grece","3. Milieu","Lazaros Christodoulopoulos","16"
"Bologna   ","Italie","16","12","26","26 juillet 1987","Grece","3. Milieu","Panagiotis Kone","8"
"Torino   ","Italie","6","12","23","15 février 1991","Grece","3. Milieu","Panagiotis Tachtsidis","23"
"PAOK   ","Grece","76","12","32","18 août 1981","Grece","4. Attaquant","Dimitris Salpingidis","14"
"Celtic   ","Ecosse","74","12","29","21 février 1985","Grece","4. Attaquant","Giorgos Samaras","7"
"Fulham   ","Angleterre","32","12","26","12 mars 1988","Grece","4. Attaquant","Kostas Mitroglou","9"
"Konyaspor   ","Turquie","72","12","34","23 mai 1980","Grece","4. Attaquant","Theofanis Gekas","17"
"Standard Liege  ","Belgique","56","46","31","20 mars 1983","Japon","1. Gardien","Eiji Kawashima","1"
"F.C. Tokyo  ","Japon","2","46","25","3 mars 1989","Japon","1. Gardien","Shūichi Gonda","23"
"Urawa Red Diamonds ","Japon","12","46","27","18 juin 1986","Japon","1. Gardien","Shusaku Nishikawa","12"
"Schalke 4  ","Allemagne","67","46","26","27 mars 1988","Japon","2. Defenseur","Atsuto Uchida","2"
"VfB Stuttgart  ","Allemagne","12","46","23","14 février 1991","Japon","2. Defenseur","Gōtoku Sakai","3"
"Hannover 96  ","Allemagne","17","46","24","12 avril 1990","Japon","2. Defenseur","Hiroki Sakai","21"
"Jubilo Iwata  ","Japon","21","46","30","28 août 1983","Japon","2. Defenseur","Masahiko Inoha","19"
"F.C. Tokyo  ","Japon","9","46","27","21 mai 1987","Japon","2. Defenseur","Masato Morishige","6"
"Southampton   ","Angleterre","40","46","25","24 août 1988","Japon","2. Defenseur","Maya Yoshida","22"
"Gamba Osaka  ","Japon","80","46","31","25 janvier 1983","Japon","2. Defenseur","Yasuyuki Konno","15"
"Internazionale   ","Italie","69","46","27","12 septembre 1986","Japon","2. Defenseur","Yuto Nagatomo","5"
"1. FC Nürnberg ","Allemagne","25","46","24","12 novembre 1989","Japon","3. Milieu","Hiroshi Kiyotake","8"
"Cerezo Osaka  ","Japon","11","46","23","6 octobre 1990","Japon","3. Milieu","Hotaru Yamaguchi","16"
"Milan   ","Italie","55","46","27","13 juin 1986","Japon","3. Milieu","Keisuke Honda","4"
"1. FC Nürnberg ","Allemagne","78","46","30","18 janvier 1984","Japon","3. Milieu","Makoto Hasebe (c)","17"
"Manchester United  ","Angleterre","56","46","25","17 mars 1989","Japon","3. Milieu","Shinji Kagawa","10"
"Sanfrecce Hiroshima  ","Japon","5","46","28","22 février 1986","Japon","3. Milieu","Toshihiro Aoyama","14"
"Gamba Osaka  ","Japon","143","46","34","28 janvier 1980","Japon","3. Milieu","Yasuhito Endō","7"
"Yokohama F. Marinos ","Japon","4","46","24","4 avril 1990","Japon","4. Attaquant","Manabu Saitō","20"
"Mainz 5  ","Allemagne","75","46","28","16 avril 1986","Japon","4. Attaquant","Shinji Okazaki","9"
"Cerezo Osaka  ","Japon","11","46","24","3 janvier 1990","Japon","4. Attaquant","Yoichiro Kakitani","11"
"Kawasaki Frontale  ","Japon","56","46","31","9 juin 1982","Japon","4. Attaquant","Yoshito Ōkubo","13"
"1860 München  ","Allemagne","8","46","24","18 mai 1990","Japon","4. Attaquant","Yuya Osako","18"
"West Bromwich Albion ","Angleterre","6","10","31","3 mai 1983","Angleterre","1. Gardien","Ben Foster","13"
"Celtic   ","Ecosse","1","10","26","17 mars 1988","Angleterre","1. Gardien","Fraser Forster","22"
"Manchester City  ","Angleterre","40","10","27","19 mai 1987","Angleterre","1. Gardien","Joe Hart","1"
"Manchester United  ","Angleterre","11","10","24","22 novembre 1989","Angleterre","2. Defenseur","Chris Smalling","12"
"Chelsea   ","Angleterre","23","10","28","19 décembre 1985","Angleterre","2. Defenseur","Gary Cahill","5"
"Liverpool   ","Angleterre","51","10","29","23 août 1984","Angleterre","2. Defenseur","Glen Johnson","2"
"Everton   ","Angleterre","23","10","29","11 décembre 1984","Angleterre","2. Defenseur","Leighton Baines","3"
"Southampton   ","Angleterre","1","10","18","12 juillet 1995","Angleterre","2. Defenseur","Luke Shaw","23"
"Everton   ","Angleterre","25","10","31","17 août 1982","Angleterre","2. Defenseur","Phil Jagielka","6"
"Manchester United  ","Angleterre","9","10","22","21 février 1992","Angleterre","2. Defenseur","Phil Jones","16"
"Southampton   ","Angleterre","4","10","26","10 mai 1988","Angleterre","3. Milieu","Adam Lallana","20"
"Arsenal   ","Angleterre","14","10","20","15 août 1993","Angleterre","3. Milieu","Alex Oxlade-Chamberlain","15"
"Chelsea   ","Angleterre","103","10","35","20 juin 1978","Angleterre","3. Milieu","Frank Lampard","8"
"Arsenal   ","Angleterre","16","10","22","1 janvier 1992","Angleterre","3. Milieu","Jack Wilshere","7"
"Manchester City  ","Angleterre","46","10","28","4 janvier 1986","Angleterre","3. Milieu","James Milner","17"
"Liverpool   ","Angleterre","9","10","23","17 juin 1990","Angleterre","3. Milieu","Jordan Henderson","14"
"Liverpool   ","Angleterre","3","10","19","8 décembre 1994","Angleterre","3. Milieu","Raheem Sterling","19"
"Everton   ","Angleterre","4","10","20","5 décembre 1993","Angleterre","3. Milieu","Ross Barkley","21"
"Liverpool   ","Angleterre","110","10","34","30 mai 1980","Angleterre","3. Milieu","Steven Gerrard (c)","4"
"Liverpool   ","Angleterre","11","10","24","1 septembre 1989","Angleterre","4. Attaquant","Daniel Sturridge","9"
"Manchester United  ","Angleterre","22","10","23","26 novembre 1990","Angleterre","4. Attaquant","Danny Welbeck","11"
"Southampton   ","Angleterre","4","10","32","16 février 1982","Angleterre","4. Attaquant","Rickie Lambert","18"
"Manchester United  ","Angleterre","90","10","28","24 octobre 1985","Angleterre","4. Attaquant","Wayne Rooney","10"
"Herediano   ","Costa Rica","2","28","28","8 janvier 1986","Costa Rica","1. Gardien","Daniel Cambronero","23"
"Levante   ","Espagne","53","28","27","15 décembre 1986","Costa Rica","1. Gardien","Keylor Navas","1"
"Alajuelense   ","Costa Rica","21","28","32","24 avril 1982","Costa Rica","1. Gardien","Patrick Pemberton","18"
"Rosenborg   ","Norvege","24","28","24","24 octobre 1989","Costa Rica","2. Defenseur","Cristian Gamboa","16"
"Columbus Crew  ","Etats-Unis","34","28","26","8 février 1988","Costa Rica","2. Defenseur","Giancarlo Gonzalez","3"
"Saprissa   ","Costa Rica","22","28","29","20 juin 1984","Costa Rica","2. Defenseur","Heiner Mora","8"
"Alajuelense   ","Costa Rica","27","28","30","21 juillet 1983","Costa Rica","2. Defenseur","Johnny Acosta","2"
"Mainz 5  ","Allemagne","58","28","30","12 septembre 1983","Costa Rica","2. Defenseur","Junior Diaz","15"
"Saprissa   ","Costa Rica","79","28","31","16 juillet 1982","Costa Rica","2. Defenseur","Michael Umana","4"
"Club Brugge  ","Belgique","11","28","25","3 juin 1989","Costa Rica","2. Defenseur","Oscar Duarte","6"
"New York Red Bulls","Etats-Unis","47","28","29","24 novembre 1984","Costa Rica","2. Defenseur","Roy Miller","19"
"Columbus Crew  ","Etats-Unis","1","28","23","20 septembre 1990","Costa Rica","2. Defenseur","Waylon Francis","12"
"AIK   ","Suede","63","28","26","27 mai 1988","Costa Rica","3. Milieu","Celso Borges","5"
"Copenhagen   ","Danemark","55","28","30","17 mai 1984","Costa Rica","3. Milieu","Christian Bolanos","7"
"Vålerenga   ","Norvege","10","28","23","25 mars 1991","Costa Rica","3. Milieu","Diego Calvo","20"
"Herediano   ","Costa Rica","11","28","28","25 octobre 1985","Costa Rica","3. Milieu","Esteban Granados","13"
"Herediano   ","Costa Rica","36","28","27","14 février 1987","Costa Rica","3. Milieu","Jose Miguel Cubero","22"
"Aalesund   ","Norvege","51","28","30","4 octobre 1983","Costa Rica","3. Milieu","Michael Barrantes","11"
"Saprissa   ","Costa Rica","22","28","22","17 mars 1992","Costa Rica","3. Milieu","Yeltsin Tejeda","17"
"PSV   ","Pays-Bas","62","28","28","18 août 1985","Costa Rica","4. Attaquant","Bryan Ruiz (c)","10"
"Olympiacos   ","Grece","33","28","21","26 juin 1992","Costa Rica","4. Attaquant","Joel Campbell","9"
"Kuban Krasnodar  ","Russie","25","28","24","5 mars 1990","Costa Rica","4. Attaquant","Marco Urena","21"
"Cartagines   ","Costa Rica","37","28","30","13 août 1983","Costa Rica","4. Attaquant","Randall Brenes","14"
"Juventus   ","Italie","139","9","36","28 janvier 1978","Italie","1. Gardien","Gianluigi Buffon (c)","1"
"Genoa   ","Italie","0","9","21","10 novembre 1992","Italie","1. Gardien","Mattia Perin","13"
"Paris Saint-Germain  ","France","8","9","27","12 janvier 1987","Italie","1. Gardien","Salvatore Sirigu","12"
"Juventus   ","Italie","47","9","33","8 mai 1981","Italie","2. Defenseur","Andrea Barzagli","15"
"Parma   ","Italie","2","9","28","15 février 1986","Italie","2. Defenseur","Gabriel Paletta","20"
"Juventus   ","Italie","67","9","29","14 août 1984","Italie","2. Defenseur","Giorgio Chiellini","3"
"Milan   ","Italie","19","9","27","12 novembre 1986","Italie","2. Defenseur","Ignazio Abate","7"
"Juventus   ","Italie","36","9","27","1 mai 1987","Italie","2. Defenseur","Leonardo Bonucci","19"
"Torino   ","Italie","1","9","24","2 décembre 1989","Italie","2. Defenseur","Matteo Darmian","4"
"Milan   ","Italie","10","9","21","20 octobre 1992","Italie","2. Defenseur","Mattia De Sciglio","2"
"Fiorentina   ","Italie","34","9","29","7 juillet 1984","Italie","3. Milieu","Alberto Aquilani","14"
"Juventus   ","Italie","108","9","35","19 mai 1979","Italie","3. Milieu","Andrea Pirlo","21"
"Lazio   ","Italie","19","9","27","28 février 1987","Italie","3. Milieu","Antonio Candreva","6"
"Juventus   ","Italie","43","9","28","19 janvier 1986","Italie","3. Milieu","Claudio Marchisio","8"
"Roma   ","Italie","94","9","30","24 juillet 1983","Italie","3. Milieu","Daniele De Rossi","16"
"Parma   ","Italie","3","9","29","25 janvier 1985","Italie","3. Milieu","Marco Parolo","18"
"Paris Saint-Germain  ","France","5","9","21","5 novembre 1992","Italie","3. Milieu","Marco Verratti","23"
"Paris Saint-Germain  ","France","20","9","31","28 août 1982","Italie","3. Milieu","Thiago Motta","5"
"Torino   ","Italie","11","9","26","23 juillet 1987","Italie","4. Attaquant","Alessio Cerci","11"
"Parma   ","Italie","36","9","31","12 juillet 1982","Italie","4. Attaquant","Antonio Cassano","10"
"Torino   ","Italie","2","9","24","20 février 1990","Italie","4. Attaquant","Ciro Immobile","17"
"Napoli   ","Italie","4","9","23","4 juin 1991","Italie","4. Attaquant","Lorenzo Insigne","22"
"Milan   ","Italie","29","9","23","12 août 1990","Italie","4. Attaquant","Mario Balotelli","9"
"Galatasaray   ","Turquie","57","7","27","16 juin 1986","Uruguay","1. Gardien","Fernando Muslera","1"
"Vasco da Gama ","Bresil","4","7","31","25 mars 1983","Uruguay","1. Gardien","Martin Silva","23"
"Libertad   ","Paraguay","0","7","32","22 janvier 1982","Uruguay","1. Gardien","Rodrigo Munoz","12"
"Atletico Madrid  ","Espagne","76","7","28","16 février 1986","Uruguay","2. Defenseur","Diego Godin","3"
"West Bromwich Albion ","Angleterre","93","7","33","2 novembre 1980","Uruguay","2. Defenseur","Diego Lugano (c)","2"
"Porto   ","Portugal","41","7","29","19 novembre 1984","Uruguay","2. Defenseur","Jorge Fucile","13"
"Atletico Madrid  ","Espagne","5","7","19","20 janvier 1995","Uruguay","2. Defenseur","Jose Maria Gimenez","19"
"Juventus   ","Italie","56","7","27","7 avril 1987","Uruguay","2. Defenseur","Martin Caceres","22"
"Benfica   ","Portugal","89","7","29","8 juin 1984","Uruguay","2. Defenseur","Maxi Pereira","16"
"Nacional   ","Uruguay","14","7","23","7 octobre 1990","Uruguay","2. Defenseur","Sebastian Coates","4"
"Lazio   ","Italie","42","7","29","29 octobre 1984","Uruguay","3. Milieu","alvaro Gonzalez","20"
"São Paulo  ","Bresil","56","7","28","28 novembre 1985","Uruguay","3. Milieu","alvaro Pereira","6"
"Atletico Madrid  ","Espagne","72","7","28","30 septembre 1985","Uruguay","3. Milieu","Cristian Rodriguez","7"
"Bologna   ","Italie","89","7","34","18 mai 1980","Uruguay","3. Milieu","Diego Perez","15"
"Morelia   ","Mexique","54","7","32","1 janvier 1982","Uruguay","3. Milieu","Egidio Arevalo Rios","17"
"Southampton   ","Angleterre","28","7","23","2 décembre 1990","Uruguay","3. Milieu","Gaston Ramirez","18"
"Botafogo   ","Bresil","26","7","25","21 mars 1989","Uruguay","3. Milieu","Nicolas Lodeiro","14"
"Parma   ","Italie","62","7","29","23 juillet 1984","Uruguay","3. Milieu","Walter Gargano","5"
"Palermo   ","Italie","12","7","23","8 août 1990","Uruguay","4. Attaquant","Abel Hernandez","8"
"Espanyol   ","Espagne","9","7","27","12 octobre 1986","Uruguay","4. Attaquant","Christian Stuani","11"
"Cerezo Osaka  ","Japon","109","7","35","19 mai 1979","Uruguay","4. Attaquant","Diego Forlan","10"
"Paris Saint-Germain  ","France","61","7","27","14 février 1987","Uruguay","4. Attaquant","Edinson Cavani","21"
"Liverpool   ","Angleterre","77","7","27","24 janvier 1987","Uruguay","4. Attaquant","Luis Suarez","9"
"El Nacional  ","Equateur","3","26","25","8 septembre 1988","Equateur","1. Gardien","Adrian Bone","12"
"LDU Quito  ","Equateur","18","26","27","5 juin 1987","Equateur","1. Gardien","Alexander Dominguez","22"
"Barcelona   ","Equateur","24","26","28","16 décembre 1985","Equateur","1. Gardien","Maximo Banguera","1"
"Flamengo   ","Bresil","36","26","26","5 mai 1988","Equateur","2. Defenseur","Frickson Erazo","3"
"Emelec   ","Equateur","22","26","29","24 mars 1985","Equateur","2. Defenseur","Gabriel Achilier","21"
"Emelec   ","Equateur","58","26","32","28 septembre 1981","Equateur","2. Defenseur","Jorge Guagua","2"
"Barcelona   ","Equateur","37","26","26","8 juillet 1987","Equateur","2. Defenseur","Juan Carlos Paredes","4"
"Emelec   ","Equateur","21","26","31","10 décembre 1982","Equateur","2. Defenseur","oscar Bagüi","18"
"Pachuca   ","Mexique","89","26","34","11 août 1979","Equateur","2. Defenseur","Walter Ayovi","10"
"Manchester United  ","Angleterre","70","26","28","4 août 1985","Equateur","3. Milieu","Antonio Valencia (c)","16"
"VfB Stuttgart  ","Allemagne","2","26","19","19 avril 1995","Equateur","3. Milieu","Carlos Gruezo","23"
"Dynamo Moscow  ","Russie","41","26","29","9 avril 1985","Equateur","3. Milieu","Christian Noboa","6"
"Santa Fe  ","Colombie","109","26","35","15 mars 1979","Equateur","3. Milieu","Edison Mendez","8"
"Tijuana   ","Mexique","8","26","24","15 février 1990","Equateur","3. Milieu","Fidel Martinez","20"
"Morelia   ","Mexique","39","26","24","1 septembre 1989","Equateur","3. Milieu","Jefferson Montero","7"
"Cruz Azul  ","Mexique","29","26","24","14 juin 1989","Equateur","3. Milieu","Joao Rojas","9"
"Barcelona   ","Equateur","48","26","30","20 octobre 1983","Equateur","3. Milieu","Luis Saritama","19"
"Atlante   ","Mexique","20","26","27","23 avril 1987","Equateur","3. Milieu","Michael Arroyo","15"
"Vitesse   ","Pays-Bas","17","26","23","20 janvier 1991","Equateur","3. Milieu","Renato Ibarra","5"
"Al-Hilal   ","Arabie Saoudite","81","26","32","15 mai 1982","Equateur","3. Milieu","Segundo Castillo","14"
"Pachuca   ","Mexique","9","26","25","11 avril 1989","Equateur","4. Attaquant","Enner Valencia","13"
"Al-Jazira   ","EAU","49","26","25","5 septembre 1988","Equateur","4. Attaquant","Felipe Caicedo","11"
"Tijuana   ","Mexique","30","26","26","21 février 1988","Equateur","4. Attaquant","Jaime Ayovi","17"
"Tottenham Hotspur  ","Angleterre","56","17","27","26 décembre 1986","France","1. Gardien","Hugo Lloris (c)","1"
"Bastia   ","France","11","17","35","14 mai 1979","France","1. Gardien","Mickael Landreau","23"
"Saint-etienne   ","France","2","17","27","27 septembre 1986","France","1. Gardien","Stephane Ruffier","16"
"Arsenal   ","Angleterre","40","17","31","14 février 1983","France","2. Defenseur","Bacary Sagna","15"
"Porto   ","Portugal","3","17","23","13 février 1991","France","2. Defenseur","Eliaquim Mangala","13"
"Arsenal   ","Angleterre","17","17","28","10 septembre 1985","France","2. Defenseur","Laurent Koscielny","21"
"Paris Saint-Germain  ","France","2","17","20","20 juillet 1993","France","2. Defenseur","Lucas Digne","17"
"Liverpool   ","Angleterre","18","17","24","13 février 1990","France","2. Defenseur","Mamadou Sakho","5"
"Newcastle United  ","Angleterre","20","17","28","28 juillet 1985","France","2. Defenseur","Mathieu Debuchy","2"
"Manchester United  ","Angleterre","57","17","33","15 mai 1981","France","2. Defenseur","Patrice Evra","3"
"Real Madrid  ","Espagne","5","17","21","25 avril 1993","France","2. Defenseur","Raphael Varane","4"
"Real Sociedad  ","Espagne","3","17","23","21 mars 1991","France","3. Milieu","Antoine Griezmann","11"
"Paris Saint-Germain  ","France","22","17","27","9 avril 1987","France","3. Milieu","Blaise Matuidi","14"
"Southampton   ","Angleterre","1","17","24","8 novembre 1989","France","3. Milieu","Morgan Schneiderlin","22"
"Montpellier","France","1","17","24","8 mars 1990","France","3. Milieu","Remy Cabella","7"
"Marseille   ","France","33","17","29","28 septembre 1984","France","3. Milieu","Mathieu Valbuena","8"
"Newcastle United  ","Angleterre","16","17","24","16 août 1989","France","3. Milieu","Moussa Sissoko","18"
"Juventus   ","Italie","10","17","21","15 mars 1993","France","3. Milieu","Paul Pogba","19"
"Lille   ","France","11","17","30","8 mars 1984","France","3. Milieu","Rio Mavuba","12"
"Paris Saint-Germain  ","France","29","17","28","14 janvier 1986","France","3. Milieu","Yohan Cabaye","6"
"Real Madrid  ","Espagne","65","17","26","19 décembre 1987","France","4. Attaquant","Karim Benzema","10"
"Newcastle United  ","Angleterre","24","17","27","2 janvier 1987","France","4. Attaquant","Loec Remy","20"
"Arsenal   ","Angleterre","29","17","27","30 septembre 1986","France","4. Attaquant","Olivier Giroud","9"
"Olimpia   ","Honduras","26","33","34","3 février 1980","Honduras","1. Gardien","Donis Escober","22"
"Real Espana  ","Honduras","0","33","20","13 septembre 1993","Honduras","1. Gardien","Luis Lopez","1"
"Olimpia   ","Honduras","121","33","37","3 mai 1977","Honduras","1. Gardien","Noel Valladares (c)","18"
"Olimpia   ","Honduras","22","33","28","28 novembre 1985","Honduras","2. Defenseur","Brayan Beckeles","23"
"Celtic   ","Ecosse","67","33","28","10 mai 1986","Honduras","2. Defenseur","Emilio Izaguirre","7"
"Wigan Athletic  ","Angleterre","33","33","26","8 mars 1988","Honduras","2. Defenseur","Juan Carlos Garcia","6"
"Motagua   ","Honduras","11","33","28","26 octobre 1985","Honduras","2. Defenseur","Juan Pablo Montes","4"
"Hull City  ","Angleterre","104","33","31","2 mai 1983","Honduras","2. Defenseur","Maynor Figueroa","3"
"Qingdao Jonoon  ","Chine","54","33","29","29 juillet 1984","Honduras","2. Defenseur","Osman Chavez","2"
"San Jose Earthquakes ","Etats-Unis","77","33","32","24 mai 1982","Honduras","2. Defenseur","Victor Bernardez","5"
"Anderlecht   ","Belgique","16","33","21","16 mars 1993","Honduras","3. Milieu","Andy Najar","21"
"Real Espana  ","Honduras","25","33","27","20 novembre 1986","Honduras","3. Milieu","Edder Delgado","12"
"Motagua   ","Honduras","48","33","28","8 janvier 1986","Honduras","3. Milieu","Jorge Claros","20"
"Olimpia   ","Honduras","19","33","23","5 novembre 1990","Honduras","3. Milieu","Luis Garrido","19"
"Real Espana  ","Honduras","35","33","24","30 juillet 1989","Honduras","3. Milieu","Mario Martinez","10"
"Chivas USA  ","Etats-Unis","41","33","30","3 novembre 1983","Honduras","3. Milieu","Marvin Chavez","17"
"Houston Dynamo  ","Etats-Unis","92","33","29","4 septembre 1984","Honduras","3. Milieu","oscar Garcia","14"
"Wigan Athletic  ","Angleterre","41","33","27","25 octobre 1986","Honduras","3. Milieu","Roger Espinoza","15"
"Stoke City  ","Angleterre","94","33","29","29 juillet 1984","Honduras","3. Milieu","Wilson Palacios","8"
"Real Espana  ","Honduras","69","33","31","18 juillet 1982","Honduras","4. Attaquant","Carlo Costly","13"
"New Angleterre Revolution ","Etats-Unis","43","33","27","8 avril 1987","Honduras","4. Attaquant","Jerry Bengtson","11"
"Alajuelense   ","Costa Rica","23","33","32","1 novembre 1981","Honduras","4. Attaquant","Jerry Palacios","9"
"Real Sociedad  ","Honduras","12","33","25","16 octobre 1988","Honduras","4. Attaquant","Rony Martinez","16"
"VfL Wolfsburg  ","Allemagne","56","6","30","8 septembre 1983","Suisse","1. Gardien","Diego Benaglio","1"
"Grasshopper   ","Suisse","0","6","23","14 novembre 1990","Suisse","1. Gardien","Roman Bürki","21"
"Basel   ","Suisse","6","6","25","17 décembre 1988","Suisse","1. Gardien","Yann Sommer","12"
"Basel   ","Suisse","5","6","22","20 décembre 1991","Suisse","2. Defenseur","Fabian Schär","22"
"Hamburger SV  ","Allemagne","44","6","27","18 janvier 1987","Suisse","2. Defenseur","Johan Djourou","20"
"Grasshopper   ","Suisse","5","6","23","8 février 1991","Suisse","2. Defenseur","Michael Lang","6"
"Valencia   ","Espagne","53","6","29","14 février 1985","Suisse","2. Defenseur","Philippe Senderos","4"
"Sassuolo   ","Italie","35","6","28","16 janvier 1986","Suisse","2. Defenseur","Reto Ziegler","3"
"VfL Wolfsburg  ","Allemagne","20","6","21","25 août 1992","Suisse","2. Defenseur","Ricardo Rodriguez","13"
"Juventus   ","Italie","62","6","30","16 janvier 1984","Suisse","2. Defenseur","Stephan Lichtsteiner","2"
"Young Boys  ","Suisse","40","6","30","10 juin 1983","Suisse","2. Defenseur","Steve von Bergen","5"
"Napoli   ","Italie","33","6","28","12 avril 1986","Suisse","3. Milieu","Blerim Dzemaili","15"
"SC Freiburg  ","Allemagne","47","6","27","2 septembre 1986","Suisse","3. Milieu","Gelson Fernandes","16"
"Napoli   ","Italie","71","6","29","27 juin 1984","Suisse","3. Milieu","Gökhan Inler (c)","8"
"Borussia Mönchengladbach  ","Allemagne","25","6","21","27 septembre 1992","Suisse","3. Milieu","Granit Xhaka","10"
"Eintracht Frankfurt  ","Allemagne","73","6","29","22 mai 1985","Suisse","3. Milieu","Tranquillo Barnetta","7"
"Basel   ","Suisse","23","6","25","12 avril 1989","Suisse","3. Milieu","Valentin Stocker","14"
"Napoli   ","Italie","47","6","29","19 avril 1985","Suisse","3. Milieu","Valon Behrami","11"
"Bayern Munich  ","Allemagne","32","6","22","10 octobre 1991","Suisse","3. Milieu","Xherdan Shaqiri","23"
"SC Freiburg  ","Allemagne","20","6","23","16 mars 1991","Suisse","4. Attaquant","Admir Mehmedi","18"
"Real Sociedad  ","Espagne","10","6","22","22 février 1992","Suisse","4. Attaquant","Haris Seferovic","9"
"1. FC Nürnberg ","Allemagne","6","6","21","8 août 1992","Suisse","4. Attaquant","Josip Drmic","19"
"Zürich   ","Suisse","10","6","24","24 novembre 1989","Suisse","4. Attaquant","Mario Gavranovic","17"
"Boca Juniors  ","Argentine","3","5","32","26 juillet 1981","Argentine","1. Gardien","Agustin Orion","12"
"Catania   ","Italie","10","5","30","30 juillet 1983","Argentine","1. Gardien","Mariano Andujar","21"
"Monaco   ","France","45","5","27","22 février 1987","Argentine","1. Gardien","Sergio Romero","1"
"Benfica   ","Portugal","18","5","27","10 octobre 1986","Argentine","2. Defenseur","Ezequiel Garay","2"
"Napoli   ","Italie","24","5","25","21 février 1989","Argentine","2. Defenseur","Federico Fernandez","17"
"Internazionale   ","Italie","13","5","33","27 juin 1980","Argentine","2. Defenseur","Hugo Campagnaro","3"
"Monterrey   ","Mexique","8","5","30","3 avril 1984","Argentine","2. Defenseur","Jose Maria Basanta","23"
"Sporting   ","Portugal","20","5","24","20 mars 1990","Argentine","2. Defenseur","Marcos Rojo","16"
"Manchester City  ","Angleterre","37","5","33","20 décembre 1980","Argentine","2. Defenseur","Martin Demichelis","15"
"Manchester City  ","Angleterre","36","5","29","16 janvier 1985","Argentine","2. Defenseur","Pablo Zabaleta","4"
"Real Madrid  ","Espagne","45","5","26","14 février 1988","Argentine","3. Milieu","angel di Maria","7"
"Celta Vigo  ","Espagne","7","5","28","10 avril 1986","Argentine","3. Milieu","Augusto Fernandez","13"
"Benfica   ","Portugal","5","5","28","22 février 1986","Argentine","3. Milieu","Enzo Perez","8"
"Boca Juniors  ","Argentine","47","5","28","10 avril 1986","Argentine","3. Milieu","Fernando Gago","5"
"Barcelona   ","Espagne","96","5","29","8 juin 1984","Argentine","3. Milieu","Javier Mascherano","14"
"Lazio   ","Italie","16","5","28","30 janvier 1986","Argentine","3. Milieu","Lucas Biglia","6"
"Newell's Old Boys ","Argentine","53","5","33","2 janvier 1981","Argentine","3. Milieu","Maxi Rodriguez","11"
"Internazionale   ","Italie","5","5","26","12 avril 1988","Argentine","3. Milieu","Ricardo alvarez","19"
"Paris Saint-Germain  ","France","29","5","29","3 mai 1985","Argentine","4. Attaquant","Ezequiel Lavezzi","22"
"Napoli   ","Italie","36","5","26","10 décembre 1987","Argentine","4. Attaquant","Gonzalo Higuain","9"
"Barcelona   ","Espagne","84","5","26","24 juin 1987","Argentine","4. Attaquant","Lionel Messi (c)","10"
"Internazionale   ","Italie","15","5","32","5 février 1982","Argentine","4. Attaquant","Rodrigo Palacio","18"
"Manchester City  ","Angleterre","50","5","26","2 juin 1988","Argentine","4. Attaquant","Sergio Agüero","20"
"and Herzegovina Borac Banja","Bosnie-Herzegovine","3","21","33","13 mai 1981","Bosnie-Herzegovine","1. Gardien","Asmir Avdukic","22"
"Stoke City  ","Angleterre","30","21","26","20 juin 1987","Bosnie-Herzegovine","1. Gardien","Asmir Begovic","1"
"VfR Aalen  ","Allemagne","0","21","28","15 mai 1986","Bosnie-Herzegovine","1. Gardien","Jasmin Fejzic","12"
"Hajduk Split  ","Croatie","13","21","28","6 mars 1986","Bosnie-Herzegovine","2. Defenseur","Avdija Vrsajevic","2"
"Bayer Leverkusen  ","Allemagne","74","21","33","18 août 1980","Bosnie-Herzegovine","2. Defenseur","Emir Spahic (c)","4"
"Eintracht Braunschweig  ","Allemagne","7","21","24","24 janvier 1990","Bosnie-Herzegovine","2. Defenseur","Ermin Bicakcic","3"
"SC Freiburg  ","Allemagne","24","21","30","28 mars 1984","Bosnie-Herzegovine","2. Defenseur","Mensur Mujdza","13"
"Ferencvaros   ","Hongrie","9","21","21","10 septembre 1992","Bosnie-Herzegovine","2. Defenseur","Muhamed Besic","7"
"Elazığspor   ","Turquie","13","21","24","24 octobre 1989","Bosnie-Herzegovine","2. Defenseur","Ognjen Vranjes","6"
"Schalke 4  ","Allemagne","4","21","20","20 juin 1993","Bosnie-Herzegovine","2. Defenseur","Sead Kolasinac","5"
"Zorya Luhansk  ","Ukraine","7","21","25","15 décembre 1988","Bosnie-Herzegovine","2. Defenseur","Toni sunjic","15"
"Sturm Graz  ","Autriche","2","21","24","16 août 1989","Bosnie-Herzegovine","3. Milieu","Anel Hadzic","20"
"Gaziantepspor   ","Turquie","35","21","29","8 mars 1985","Bosnie-Herzegovine","3. Milieu","Haris Medunjanin","18"
"Galatasaray   ","Turquie","7","21","22","4 août 1991","Bosnie-Herzegovine","3. Milieu","Izet Hajrovic","14"
"Roma   ","Italie","48","21","24","2 avril 1990","Bosnie-Herzegovine","3. Milieu","Miralem Pjanic","8"
"1899 Hoffenheim  ","Allemagne","42","21","29","8 octobre 1984","Bosnie-Herzegovine","3. Milieu","Sejad Salihovic","23"
"Lazio   ","Italie","33","21","28","18 janvier 1986","Bosnie-Herzegovine","3. Milieu","Senad Lulic","16"
"Kayseri Erciyesspor  ","Turquie","42","21","28","26 septembre 1985","Bosnie-Herzegovine","3. Milieu","Senijad Ibricic","17"
"Hajduk Split  ","Croatie","2","21","22","13 février 1992","Bosnie-Herzegovine","3. Milieu","Tino-Sven Susic","21"
"Guizhou Renhe  ","Chine","82","21","32","5 juin 1982","Bosnie-Herzegovine","3. Milieu","Zvjezdan Misimovic","10"
"Manchester City  ","Angleterre","62","21","28","17 mars 1986","Bosnie-Herzegovine","4. Attaquant","Edin Dzeko","11"
"İstanbul BB  ","Turquie","10","21","24","17 février 1990","Bosnie-Herzegovine","4. Attaquant","Edin Visca","19"
"VfB Stuttgart  ","Allemagne","55","21","29","6 août 1984","Bosnie-Herzegovine","4. Attaquant","Vedad Ibisevic","9"
"Sporting Covilhã  ","Portugal","5","43","26","2 mai 1988","Iran","1. Gardien","Alireza Haghighi","12"
"Eintracht Braunschweig  ","Allemagne","4","43","26","6 janvier 1988","Iran","1. Gardien","Daniel Davari","22"
"Sepahan   ","Iran","10","43","33","30 juillet 1980","Iran","1. Gardien","Rahman Ahmadi","1"
"Naft Tehran  ","Iran","9","43","31","10 octobre 1982","Iran","2. Defenseur","Ahmad Alnameh","17"
"Esteghlal   ","Iran","16","43","32","6 septembre 1981","Iran","2. Defenseur","Amir Hossein Sadeghi","5"
"Esteghlal   ","Iran","17","43","30","22 janvier 1984","Iran","2. Defenseur","Hashem Beikzadeh","19"
"Persepolis   ","Iran","21","43","27","16 septembre 1986","Iran","2. Defenseur","Hossein Mahini","13"
"Persepolis   ","Iran","84","43","32","3 février 1982","Iran","2. Defenseur","Jalal Hosseini","4"
"Persepolis   ","Iran","19","43","27","26 février 1987","Iran","2. Defenseur","Mehrdad Pouladi","23"
"Umm Salal  ","Qatar","21","43","30","6 septembre 1983","Iran","2. Defenseur","Pejman Montazeri","15"
"Vancouver Whitecaps  ","Etats-Unis","6","43","27","1 février 1987","Iran","2. Defenseur","Steven Beitashour","20"
"Esteghlal   ","Iran","78","43","31","6 mars 1983","Iran","3. Milieu","Andranik Teymourian","14"
"Fulham   ","Angleterre","13","43","27","5 juillet 1986","Iran","3. Milieu","Ashkan Dejagah","21"
"Foolad   ","Iran","4","43","22","23 septembre 1991","Iran","3. Milieu","Bakhtiar Rahmani","18"
"Sepahan   ","Iran","61","43","24","25 février 1990","Iran","3. Milieu","Ehsan Hajsafi","3"
"Zob Ahan  ","Iran","16","43","30","12 juillet 1983","Iran","3. Milieu","Ghasem Haddadifar","11"
"Al-Kuwait   ","Koweit","139","43","33","7 octobre 1980","Iran","3. Milieu","Javad Nekounam (c)","6"
"Esteghlal   ","Iran","48","43","30","14 septembre 1983","Iran","3. Milieu","Khosro Heydari","2"
"Las Palmas  ","Espagne","49","43","29","9 juin 1984","Iran","3. Milieu","Masoud Shojaei","7"
"Persepolis   ","Iran","7","43","25","1 février 1989","Iran","3. Milieu","Reza Haghighi","8"
"NEC   ","Pays-Bas","6","43","20","11 août 1993","Iran","4. Attaquant","Alireza Jahanbakhsh","9"
"Tractor Sazi  ","Iran","41","43","24","3 avril 1990","Iran","4. Attaquant","Karim Ansarifard","10"
"Charlton Athletic  ","Angleterre","13","43","26","20 septembre 1987","Iran","4. Attaquant","Reza Ghoochannejhad","16"
"Hapoel Be'er Sheva ","Israel","32","44","30","8 avril 1984","Nigeria","1. Gardien","Austin Ejide","16"
"Gombe United  ","Nigeria","11","44","29","28 novembre 1984","Nigeria","1. Gardien","Chigozie Agbim","21"
"Lille   ","France","90","44","31","29 août 1982","Nigeria","1. Gardien","Vincent Enyeama (c)","1"
"Warri Wolves  ","Nigeria","32","44","24","16 juillet 1989","Nigeria","2. Defenseur","Azubuike Egwuekwe","6"
"Celtic   ","Ecosse","36","44","25","18 octobre 1988","Nigeria","2. Defenseur","Efe Ambrose","5"
"caykur Rizespor  ","Turquie","35","44","23","16 août 1990","Nigeria","2. Defenseur","Go2. Defenseurrey Oboabona","14"
"Norwich City  ","Angleterre","96","44","33","6 septembre 1980","Nigeria","2. Defenseur","Joseph Yobo","2"
"Ashdod   ","Israel","10","44","23","14 septembre 1990","Nigeria","2. Defenseur","Juwon Oshaniwa","13"
"Middlesbrough   ","Angleterre","17","44","20","17 octobre 1993","Nigeria","2. Defenseur","Kenneth Omeruo","22"
"Sunshine Stars  ","Nigeria","10","44","24","5 mars 1990","Nigeria","2. Defenseur","Kunle Odunlami","12"
"Monaco   ","France","42","44","26","20 janvier 1988","Nigeria","2. Defenseur","Uwa Elderson Echiejile","3"
"Chelsea   ","Angleterre","59","44","27","22 avril 1987","Nigeria","3. Milieu","John Obi Mikel","10"
"Volyn Lutsk  ","Ukraine","4","44","21","24 décembre 1992","Nigeria","3. Milieu","Michael Babatunde","18"
"Lazio   ","Italie","20","44","21","25 décembre 1992","Nigeria","3. Milieu","Ogenyi Onazi","17"
"Almeria   ","Espagne","1","44","21","12 décembre 1992","Nigeria","3. Milieu","Ramon Azeez","15"
"Waasland-Beveren   ","Belgique","11","44","23","25 septembre 1990","Nigeria","3. Milieu","Reuben Gabriel","4"
"Liverpool   ","Angleterre","20","44","23","12 décembre 1990","Nigeria","3. Milieu","Victor Moses","11"
"CSKA Moscow  ","Russie","35","44","21","14 octobre 1992","Nigeria","4. Attaquant","Ahmed Musa","7"
"Fenerbahce   ","Turquie","22","44","27","10 mai 1987","Nigeria","4. Attaquant","Emmanuel Emenike","9"
"Cercle Brugge  ","Belgique","3","44","24","2 février 1990","Nigeria","4. Attaquant","Michael Uchebo","20"
"Stoke City  ","Angleterre","60","44","32","15 juillet 1981","Nigeria","4. Attaquant","Peter Odemwingie","8"
"Newcastle United  ","Angleterre","6","44","32","12 octobre 1981","Nigeria","4. Attaquant","Shola Ameobi","23"
"Heerenveen   ","Pays-Bas","6","44","22","17 septembre 1991","Nigeria","4. Attaquant","Uche Nwofor","19"
"Bayern Munich  ","Allemagne","45","2","28","27 mars 1986","Allemagne","1. Gardien","Manuel Neuer","1"
"Borussia Dortmund  ","Allemagne","2","2","33","6 août 1980","Allemagne","1. Gardien","Roman Weidenfeller","22"
"Hannover 96  ","Allemagne","3","2","25","12 février 1989","Allemagne","1. Gardien","Ron-Robert Zieler","12"
"Schalke 4  ","Allemagne","20","2","26","29 février 1988","Allemagne","2. Defenseur","Benedikt Höwedes","4"
"Borussia Dortmund  ","Allemagne","1","2","22","12 mai 1992","Allemagne","2. Defenseur","Erik Durm","15"
"Bayern Munich  ","Allemagne","38","2","25","3 septembre 1988","Allemagne","2. Defenseur","Jerôme Boateng","20"
"Borussia Dortmund  ","Allemagne","4","2","25","19 juillet 1988","Allemagne","2. Defenseur","Kevin Großkreutz","2"
"Borussia Dortmund  ","Allemagne","29","2","25","16 décembre 1988","Allemagne","2. Defenseur","Mats Hummels","5"
"Arsenal   ","Angleterre","97","2","29","29 septembre 1984","Allemagne","2. Defenseur","Per Mertesacker","17"
"Bayern Munich  ","Allemagne","105","2","30","11 novembre 1983","Allemagne","2. Defenseur","Philipp Lahm (c)","16"
"Chelsea   ","Angleterre","32","2","23","6 novembre 1990","Allemagne","3. Milieu","Andre Schürrle","9"
"Bayern Munich  ","Allemagne","101","2","29","1 août 1984","Allemagne","3. Milieu","Bastian Schweinsteiger","7"
"Borussia Mönchengladbach  ","Allemagne","2","2","23","12 février 1991","Allemagne","3. Milieu","Christoph Kramer","23"
"Schalke 4  ","Allemagne","11","2","20","20 septembre 1993","Allemagne","3. Milieu","Julian Draxler","14"
"Bayern Munich  ","Allemagne","28","2","22","3 juin 1992","Allemagne","3. Milieu","Mario Götze","19"
"SC Freiburg  ","Allemagne","2","2","20","19 janvier 1994","Allemagne","3. Milieu","Matthias Ginter","3"
"Arsenal   ","Angleterre","54","2","25","15 octobre 1988","Allemagne","3. Milieu","Mesut Özil","8"
"Real Madrid  ","Espagne","45","2","27","4 avril 1987","Allemagne","3. Milieu","Sami Khedira","6"
"Bayern Munich  ","Allemagne","48","2","24","13 septembre 1989","Allemagne","3. Milieu","Thomas Müller","13"
"Bayern Munich  ","Allemagne","43","2","24","4 janvier 1990","Allemagne","3. Milieu","Toni Kroos","18"
"Arsenal   ","Angleterre","113","2","29","4 juin 1985","Allemagne","4. Attaquant","Lukas Podolski","10"
"Lazio   ","Italie","131","2","35","9 juin 1978","Allemagne","4. Attaquant","Miroslav Klose","11"
"Sampdoria","Italie","1","2","22","17 avril 1992","Allemagne","Défenseur","Shkodran Mustafi","21"
"Aston Villa  ","Angleterre","25","13","29","9 septembre 1984","Etats-Unis","1. Gardien","Brad Guzan","12"
"Real Salt Lake ","Etats-Unis","14","13","34","17 juin 1979","Etats-Unis","1. Gardien","Nick Rimando","22"
"Everton   ","Angleterre","99","13","35","6 mars 1979","Etats-Unis","1. Gardien","Tim Howard","1"
"Puebla   ","Mexique","115","13","32","24 mai 1982","Etats-Unis","2. Defenseur","DaMarcus Beasley","7"
"Seattle Sounders FC ","Etats-Unis","4","13","20","9 juillet 1993","Etats-Unis","2. Defenseur","DeAndre Yedlin","2"
"1899 Hoffenheim  ","Allemagne","21","13","26","11 décembre 1987","Etats-Unis","2. Defenseur","Fabian Johnson","23"
"Stoke City  ","Angleterre","26","13","28","11 juillet 1985","Etats-Unis","2. Defenseur","Geoff Cameron","20"
"Hertha BSC  ","Allemagne","4","13","21","28 janvier 1993","Etats-Unis","2. Defenseur","John Brooks","6"
"Sporting Kansas City ","Etats-Unis","16","13","27","11 février 1987","Etats-Unis","2. Defenseur","Matt Besler","5"
"Los Angeles Galaxy ","Etats-Unis","19","13","25","11 octobre 1988","Etats-Unis","2. Defenseur","Omar Gonzalez","3"
"1. FC Nürnberg ","Allemagne","12","13","24","29 mars 1990","Etats-Unis","2. Defenseur","Timothy Chandler","21"
"Nantes   ","France","27","13","27","29 avril 1987","Etats-Unis","3. Milieu","Alejandro Bedoya","11"
"Houston Dynamo  ","Etats-Unis","16","13","32","8 novembre 1981","Etats-Unis","3. Milieu","Brad Davis","14"
"Sporting Kansas City ","Etats-Unis","22","13","27","18 août 1986","Etats-Unis","3. Milieu","Graham Zusi","19"
"Besiktas   ","Turquie","41","13","32","3 novembre 1981","Etats-Unis","3. Milieu","Jermaine Jones","13"
"Bayern Munich  ","Allemagne","2","13","19","6 juin 1995","Etats-Unis","3. Milieu","Julian Green","16"
"Real Salt Lake ","Etats-Unis","36","13","32","23 avril 1982","Etats-Unis","3. Milieu","Kyle Beckerman","15"
"Toronto FC  ","Etats-Unis","85","13","26","31 juillet 1987","Etats-Unis","3. Milieu","Michael Bradley","4"
"Rosenborg   ","Norvege","19","13","23","2 octobre 1990","Etats-Unis","3. Milieu","Mikkel Diskerud","10"
"AZ   ","Pays-Bas","8","13","23","10 novembre 1990","Etats-Unis","4. Attaquant","Aron Johannsson","9"
"San Jose Earthquakes ","Etats-Unis","20","13","31","28 janvier 1983","Etats-Unis","4. Attaquant","Chris Wondolowski","18"
"Seattle Sounders FC ","Etats-Unis","104","13","31","9 mars 1983","Etats-Unis","4. Attaquant","Clint Dempsey (c)","8"
"Sunderland   ","Angleterre","69","13","24","6 novembre 1989","Etats-Unis","4. Attaquant","Jozy Altidore","17"
"Strømsgodset   ","Norvege","21","37","26","12 décembre 1987","Ghana","1. Gardien","Adam Kwarasey","12"
"Orlando Pirates  ","Afrique du Sud","17","37","29","6 avril 1985","Ghana","1. Gardien","Fatau Dauda","16"
"Aduana Stars  ","Ghana","7","37","24","28 septembre 1989","Ghana","1. Gardien","Steven Adams","1"
"Standard Liege  ","Belgique","16","37","23","18 octobre 1990","Ghana","2. Defenseur","Daniel Opare","4"
"Esperance   ","Tunisie","40","37","27","24 juin 1986","Ghana","2. Defenseur","Harrison Afful","23"
"Rennes   ","France","29","37","27","23 avril 1987","Ghana","2. Defenseur","John Boye","21"
"evian   ","France","26","37","23","13 juillet 1990","Ghana","2. Defenseur","Jonathan Mensah","19"
"Mamelodi Sundowns  ","Afrique du Sud","6","37","21","18 décembre 1992","Ghana","2. Defenseur","Rashid Sumaila","15"
"Platanias   ","Grece","46","37","25","1 juin 1989","Ghana","2. Defenseur","Samuel Inkoom","2"
"Parma   ","Italie","4","37","22","5 janvier 1992","Ghana","3. Milieu","Acquah Afriyie","6"
"Middlesbrough   ","Angleterre","14","37","26","13 décembre 1987","Ghana","3. Milieu","Albert Adomah","14"
"Marseille   ","France","48","37","24","17 décembre 1989","Ghana","3. Milieu","Andre Ayew","10"
"Vitesse   ","Pays-Bas","22","37","22","10 janvier 1992","Ghana","3. Milieu","Christian Atsu","7"
"Udinese   ","Italie","48","37","23","2 décembre 1990","Ghana","3. Milieu","Emmanuel Agyemang-Badu","8"
"Juventus   ","Italie","61","37","25","9 décembre 1988","Ghana","3. Milieu","Kwadwo Asamoah","20"
"Milan   ","Italie","57","37","31","3 décembre 1982","Ghana","3. Milieu","Michael Essien","5"
"Kuban Krasnodar  ","Russie","16","37","24","31 décembre 1989","Ghana","3. Milieu","Mohammed Rabiu","17"
"Milan   ","Italie","81","37","29","27 août 1984","Ghana","3. Milieu","Sulley Muntari","11"
"Rubin Kazan  ","Russie","16","37","23","25 juillet 1990","Ghana","3. Milieu","Wakaso Mubarak","22"
"Al-Ain   ","EAU","78","37","28","22 novembre 1985","Ghana","4. Attaquant","Asamoah Gyan (c)","3"
"Sochaux   ","France","12","37","22","11 septembre 1991","Ghana","4. Attaquant","Jordan Ayew","13"
"Schalke 4  ","Allemagne","12","37","27","6 mars 1987","Ghana","4. Attaquant","Kevin-Prince Boateng","9"
"Valenciennes   ","France","9","37","22","19 septembre 1991","Ghana","4. Attaquant","Majeed Waris","18"
"Sevilla   ","Espagne","7","4","32","1 mai 1982","Portugal","1. Gardien","Beto","22"
"Braga   ","Portugal","33","4","31","19 septembre 1982","Portugal","1. Gardien","Eduardo","1"
"Sporting   ","Portugal","29","4","26","15 février 1988","Portugal","1. Gardien","Rui Patricio","12"
"Benfica   ","Portugal","3","4","23","10 septembre 1990","Portugal","2. Defenseur","Andre Almeida","19"
"Fenerbahce   ","Turquie","71","4","32","27 novembre 1981","Portugal","2. Defenseur","Bruno Alves","2"
"Real Madrid  ","Espagne","43","4","26","11 mars 1988","Portugal","2. Defenseur","Fabio Coentrão","5"
"Valencia   ","Espagne","35","4","30","25 février 1984","Portugal","2. Defenseur","João Pereira","21"
"Zenit Saint Petersburg ","Russie","7","4","26","26 mai 1988","Portugal","2. Defenseur","Luis Neto","14"
"Real Madrid  ","Espagne","57","4","31","26 février 1983","Portugal","2. Defenseur","Pepe","3"
"Valencia   ","Espagne","18","4","33","16 mai 1981","Portugal","2. Defenseur","Ricardo Costa","13"
"Monaco   ","France","66","4","27","8 septembre 1986","Portugal","3. Milieu","João Moutinho","8"
"Dynamo Kyiv  ","Ukraine","47","4","28","11 mai 1986","Portugal","3. Milieu","Miguel Veloso","4"
"Manchester United  ","Angleterre","73","4","27","17 novembre 1986","Portugal","3. Milieu","Nani","17"
"Braga   ","Portugal","2","4","21","17 mai 1993","Portugal","3. Milieu","Rafa Silva","15"
"Fenerbahce   ","Turquie","73","4","31","17 mars 1983","Portugal","3. Milieu","Raul Meireles","16"
"Benfica   ","Portugal","11","4","29","27 janvier 1985","Portugal","3. Milieu","Ruben Amorim","20"
"Porto   ","Portugal","22","4","29","2 février 1985","Portugal","3. Milieu","Silvestre Varela","18"
"VfL Wolfsburg  ","Allemagne","7","4","28","24 janvier 1986","Portugal","3. Milieu","Vieirinha","10"
"Sporting   ","Portugal","3","4","22","7 avril 1992","Portugal","3. Milieu","William Carvalho","6"
"Real Madrid  ","Espagne","110","4","29","5 février 1985","Portugal","4. Attaquant","Cristiano Ronaldo (c)","7"
"Braga   ","Portugal","7","4","26","22 décembre 1987","Portugal","4. Attaquant","eder","11"
"Lazio   ","Italie","67","4","31","2 août 1982","Portugal","4. Attaquant","Helder Postiga","23"
"Besiktas   ","Turquie","54","4","30","23 mai 1984","Portugal","4. Attaquant","Hugo Almeida","9"
"CS Constantine  ","Algerie","1","22","29","9 janvier 1985","Algerie","1. Gardien","Cedric Si Mohamed","1"
"USM Alger  ","Algerie","7","22","29","19 mars 1985","Algerie","1. Gardien","Mohamed Zemmamouche","16"
"CSKA Sofia  ","Bulgarie","27","22","28","25 avril 1986","Algerie","1. Gardien","Raes M'Bolhi","23"
"Reims   ","France","2","22","22","22 octobre 1991","Algerie","2. Defenseur","Aissa Mandi","20"
"Valenciennes   ","France","25","22","29","15 mai 1985","Algerie","2. Defenseur","Carl Medjani","7"
"Livorno   ","Italie","26","22","29","9 octobre 1984","Algerie","2. Defenseur","Djamel Mesbah","6"
"Watford   ","Angleterre","13","22","25","1 janvier 1989","Algerie","2. Defenseur","Essaed Belkalem","4"
"Napoli   ","Italie","5","22","23","1 février 1991","Algerie","2. Defenseur","Faouzi Ghoulam","3"
"Mallorca   ","Espagne","6","22","26","5 mars 1988","Algerie","2. Defenseur","Liassine Cadamuro-Bentaeba","17"
"Lekhwiya   ","Qatar","61","22","31","7 octobre 1982","Algerie","2. Defenseur","Madjid Bougherra (c)","2"
"Academica   ","Portugal","28","22","27","2 septembre 1986","Algerie","2. Defenseur","Rafik Halliche","5"
"Club Africain  ","Tunisie","76","22","27","31 janvier 1987","Algerie","3. Milieu","Abdelmoumene Djabou","18"
"Udinese   ","Italie","24","22","30","14 mai 1984","Algerie","3. Milieu","Hassan Yebda","8"
"Getafe   ","Espagne","29","22","30","15 mai 1984","Algerie","3. Milieu","Medhi Lacen","12"
"Ajaccio   ","France","22","22","30","30 août 1983","Algerie","3. Milieu","Mehdi Mostefa","22"
"Tottenham Hotspur  ","Angleterre","2","22","19","24 novembre 1994","Algerie","3. Milieu","Nabil Bentaleb","14"
"Leicester City  ","Angleterre","1","22","23","21 février 1991","Algerie","3. Milieu","Riyad Mahrez","21"
"Internazionale   ","Italie","10","22","22","29 février 1992","Algerie","3. Milieu","Saphir Taeder","19"
"Valencia   ","Espagne","18","22","24","26 décembre 1989","Algerie","3. Milieu","Sofiane Feghouli","10"
"Granada   ","Espagne","5","22","24","8 février 1990","Algerie","3. Milieu","Yacine Brahimi","11"
"Dinamo Zagreb  ","Croatie","21","22","26","25 novembre 1987","Algerie","4. Attaquant","El Arbi Hillel Soudani","15"
"Sporting CP  ","Portugal","19","22","25","18 juin 1988","Algerie","4. Attaquant","Islam Slimani","13"
"Porto   ","Portugal","5","22","24","20 avril 1990","Algerie","4. Attaquant","Nabil Ghilas","9"
"Zulte Waregem  ","Belgique","1","11","28","11 août 1985","Belgique","1. Gardien","Sammy Bossut","13"
"Liverpool   ","Angleterre","14","11","25","6 août 1988","Belgique","1. Gardien","Simon Mignolet","12"
"Atletico Madrid  ","Espagne","16","11","22","11 mai 1992","Belgique","1. Gardien","Thibaut Courtois","1"
"Anderlecht   ","Belgique","25","11","26","24 octobre 1987","Belgique","2. Defenseur","Anthony Vanden Borre","21"
"Bayern Munich  ","Allemagne","79","11","36","7 février 1978","Belgique","2. Defenseur","Daniel Van Buyten","15"
"Tottenham Hotspur  ","Angleterre","56","11","27","24 avril 1987","Belgique","2. Defenseur","Jan Vertonghen","5"
"Standard Liege  ","Belgique","8","11","28","5 août 1985","Belgique","2. Defenseur","Laurent Ciman","23"
"Zenit Saint Petersburg ","Russie","26","11","29","20 mars 1985","Belgique","2. Defenseur","Nicolas Lombaerts","18"
"Arsenal   ","Angleterre","48","11","28","14 novembre 1985","Belgique","2. Defenseur","Thomas Vermaelen","3"
"Atletico Madrid  ","Espagne","34","11","25","2 mars 1989","Belgique","2. Defenseur","Toby Alderweireld","2"
"Manchester City  ","Angleterre","59","11","28","10 avril 1986","Belgique","2. Defenseur","Vincent Kompany (c)","4"
"Manchester United  ","Angleterre","1","11","19","5 février 1995","Belgique","3. Milieu","Adnan Januzaj","20"
"Zenit Saint Petersburg ","Russie","48","11","25","12 janvier 1989","Belgique","3. Milieu","Axel Witsel","6"
"Chelsea   ","Angleterre","45","11","23","7 janvier 1991","Belgique","3. Milieu","Eden Hazard","10"
"VfL Wolfsburg  ","Allemagne","22","11","22","28 juin 1991","Belgique","3. Milieu","Kevin De Bruyne","7"
"Everton   ","Angleterre","44","11","26","5 octobre 1987","Belgique","3. Milieu","Kevin Mirallas","11"
"Manchester United  ","Angleterre","50","11","26","22 novembre 1987","Belgique","3. Milieu","Marouane Fellaini","8"
"Tottenham Hotspur  ","Angleterre","55","11","26","16 juillet 1987","Belgique","3. Milieu","Mousa Dembele","19"
"Tottenham Hotspur  ","Angleterre","20","11","24","2 octobre 1989","Belgique","3. Milieu","Nacer Chadli","22"
"Porto   ","Portugal","43","11","26","15 avril 1988","Belgique","3. Milieu","Steven Defour","16"
"Lille   ","France","2","11","19","18 avril 1995","Belgique","4. Attaquant","Divock Origi","17"
"Napoli   ","Italie","24","11","27","6 mai 1987","Belgique","4. Attaquant","Dries Mertens","14"
"Everton   ","Angleterre","29","11","21","13 mai 1993","Belgique","4. Attaquant","Romelu Lukaku","9"
"Suwon Bluewings  ","Coree du Sud","60","57","29","4 janvier 1985","Coree du Sud","1. Gardien","Jung Sung-Ryong","1"
"Ulsan Hyundai  ","Coree du Sud","5","57","23","30 septembre 1990","Coree du Sud","1. Gardien","Kim Seung-Gyu","21"
"Busan I'Park  ","Coree du Sud","0","57","25","2 avril 1989","Coree du Sud","1. Gardien","Lee Bum-Young","23"
"FC Augsburg  ","Allemagne","24","57","24","12 août 1989","Coree du Sud","2. Defenseur","Hong Jeong-Ho","20"
"Sanfrecce Hiroshima  ","Japon","3","57","24","27 juin 1989","Coree du Sud","2. Defenseur","Hwang Seok-Ho","6"
"Kashiwa Reysol  ","Japon","8","57","28","12 septembre 1985","Coree du Sud","2. Defenseur","Kim Chang-Soo","2"
"Guangzhou Evergrande  ","Chine","20","57","24","27 février 1990","Coree du Sud","2. Defenseur","Kim Young-Gwon","5"
"Al-Hilal   ","Arabie Saoudite","34","57","32","8 juillet 1981","Coree du Sud","2. Defenseur","Kwak Tae-Hwi","4"
"Ulsan Hyundai  ","Coree du Sud","11","57","27","24 décembre 1986","Coree du Sud","2. Defenseur","Lee Yong","12"
"Mainz 5  ","Allemagne","13","57","27","16 janvier 1987","Coree du Sud","2. Defenseur","Park Joo-Ho","22"
"Queens Park Rangers ","Angleterre","3","57","24","13 février 1990","Coree du Sud","2. Defenseur","Yun Suk-Young","3"
"Beijing Guoan  ","Chine","13","57","29","2 mars 1985","Coree du Sud","3. Milieu","Ha Dae-Sung","8"
"Kashiwa Reysol  ","Japon","9","57","24","19 avril 1990","Coree du Sud","3. Milieu","Han Kook-Young","14"
"Sunderland   ","Angleterre","58","57","25","24 janvier 1989","Coree du Sud","3. Milieu","Ki Sung-Yueng","16"
"Cardiff City  ","Angleterre","27","57","24","6 octobre 1989","Coree du Sud","3. Milieu","Kim Bo-Kyung","7"
"Mainz 5  ","Allemagne","36","57","25","27 février 1989","Coree du Sud","3. Milieu","Koo Ja-Cheol (c)","13"
"Bolton Wanderers  ","Angleterre","54","57","25","2 juillet 1988","Coree du Sud","3. Milieu","Lee Chung-Yong","17"
"Guangzhou R&F  ","Chine","10","57","25","10 mars 1989","Coree du Sud","3. Milieu","Park Jong-Woo","15"
"FC Augsburg  ","Allemagne","27","57","23","28 mai 1991","Coree du Sud","4. Attaquant","Ji Dong-Won","19"
"Ulsan Hyundai  ","Coree du Sud","26","57","26","14 avril 1988","Coree du Sud","4. Attaquant","Kim Shin-Wook","18"
"Sangju Sangmu  ","Coree du Sud","63","57","29","11 avril 1985","Coree du Sud","4. Attaquant","Lee Keun-Ho","11"
"Watford   ","Angleterre","63","57","28","10 juillet 1985","Coree du Sud","4. Attaquant","Park Chu-Young","10"
"Bayer Leverkusen  ","Allemagne","24","57","21","8 juillet 1992","Coree du Sud","4. Attaquant","Son Heung-Min","9"
"CSKA Moscow  ","Russie","67","19","28","8 avril 1986","Russie","1. Gardien","Igor Akinfeev","1"
"Rubin Kazan  ","Russie","1","19","33","19 septembre 1980","Russie","1. Gardien","Sergey Ryzhikov","16"
"Zenit Saint Petersburg ","Russie","2","19","24","26 mai 1990","Russie","1. Gardien","Yuri Lodygin","12"
"Dynamo Moscow  ","Russie","10","19","27","16 novembre 1986","Russie","2. Defenseur","Aleksei Kozlov","2"
"Terek Grozny  ","Russie","1","19","25","24 mars 1989","Russie","2. Defenseur","Andrei Semyonov","6"
"Anzhi Makhachkala  ","Russie","11","19","30","9 février 1984","Russie","2. Defenseur","Andrey Yeshchenko","22"
"Spartak Moscow  ","Russie","21","19","27","22 janvier 1987","Russie","2. Defenseur","Dmitri Kombarov","23"
"CSKA Moscow  ","Russie","3","19","23","27 avril 1991","Russie","2. Defenseur","Georgi Shchennikov","3"
"CSKA Moscow  ","Russie","95","19","34","14 juillet 1979","Russie","2. Defenseur","Sergei Ignashevich","4"
"CSKA Moscow  ","Russie","77","19","31","20 juin 1982","Russie","2. Defenseur","Vasili Berezutski","14"
"Dynamo Moscow  ","Russie","4","19","27","22 mai 1987","Russie","2. Defenseur","Vladimir Granat","13"
"CSKA Moscow  ","Russie","31","19","23","17 juin 1990","Russie","3. Milieu","Alan Dzagoev","10"
"Spartak Moscow  ","Russie","26","19","27","27 janvier 1987","Russie","3. Milieu","Denis Glushakov","8"
"Dynamo Moscow  ","Russie","42","19","30","17 mai 1984","Russie","3. Milieu","Igor Denisov","7"
"Zenit Saint Petersburg ","Russie","6","19","23","29 juillet 1990","Russie","3. Milieu","Oleg Shatov","17"
"Rubin Kazan  ","Russie","1","19","21","25 janvier 1993","Russie","3. Milieu","Pavel Mogilevets","15"
"Zenit Saint Petersburg ","Russie","18","19","28","22 avril 1986","Russie","3. Milieu","Viktor Fayzulin","20"
"Zenit Saint Petersburg ","Russie","79","19","31","27 novembre 1982","Russie","4. Attaquant","Aleksandr Kerzhakov","11"
"Dynamo Moscow  ","Russie","20","19","23","19 mars 1991","Russie","4. Attaquant","Aleksandr Kokorin","9"
"Lokomotiv Moscow  ","Russie","16","19","29","19 juillet 1984","Russie","4. Attaquant","Aleksandr Samedov","19"
"Dynamo Moscow  ","Russie","5","19","25","18 février 1989","Russie","4. Attaquant","Aleksei Ionov","18"
"Rubin Kazan  ","Russie","2","19","22","14 juillet 1991","Russie","4. Attaquant","Maksim Kanunnikov","21"
"Dynamo Moscow  ","Russie","59","19","30","20 août 1983","Russie","4. Attaquant","Yuri Zhirkov","5"
