"Name","Club","Country","Tag","Birthdate","Position"
"Player---name","SportsClub---name","SportsTeam---name","Player---tag","Player---birthDate","Player---playPosition"
"Christensen; Andreas","Bor. Mönchengladbach","Dänemark","3","10.04.1996","DF"
"Hahn; André","Bor. Mönchengladbach","Deutschland","28","13.08.1990","FW"
"Johnson; Fabian","Bor. Mönchengladbach","USA","19","11.12.1987","MF"
"Schulz; Nico","Bor. Mönchengladbach","Deutschland","14","01.04.1993","MF"
"Schulz; Marvin","Bor. Mönchengladbach","Deutschland","18","15.01.1995","DF"
"Wendt; Oscar","Bor. Mönchengladbach","Schweden","17","24.10.1985","DF"
"Elvedi; Nico","Bor. Mönchengladbach","Schweiz","30","30.09.1996","DF"
"Xhaka; Granit","Bor. Mönchengladbach","Schweiz","34","27.09.1992","MF"
"Heimeroth; Christofer","Bor. Mönchengladbach","Deutschland","33","01.08.1981","GK"
"Hrgota; Branimir","Bor. Mönchengladbach","Schweden","31","12.01.1993","FW"
"Stranzl; Martin","Bor. Mönchengladbach","Österreich","39","16.06.1980","DF"
"Ritter; Marlon","Bor. Mönchengladbach","Deutschland","36","15.10.1994","FW"
"Hazard; Thorgan","Bor. Mönchengladbach","Belgien","10","29.03.1993","MF"
"Sippel; Tobias","Bor. Mönchengladbach","Deutschland","21","22.03.1988","GK"
"Stindl; Lars","Bor. Mönchengladbach","Deutschland","13","26.08.1988","MF"
"Drmic; Josip","Bor. Mönchengladbach","Schweiz","9","08.08.1992","FW"
"Sommer; Yann","Bor. Mönchengladbach","Schweiz","1","17.12.1988","GK"
"Raffael","Bor. Mönchengladbach","Brasilien","11","28.03.1985","FW"
"Korb; Julian","Bor. Mönchengladbach","Deutschland","27","21.03.1992","DF"
"Nordtveit; Havard","Bor. Mönchengladbach","Norwegen","6","21.06.1990","MF"
"Dahoud; Mahmoud","Bor. Mönchengladbach","Deutschland","8","01.01.1996","MF"
"Herrmann; Patrick","Bor. Mönchengladbach","Deutschland","7","12.02.1991","MF"
"Brouwers; Roel","Bor. Mönchengladbach","Niederlande","4","28.11.1981","DF"
"Alvaro Dominguez","Bor. Mönchengladbach","Spanien","15","16.05.1989","DF"
"Jantschke; Tony","Bor. Mönchengladbach","Deutschland","24","07.04.1990","DF"
"Traoré; Ibrahima","Bor. Mönchengladbach","Guinea","16","21.04.1988","MF"
"Ascues; Carlos","VfL Wolfsburg","Peru","6","06.06.1992","DF"
"Seguin; Paul","VfL Wolfsburg","Deutschland","30","29.03.1995","MF"
"Grün; Max","VfL Wolfsburg","Deutschland","20","05.04.1987","GK"
"Schäfer; Marcel","VfL Wolfsburg","Deutschland","4","07.06.1984","DF"
"Luiz Gustavo","VfL Wolfsburg","Brasilien","22","23.07.1987","MF"
"Dost; Bas","VfL Wolfsburg","Niederlande","12","31.05.1989","FW"
"Schürrle; André","VfL Wolfsburg","Deutschland","17","06.11.1990","MF"
"Bendtner; Nicklas","VfL Wolfsburg","Dänemark","3","16.01.1988","FW"
"Draxler; Julian","VfL Wolfsburg","Deutschland","xx","20.09.1993","MF"
"Rodriguez; Ricardo","VfL Wolfsburg","Schweiz","34","25.08.1992","DF"
"Vieirinha","VfL Wolfsburg","Portugal","8","24.01.1986","DF"
"Stolze; Sebastian","VfL Wolfsburg","Deutschland","33","29.01.1995","FW"
"Zawada; Oskar","VfL Wolfsburg","Polen","32","01.02.1996","FW"
"Arnold; Maximilian","VfL Wolfsburg","Deutschland","27","27.05.1994","MF"
"Träsch; Christian","VfL Wolfsburg","Deutschland","15","01.09.1987","DF"
"Knoche; Robin","VfL Wolfsburg","Deutschland","31","22.05.1992","DF"
"Dante","VfL Wolfsburg","Brasilien","18","18.10.1983","DF"
"Felipe","VfL Wolfsburg","Brasilien","26","07.08.1987","DF"
"Naldo","VfL Wolfsburg","Brasilien","25","10.09.1982","DF"
"Kruse; Max","VfL Wolfsburg","Deutschland","11","19.03.1988","FW"
"Sprenger; Moritz","VfL Wolfsburg","Deutschland","37","22.02.1995","DF"
"Azzaoui; Ismail","VfL Wolfsburg","Belgien","38","06.01.1998","MF"
"Caligiuri; Daniel","VfL Wolfsburg","Italien","7","15.01.1988","MF"
"Jung; Sebastian","VfL Wolfsburg","Deutschland","24","22.06.1990","DF"
"Guilavogui; Josuha","VfL Wolfsburg","Frankreich","23","19.09.1990","MF"
"Rodriguez; Francisco","VfL Wolfsburg","Schweiz","35","14.09.1995","MF"
"Klose; Timm","VfL Wolfsburg","Schweiz","5","09.05.1988","DF"
"Benaglio; Diego","VfL Wolfsburg","Schweiz","1","08.09.1983","GK"
"Casteels; Koen","VfL Wolfsburg","Belgien","28","25.06.1992","GK"
"Hofmann; Jonas","Borussia Dortmund","Deutschland","7","14.07.1992","MF"
"Sahin; Nuri","Borussia Dortmund","Türkei","18","05.09.1988","MF"
"Bonmann; Hendrik","Borussia Dortmund","Deutschland","39","22.01.1994","GK"
"Sokratis","Borussia Dortmund","Griechenland","25","09.06.1988","DF"
"Leitner; Moritz","Borussia Dortmund","Deutschland","14","08.12.1992","MF"
"Aubameyang; Pierre-Emerick","Borussia Dortmund","Gabun","17","18.06.1989","FW"
"Kagawa; Shinji","Borussia Dortmund","Japan","23","17.03.1989","MF"
"Reus; Marco","Borussia Dortmund","Deutschland","11","31.05.1989","MF"
"Schmelzer; Marcel","Borussia Dortmund","Deutschland","29","22.01.1988","DF"
"Bender; Sven","Borussia Dortmund","Deutschland","6","27.04.1989","MF"
"Großkreutz; Kevin","Borussia Dortmund","Deutschland","19","19.07.1988","MF"
"Ginter; Matthias","Borussia Dortmund","Deutschland","28","19.01.1994","DF"
"Januzaj; Adnan","Borussia Dortmund","Belgien","9","05.02.1995","MF"
"Mkhitaryan; Henrikh","Borussia Dortmund","Armenien","10","21.01.1989","MF"
"Subotic; Neven","Borussia Dortmund","Serbien","4","10.12.1988","DF"
"Park; Joo-Ho","Borussia Dortmund","Südkorea","3","16.01.1987","DF"
"Weidenfeller; Roman","Borussia Dortmund","Deutschland","1","06.08.1980","GK"
"Hummels; Mats","Borussia Dortmund","Deutschland","15","16.12.1988","DF"
"Bürki; Roman","Borussia Dortmund","Schweiz","38","14.11.1990","GK"
"Weigl; Julian","Borussia Dortmund","Deutschland","33","08.09.1995","MF"
"Gündogan; Ilkay","Borussia Dortmund","Deutschland","8","24.10.1990","MF"
"Durm; Erik","Borussia Dortmund","Deutschland","37","12.05.1992","DF"
"Piszczek; Lukasz","Borussia Dortmund","Polen","26","03.06.1985","DF"
"Ramos; Adrian","Borussia Dortmund","Kolumbien","20","22.01.1986","FW"
"Castro; Gonzalo","Borussia Dortmund","Deutschland","27","11.06.1987","MF"
"Garcia; Santiago","Werder Bremen","Argentinien","2","08.07.1988","DF"
"Busch; Marnon","Werder Bremen","Deutschland","38","08.12.1994","DF"
"Wiedwald; Felix","Werder Bremen","Deutschland","42","15.03.1990","GK"
"Eggestein; Maximilian","Werder Bremen","Deutschland","35","08.12.1996","MF"
"Kroos; Felix","Werder Bremen","Deutschland","18","12.03.1991","MF"
"Galvez; Alejandro","Werder Bremen","Spanien","4","06.06.1989","DF"
"Ujah; Anthony","Werder Bremen","Nigeria","21","14.10.1990","FW"
"Zetterer; Michael","Werder Bremen","Deutschland","30","12.07.1995","GK"
"Aycicek; Levent","Werder Bremen","Deutschland","10","12.02.1994","MF"
"Garcia; Ulisses","Werder Bremen","Schweiz","20","11.01.1996","DF"
"Husic; Raif","Werder Bremen","Deutschland","40","05.02.1996","GK"
"Junuzovic; Zlatko","Werder Bremen","Österreich","16","26.09.1987","MF"
"Lorenzen; Melvyn","Werder Bremen","Deutschland","28","26.11.1994","FW"
"Grillitsch; Florian","Werder Bremen","Österreich","27","07.08.1995","MF"
"Pavlovic; Mateo","Werder Bremen","Kroatien","15","09.06.1990","DF"
"Wolf; Raphael","Werder Bremen","Deutschland","1","06.06.1988","GK"
"Yildirim; Özkan","Werder Bremen","Deutschland","17","10.04.1993","MF"
"Bargfrede; Philipp","Werder Bremen","Deutschland","44","03.03.1989","MF"
"Lukimya; Assani","Werder Bremen","DR Kongo","5","25.01.1986","DF"
"Hüsing; Oliver","Werder Bremen","Deutschland","25","17.02.1993","DF"
"Vestergaard; Jannik","Werder Bremen","Dänemark","7","03.08.1992","DF"
"Johannsson; Aron","Werder Bremen","USA","9","10.11.1990","FW"
"Gebre Selassie; Theodor","Werder Bremen","Tschechien","23","24.12.1986","DF"
"Sternberg; Janek","Werder Bremen","Deutschland","37","19.10.1992","DF"
"Zander; Luca-Milan","Werder Bremen","Deutschland","19","09.08.1995","DF"
"Fröde; Lukas","Werder Bremen","Deutschland","39","23.01.1995","MF"
"von Haacke; Julian","Werder Bremen","Deutschland","26","14.02.1994","MF"
"Bartels; Fin","Werder Bremen","Deutschland","22","07.02.1987","MF"
"Fritz; Clemens","Werder Bremen","Deutschland","8","07.12.1980","MF"
"Öztunali; Levin","Werder Bremen","Deutschland","11","15.03.1996","MF"
"Bobadilla; Raul","FC Augsburg","Paraguay","25","18.06.1987","FW"
"Janker; Christoph","FC Augsburg","Deutschland","16","14.02.1985","DF"
"Max; Philipp","FC Augsburg","Deutschland","31","30.09.1993","DF"
"Ekin; Arif","FC Augsburg","Türkei","37","14.09.1995","MF"
"Callsen-Bracker; Jan-Ingwer","FC Augsburg","Deutschland","18","23.09.1984","DF"
"Mölders; Sascha","FC Augsburg","Deutschland","33","20.03.1985","FW"
"Hong; Jeong-Ho","FC Augsburg","Südkorea","20","12.08.1989","DF"
"Manninger; Alexander","FC Augsburg","Österreich","1","04.06.1977","GK"
"Trochowski; Piotr","FC Augsburg","Deutschland","15","22.03.1984","MF"
"Opare; Daniel","FC Augsburg","Ghana","4","18.10.1990","DF"
"Feulner; Markus","FC Augsburg","Deutschland","8","12.02.1982","MF"
"Rieder; Tim","FC Augsburg","Deutschland","40","03.09.1993","DF"
"Parker; Shawn","FC Augsburg","Deutschland","9","07.03.1993","MF"
"Kohr; Dominik","FC Augsburg","Deutschland","21","31.01.1994","MF"
"Baier; Daniel","FC Augsburg","Deutschland","10","18.05.1984","MF"
"Ji; Dong-Won","FC Augsburg","Südkorea","22","28.05.1991","FW"
"Gelios; Ioannis","FC Augsburg","Griechenland","24","24.04.1992","GK"
"Klavan; Ragnar","FC Augsburg","Estland","5","30.10.1985","DF"
"Framberger; Raphael","FC Augsburg","Deutschland","32","06.09.1995","DF"
"Moravek; Jan","FC Augsburg","Tschechien","14","01.11.1989","MF"
"Schuster; Marco","FC Augsburg","Deutschland","29","10.10.1995","MF"
"Uhde; Maik","FC Augsburg","Deutschland","39","23.05.1994","DF"
"Matavz; Tim","FC Augsburg","Slowenien","23","13.01.1989","FW"
"Koo; Ja-Cheol","FC Augsburg","Südkorea","19","27.02.1989","MF"
"Altintop; Halil","FC Augsburg","Türkei","7","08.12.1982","MF"
"Oettl; Yannik","FC Augsburg","Deutschland","28","19.11.1996","GK"
"Stafylidis; Konstantinos","FC Augsburg","Griechenland","3","02.12.1993","DF"
"Esswein; Alexander","FC Augsburg","Deutschland","11","25.03.1990","MF"
"Caiuby","FC Augsburg","Brasilien","30","14.07.1988","MF"
"Hitz; Marwin","FC Augsburg","Schweiz","35","18.09.1987","GK"
"Verhaegh; Paul","FC Augsburg","Niederlande","2","01.09.1983","DF"
"Kurz; Bastian","FC Augsburg","Deutschland","26","23.09.1996","DF"
"Reinthaler; Max","FC Augsburg","Italien","36","22.03.1995","MF"
"Werner; Tobias","FC Augsburg","Deutschland","13","19.07.1985","MF"
"Cleber","Hamburger SV","Brasilien","3","05.12.1990","DF"
"Djourou; Johan","Hamburger SV","Schweiz","5","18.01.1987","DF"
"Ekdal; Albin","Hamburger SV","Schweden","20","28.07.1989","MF"
"Drobny; Jaroslav","Hamburger SV","Tschechien","1","18.10.1979","GK"
"Hirzel; Andreas","Hamburger SV","Schweiz","30","25.03.1993","GK"
"Marcos; Ronny","Hamburger SV","Mosambik","31","01.10.1993","DF"
"Hunt; Aaron","Hamburger SV","Deutschland","14","04.09.1986","MF"
"Jung; Gideon","Hamburger SV","Deutschland","28","12.09.1994","DF"
"Schipplock; Sven","Hamburger SV","Deutschland","9","08.11.1988","FW"
"Stieber; Zoltan","Hamburger SV","Ungarn","17","16.10.1988","MF"
"Götz; Ashton-Phillip","Hamburger SV","Deutschland","39","16.07.1993","DF"
"Lasogga; Pierre-Michel","Hamburger SV","Deutschland","10","15.12.1991","FW"
"Kacar; Gojko","Hamburger SV","Serbien","40","26.01.1987","MF"
"Müller; Philipp","Hamburger SV","Deutschland","26","03.03.1995","FW"
"Müller; Nicolai","Hamburger SV","Deutschland","27","25.09.1987","MF"
"Spahic; Emir","Hamburger SV","Bosnien-Herzegowina","4","18.08.1980","DF"
"Rudnevs; Artjoms","Hamburger SV","Lettland","16","13.01.1988","FW"
"Ostrzolek; Matthias","Hamburger SV","Deutschland","22","05.06.1990","DF"
"Diaz; Marcelo","Hamburger SV","Chile","21","30.12.1986","MF"
"Olic; Ivica","Hamburger SV","Kroatien","11","14.09.1979","FW"
"Diekmeier; Dennis","Hamburger SV","Deutschland","2","20.10.1989","DF"
"Holtby; Lewis","Hamburger SV","Deutschland","8","18.09.1990","MF"
"Adler; René","Hamburger SV","Deutschland","15","15.01.1985","GK"
"Gregoritsch; Michael","Hamburger SV","Österreich","23","18.04.1994","FW"
"Altintas; Batuhan","Hamburger SV","Türkei","33","14.03.1996","FW"
"Sakai; Gotoku","Hamburger SV","Japan","24","14.03.1991","DF"
"Ilicevic; Ivo","Hamburger SV","Kroatien","7","14.11.1986","MF"
"Vogt; Kevin","1. FC Köln","Deutschland","6","23.09.1991","MF"
"Olkowski; Pawel","1. FC Köln","Polen","16","13.02.1990","DF"
"Osako; Yuya","1. FC Köln","Japan","13","18.05.1990","FW"
"Nagasawa; Kazuki","1. FC Köln","Japan","25","16.12.1991","MF"
"Kessler; Thomas","1. FC Köln","Deutschland","18","20.01.1986","GK"
"Sörensen; Frederik","1. FC Köln","Dänemark","4","14.04.1992","DF"
"Bittencourt; Leonardo","1. FC Köln","Deutschland","21","19.12.1993","MF"
"Modeste; Anthony","1. FC Köln","Frankreich","27","14.04.1988","FW"
"Finne; Bard","1. FC Köln","Norwegen","26","13.02.1995","FW"
"Hosiner; Philipp","1. FC Köln","Österreich","15","15.05.1989","FW"
"Maroh; Dominic","1. FC Köln","Slowenien","5","04.03.1987","DF"
"Gerhardt; Yannick","1. FC Köln","Deutschland","31","13.03.1994","MF"
"Svento; Dusan","1. FC Köln","Slowakei","29","01.08.1985","MF"
"Mesenhöler; Daniel","1. FC Köln","Deutschland","37","24.07.1995","GK"
"Heintz; Dominique","1. FC Köln","Deutschland","3","15.08.1993","DF"
"Risse; Marcel","1. FC Köln","Deutschland","7","17.12.1989","MF"
"Mavraj; Mergim","1. FC Köln","Albanien","19","09.06.1986","DF"
"Jojic; Milos","1. FC Köln","Serbien","8","19.03.1992","MF"
"Hector; Jonas","1. FC Köln","Deutschland","14","27.05.1990","DF"
"Lehmann; Matthias","1. FC Köln","Deutschland","33","28.05.1983","MF"
"Zoller; Simon","1. FC Köln","Deutschland","11","26.06.1991","FW"
"Horn; Timo","1. FC Köln","Deutschland","1","12.05.1993","GK"
"Jairo","1. FSV Mainz 05","Spanien","17","11.07.1993","MF"
"Zimling; Niki","1. FSV Mainz 05","Dänemark","25","19.04.1985","MF"
"Baumgartlinger; Julian","1. FSV Mainz 05","Österreich","14","02.01.1988","MF"
"Jara; Gonzalo","1. FSV Mainz 05","Chile","2","29.08.1985","DF"
"Huth; Jannik","1. FSV Mainz 05","Deutschland","33","15.04.1994","GK"
"Moritz; Christoph","1. FSV Mainz 05","Deutschland","8","27.01.1990","MF"
"Bengtsson; Pierre","1. FSV Mainz 05","Schweden","7","12.04.1988","DF"
"Cordoba; Jhon","1. FSV Mainz 05","Kolumbien","15","11.05.1993","FW"
"De Blasis; Pablo","1. FSV Mainz 05","Argentinien","32","04.02.1988","FW"
"Curci; Gianluca","1. FSV Mainz 05","Italien","23","12.07.1985","GK"
"Soto; Elkin","1. FSV Mainz 05","Kolumbien","19","04.08.1980","MF"
"Muto; Yoshinori","1. FSV Mainz 05","Japan","9","15.07.1992","FW"
"Niederlechner; Florian","1. FSV Mainz 05","Deutschland","31","24.10.1990","FW"
"Latza; Danny","1. FSV Mainz 05","Deutschland","6","07.12.1989","MF"
"Malli; Yunus","1. FSV Mainz 05","Deutschland","10","24.02.1992","MF"
"Bell; Stefan","1. FSV Mainz 05","Deutschland","16","24.08.1991","DF"
"Karius; Loris","1. FSV Mainz 05","Deutschland","1","22.06.1993","GK"
"Clemens; Christian","1. FSV Mainz 05","Deutschland","27","04.08.1991","MF"
"Bussmann; Gaetan","1. FSV Mainz 05","Frankreich","24","02.02.1991","DF"
"Beister; Maximilian","1. FSV Mainz 05","Deutschland","11","06.09.1990","MF"
"Bungert; Niko","1. FSV Mainz 05","Deutschland","26","24.10.1986","DF"
"Brosinski; Daniel","1. FSV Mainz 05","Deutschland","18","17.07.1988","DF"
"Frei; Fabian","1. FSV Mainz 05","Schweiz","20","08.01.1989","MF"
"Parker; Devante","1. FSV Mainz 05","Deutschland","29","16.03.1996","MF"
"Serdar; Suat","1. FSV Mainz 05","Deutschland","xx","11.04.1997","MF"
"Nedelev; Todor","1. FSV Mainz 05","Bulgarien","28","07.02.1993","MF"
"Balogun; Leon","1. FSV Mainz 05","Nigeria","3","28.06.1988","DF"
"Sereno; Henrique","1. FSV Mainz 05","Portugal","5","18.05.1985","DF"
"Rafinha","Bayern München","Brasilien","13","07.09.1985","DF"
"Kimmich; Joshua","Bayern München","Deutschland","32","08.02.1995","MF"
"Badstuber; Holger","Bayern München","Deutschland","28","13.03.1989","DF"
"Green; Julian","Bayern München","USA","37","06.06.1995","MF"
"Coman; Kingsley","Bayern München","Frankreich","29","13.06.1996","MF"
"Gaudino; Gianluca","Bayern München","Deutschland","16","11.11.1996","MF"
"Javi Martinez","Bayern München","Spanien","8","02.09.1988","DF"
"Rode; Sebastian","Bayern München","Deutschland","20","11.10.1990","MF"
"Robben; Arjen","Bayern München","Niederlande","10","23.01.1984","MF"
"Vidal; Arturo","Bayern München","Chile","23","22.05.1987","MF"
"Boateng; Jerome","Bayern München","Deutschland","17","03.09.1988","DF"
"Ulreich; Sven","Bayern München","Deutschland","26","03.08.1988","GK"
"Xabi Alonso","Bayern München","Spanien","14","25.11.1981","MF"
"Kirchhoff; Jan","Bayern München","Deutschland","15","01.10.1990","DF"
"Neuer; Manuel","Bayern München","Deutschland","1","27.03.1986","GK"
"Kurt; Sinan","Bayern München","Deutschland","24","23.07.1996","FW"
"Douglas Costa","Bayern München","Brasilien","11","14.09.1990","MF"
"Götze; Mario","Bayern München","Deutschland","19","03.06.1992","MF"
"Lahm; Philipp","Bayern München","Deutschland","21","11.11.1983","MF"
"Thiago","Bayern München","Spanien","6","11.04.1991","MF"
"Starke; Tom","Bayern München","Deutschland","22","18.03.1981","GK"
"Alaba; David","Bayern München","Österreich","27","24.06.1992","DF"
"Müller; Thomas","Bayern München","Deutschland","25","13.09.1989","MF"
"Ribery; Franck","Bayern München","Frankreich","7","07.04.1983","MF"
"Juan Bernat","Bayern München","Spanien","18","01.03.1993","DF"
"Lewandowski; Robert","Bayern München","Polen","9","21.08.1988","FW"
"Weihrauch; Patrick","Bayern München","Deutschland","xx","03.03.1994","FW"
"Benatia; Medhi","Bayern München","Marokko","5","17.04.1987","DF"
"Prib; Edgar","Hannover 96","Deutschland","7","15.12.1989","MF"
"Hirsch; Maurice","Hannover 96","Deutschland","23","30.05.1993","MF"
"Schmiedebach; Manuel","Hannover 96","Deutschland","8","05.12.1988","MF"
"Saint-Maximin; Allan","Hannover 96","Frankreich","14","12.03.1997","FW"
"Zieler; Ron-Robert","Hannover 96","Deutschland","1","12.02.1989","GK"
"Gülselam; Ceyhun","Hannover 96","Türkei","6","25.12.1987","MF"
"Klaus; Felix","Hannover 96","Deutschland","11","13.09.1992","MF"
"Albornoz; Miiko","Hannover 96","Chile","3","30.11.1990","DF"
"Bähre; Mike-Steven","Hannover 96","Deutschland","33","10.08.1995","MF"
"Kiyotake; Hiroshi","Hannover 96","Japan","10","12.11.1989","MF"
"Rankovic; Vladimir","Hannover 96","Deutschland","27","27.06.1993","DF"
"Schulz; Christian","Hannover 96","Deutschland","19","01.04.1983","DF"
"Andreasen; Leon","Hannover 96","Dänemark","2","23.04.1983","MF"
"Königsmann; Timo","Hannover 96","Deutschland","40","05.04.1997","GK"
"Sané; Salif","Hannover 96","Senegal","5","25.08.1990","MF"
"Anton; Waldemar","Hannover 96","Deutschland","31","20.07.1996","DF"
"Sorg; Oliver","Hannover 96","Deutschland","29","29.05.1990","DF"
"Radlinger; Samuel","Hannover 96","Österreich","30","07.11.1992","GK"
"Teichgräber; Niklas","Hannover 96","Deutschland","37","07.02.1996","DF"
"Erdinc; Mevlüt","Hannover 96","Türkei","39","25.02.1987","FW"
"Marcelo","Hannover 96","Brasilien","25","20.05.1987","DF"
"Felipe","Hannover 96","Brasilien","20","15.05.1987","DF"
"Hoffmann; Andre","Hannover 96","Deutschland","15","28.02.1993","DF"
"Karaman; Kenan","Hannover 96","Türkei","26","05.03.1994","FW"
"Dierßen; Tim","Hannover 96","Deutschland","34","15.01.1996","MF"
"Ernst; Sebastian","Hannover 96","Deutschland","36","04.03.1995","MF"
"Sakai; Hiroki","Hannover 96","Japan","4","12.04.1990","DF"
"Benschop; Charlison","Hannover 96","Niederlande","35","21.08.1989","FW"
"Bech; Uffe","Hannover 96","Dänemark","17","13.01.1993","MF"
"Tschauner; Philipp","Hannover 96","Deutschland","13","03.11.1985","GK"
"Sobiech; Artur","Hannover 96","Polen","9","12.06.1990","FW"
"Sulejmani; Valmir","Hannover 96","Albanien","38","01.02.1996","MF"
"Medojevic; Slobodan","Eintracht Frankfurt","Serbien","25","20.11.1990","MF"
"Kinsombi; David","Eintracht Frankfurt","Deutschland","31","12.12.1995","DF"
"Anderson","Eintracht Frankfurt","Brasilien","23","10.01.1988","DF"
"Hasebe; Makoto","Eintracht Frankfurt","Japan","20","18.01.1984","MF"
"Ignjovski; Aleksandar","Eintracht Frankfurt","Serbien","27","27.01.1991","DF"
"Reinartz; Stefan","Eintracht Frankfurt","Deutschland","7","01.01.1989","MF"
"Gacinovic; Mijat","Eintracht Frankfurt","Serbien","11","08.02.1995","MF"
"Djakpa; Constant","Eintracht Frankfurt","Elfenbeinküste","15","17.10.1986","DF"
"Kittel; Sonny","Eintracht Frankfurt","Deutschland","28","06.01.1993","MF"
"Seferovic; Haris","Eintracht Frankfurt","Schweiz","9","22.02.1992","FW"
"Gerezgiher; Joel","Eintracht Frankfurt","Deutschland","32","09.10.1995","MF"
"Lindner; Heinz","Eintracht Frankfurt","Österreich","13","17.07.1990","GK"
"Chandler; Timothy","Eintracht Frankfurt","USA","22","29.03.1990","DF"
"Castaignos; Luc","Eintracht Frankfurt","Niederlande","30","27.09.1992","FW"
"Flum; Johannes","Eintracht Frankfurt","Deutschland","18","14.12.1987","MF"
"Kadlec; Vaclav","Eintracht Frankfurt","Tschechien","10","20.05.1992","FW"
"Abraham; David","Eintracht Frankfurt","Argentinien","19","15.07.1986","DF"
"Russ; Marco","Eintracht Frankfurt","Deutschland","4","04.08.1985","DF"
"Meier; Alexander","Eintracht Frankfurt","Deutschland","14","17.01.1983","FW"
"Balayev; Emil","Eintracht Frankfurt","Aserbaidschan","29","17.04.1994","GK"
"Hradecky; Lukas","Eintracht Frankfurt","Finnland","1","24.11.1989","GK"
"Zambrano; Carlos","Eintracht Frankfurt","Peru","5","10.07.1989","DF"
"Waldschmidt; Luca","Eintracht Frankfurt","Deutschland","24","19.05.1996","FW"
"Stendera; Marc","Eintracht Frankfurt","Deutschland","21","10.12.1995","MF"
"Aigner; Stefan","Eintracht Frankfurt","Deutschland","16","20.08.1987","MF"
"Zummack; Yannick","Eintracht Frankfurt","Deutschland","33","26.03.1996","GK"
"Oczipka; Bastian","Eintracht Frankfurt","Deutschland","6","12.01.1989","DF"
"Ben-Hatira; Änis","Hertha BSC","Tunesien","10","18.07.1988","MF"
"van den Bergh; Johannes","Hertha BSC","Deutschland","23","21.11.1986","DF"
"Körber; Nils-Jonathan","Hertha BSC","Deutschland","29","13.11.1996","GK"
"Kohls; Florian","Hertha BSC","Deutschland","31","03.04.1995","MF"
"Jarstein; Rune","Hertha BSC","Norwegen","22","29.09.1984","GK"
"Cigerci; Tolga","Hertha BSC","Deutschland","17","23.03.1992","MF"
"Stark; Niklas","Hertha BSC","Deutschland","5","14.04.1995","DF"
"Gersbeck; Marius","Hertha BSC","Deutschland","35","20.06.1995","GK"
"Allagui; Sami","Hertha BSC","Tunesien","11","28.05.1986","FW"
"Kalou; Salomon","Hertha BSC","Elfenbeinküste","8","05.08.1985","FW"
"Hegeler; Jens","Hertha BSC","Deutschland","13","22.01.1988","MF"
"Plattenhardt; Marvin","Hertha BSC","Deutschland","21","26.01.1992","DF"
"Stocker; Valentin","Hertha BSC","Schweiz","14","12.04.1989","MF"
"Skjelbred; Per Ciljan","Hertha BSC","Norwegen","3","16.06.1987","MF"
"Baumjohann; Alexander","Hertha BSC","Deutschland","9","23.01.1987","MF"
"Haraguchi; Genki","Hertha BSC","Japan","24","09.05.1991","MF"
"Ronny","Hertha BSC","Brasilien","12","11.05.1986","MF"
"Brooks; John Anthony","Hertha BSC","USA","25","28.01.1993","DF"
"Weiser; Mitchell","Hertha BSC","Deutschland","20","21.04.1994","MF"
"Ibisevic; Vedad","Hertha BSC","Bosnien-Herzegowina","19","06.08.1984","FW"
"Lustenberger; Fabian","Hertha BSC","Schweiz","28","02.05.1988","MF"
"Pekarik; Peter","Hertha BSC","Slowakei","2","30.10.1986","DF"
"Langkamp; Sebastian","Hertha BSC","Deutschland","15","15.01.1988","DF"
"Darida; Vladimir","Hertha BSC","Tschechien","6","08.08.1990","MF"
"Beerens; Roy","Hertha BSC","Niederlande","27","22.12.1987","MF"
"Schieber; Julian","Hertha BSC","Deutschland","16","13.02.1989","FW"
"Kraft; Thomas","Hertha BSC","Deutschland","1","22.07.1988","GK"
"Mittelstädt; Maximilian","Hertha BSC","Deutschland","34","18.03.1997","DF"
"Baumann; Oliver","TSG Hoffenheim","Deutschland","1","02.06.1990","GK"
"Volland; Kevin","TSG Hoffenheim","Deutschland","31","30.07.1992","FW"
"Polanski; Eugen","TSG Hoffenheim","Polen","8","17.03.1986","MF"
"Kuranyi; Kevin","TSG Hoffenheim","Deutschland","22","02.03.1982","FW"
"Elyounoussi; Tarik","TSG Hoffenheim","Norwegen","14","23.02.1988","MF"
"Kim; Jin-Su","TSG Hoffenheim","Südkorea","20","13.06.1992","DF"
"Strobl; Tobias","TSG Hoffenheim","Deutschland","12","12.05.1990","DF"
"Szalai; Adam","TSG Hoffenheim","Ungarn","28","09.12.1987","FW"
"Schmid; Jonathan","TSG Hoffenheim","Frankreich","10","22.06.1990","MF"
"Rapp; Nicolai","TSG Hoffenheim","Deutschland","21","13.12.1996","DF"
"Joelinton","TSG Hoffenheim","Brasilien","40","14.08.1996","FW"
"Schär; Fabian","TSG Hoffenheim","Schweiz","5","20.12.1991","DF"
"Grahl; Jens","TSG Hoffenheim","Deutschland","13","22.09.1988","GK"
"Rudy; Sebastian","TSG Hoffenheim","Deutschland","6","28.02.1990","MF"
"Malbasic; Filip","TSG Hoffenheim","Serbien","xx","18.11.1992","MF"
"Zuber; Steven","TSG Hoffenheim","Schweiz","17","17.08.1991","MF"
"Kaderabek; Pavel","TSG Hoffenheim","Tschechien","3","25.04.1992","DF"
"Ochs; Philipp","TSG Hoffenheim","Deutschland","30","17.04.1997","FW"
"Süle; Niklas","TSG Hoffenheim","Deutschland","25","03.09.1995","DF"
"Schwegler; Pirmin","TSG Hoffenheim","Schweiz","16","09.03.1987","MF"
"Herdling; Kai","TSG Hoffenheim","Deutschland","38","27.06.1984","MF"
"Gimber; Benedikt","TSG Hoffenheim","Deutschland","32","19.02.1997","DF"
"Vargas; Eduardo","TSG Hoffenheim","Chile","9","20.11.1989","MF"
"Bicakcic; Ermin","TSG Hoffenheim","Bosnien-Herzegowina","4","24.01.1990","DF"
"Amiri; Nadiem","TSG Hoffenheim","Deutschland","18","27.10.1996","MF"
"Hamad; Jiloan","TSG Hoffenheim","Schweden","11","06.11.1990","MF"
"Uth; Mark","TSG Hoffenheim","Deutschland","19","24.08.1991","FW"
"Stolz; Alexander","TSG Hoffenheim","Deutschland","33","13.10.1983","GK"
"Toljan; Jeremy","TSG Hoffenheim","Deutschland","15","08.08.1994","DF"
"Groß; Pascal","FC Ingolstadt 04","Deutschland","10","15.06.1991","MF"
"Leckie; Mathew","FC Ingolstadt 04","Australien","7","04.02.1991","FW"
"Kachunga; Elias","FC Ingolstadt 04","Deutschland","25","22.04.1992","FW"
"Bregerie; Romain","FC Ingolstadt 04","Frankreich","18","09.08.1986","DF"
"Nyland; Örjan","FC Ingolstadt 04","Norwegen","26","10.09.1990","GK"
"Levels; Tobias","FC Ingolstadt 04","Deutschland","28","22.11.1986","DF"
"Hinterseer; Lukas","FC Ingolstadt 04","Österreich","16","28.03.1991","FW"
"Multhaup; Maurice","FC Ingolstadt 04","Deutschland","xx","15.12.1996","MF"
"Danilo","FC Ingolstadt 04","Brasilien","15","29.10.1991","DF"
"Engel; Konstantin","FC Ingolstadt 04","Kasachstan","20","27.07.1988","DF"
"Pledl; Thomas","FC Ingolstadt 04","Deutschland","30","23.05.1994","MF"
"Ortag; Christian","FC Ingolstadt 04","Deutschland","39","14.01.1995","GK"
"Bauer; Robert","FC Ingolstadt 04","Deutschland","23","09.04.1995","MF"
"Christiansen; Max","FC Ingolstadt 04","Deutschland","19","25.09.1996","MF"
"Morales; Alfredo","FC Ingolstadt 04","USA","6","12.05.1990","MF"
"Hübner; Benjamin","FC Ingolstadt 04","Deutschland","5","04.07.1989","DF"
"Suttner; Markus","FC Ingolstadt 04","Österreich","29","16.04.1987","DF"
"Roger","FC Ingolstadt 04","Brasilien","8","10.08.1985","MF"
"Cohen; Almog","FC Ingolstadt 04","Israel","36","01.09.1988","MF"
"Pekhart; Tomas","FC Ingolstadt 04","Tschechien","11","26.05.1989","FW"
"Özcan; Ramazan","FC Ingolstadt 04","Österreich","1","28.06.1984","GK"
"da Costa; Danny","FC Ingolstadt 04","Deutschland","21","13.07.1993","DF"
"Matip; Marvin","FC Ingolstadt 04","Kamerun","34","25.09.1985","DF"
"Lex; Stefan","FC Ingolstadt 04","Deutschland","14","27.11.1989","MF"
"Wannenwetsch; Stefan","FC Ingolstadt 04","Deutschland","22","19.01.1992","MF"
"Hartmann; Moritz","FC Ingolstadt 04","Deutschland","9","20.06.1986","FW"
"Gruezo; Carlos","VfB Stuttgart","Ecuador","11","19.04.1995","MF"
"Langerak; Mitchell","VfB Stuttgart","Australien","1","22.08.1988","GK"
"Heise; Philip","VfB Stuttgart","Deutschland","14","20.06.1991","DF"
"Werner; Timo","VfB Stuttgart","Deutschland","19","06.03.1996","FW"
"Tyton; Przemyslaw","VfB Stuttgart","Polen","22","04.01.1987","GK"
"Kostic; Filip","VfB Stuttgart","Serbien","18","01.11.1992","MF"
"Gentner; Christian","VfB Stuttgart","Deutschland","20","14.08.1985","MF"
"Ferati; Arianit","VfB Stuttgart","Deutschland","31","07.09.1997","MF"
"Serey Dié","VfB Stuttgart","Elfenbeinküste","26","07.11.1984","MF"
"Sunjic; Toni","VfB Stuttgart","Bosnien-Herzegowina","4","15.12.1988","DF"
"Didavi; Daniel","VfB Stuttgart","Deutschland","10","21.02.1990","MF"
"Baumgartl; Timo","VfB Stuttgart","Deutschland","5","04.03.1996","DF"
"Schwaab; Daniel","VfB Stuttgart","Deutschland","3","23.08.1988","DF"
"Hlousek; Adam","VfB Stuttgart","Tschechien","21","20.12.1988","DF"
"Insua; Emiliano","VfB Stuttgart","Argentinien","2","07.01.1989","DF"
"Niedermeier; Georg","VfB Stuttgart","Deutschland","6","26.02.1986","DF"
"Klein; Florian","VfB Stuttgart","Österreich","16","17.11.1986","DF"
"Wanitzek; Marvin","VfB Stuttgart","Deutschland","28","07.05.1993","MF"
"Kiesewetter; Jerome","VfB Stuttgart","USA","42","09.02.1993","FW"
"Ginczek; Daniel","VfB Stuttgart","Deutschland","33","13.04.1991","FW"
"Kruse; Robbie","VfB Stuttgart","Australien","9","05.10.1988","FW"
"Harnik; Martin","VfB Stuttgart","Österreich","7","10.06.1987","FW"
"Maxim; Alexandru","VfB Stuttgart","Rumänien","44","08.07.1990","MF"
"Ristl; Mart","VfB Stuttgart","Deutschland","27","07.07.1996","MF"
"Vlachodimos; Odisseas","VfB Stuttgart","Deutschland","17","26.04.1994","GK"
"Kliment; Jan","VfB Stuttgart","Tschechien","39","01.09.1993","FW"
"Rupp; Lukas","VfB Stuttgart","Deutschland","8","08.01.1991","MF"
"Kramer; Christoph","Bayer 04 Leverkusen","Deutschland","23","19.02.1991","MF"
"Ryu; Seung-Woo","Bayer 04 Leverkusen","Südkorea","24","17.12.1993","MF"
"Hernandez; Javier","Bayer 04 Leverkusen","Mexiko","7","01.06.1988","FW"
"Frey; Marlon","Bayer 04 Leverkusen","Deutschland","37","24.03.1996","MF"
"Jedvaj; Tin","Bayer 04 Leverkusen","Kroatien","16","28.11.1995","DF"
"Tah; Jonathan","Bayer 04 Leverkusen","Deutschland","4","11.02.1996","DF"
"Leno; Bernd","Bayer 04 Leverkusen","Deutschland","1","04.03.1992","GK"
"Hilbert; Roberto","Bayer 04 Leverkusen","Deutschland","13","16.10.1984","DF"
"Wendell","Bayer 04 Leverkusen","Brasilien","18","20.07.1993","DF"
"Kießling; Stefan","Bayer 04 Leverkusen","Deutschland","11","25.01.1984","FW"
"Calhanoglu; Hakan","Bayer 04 Leverkusen","Türkei","10","08.02.1994","MF"
"Toprak; Ömer","Bayer 04 Leverkusen","Türkei","21","21.07.1989","DF"
"Kresic; Dario","Bayer 04 Leverkusen","Kroatien","25","11.01.1984","GK"
"Boenisch; Sebastian","Bayer 04 Leverkusen","Polen","17","01.02.1987","DF"
"Yelldell; David","Bayer 04 Leverkusen","USA","22","01.10.1981","GK"
"Boeder; Lukas","Bayer 04 Leverkusen","Deutschland","33","18.04.1997","DF"
"Brandt; Julian","Bayer 04 Leverkusen","Deutschland","19","02.05.1996","FW"
"Donati; Giulio","Bayer 04 Leverkusen","Italien","26","05.02.1990","DF"
"Kampl; Kevin","Bayer 04 Leverkusen","Slowenien","44","09.10.1990","MF"
"Papadopoulos; Kyriakos","Bayer 04 Leverkusen","Griechenland","5","23.02.1992","DF"
"Aranguiz; Charles","Bayer 04 Leverkusen","Chile","20","17.04.1989","MF"
"Ramalho; André","Bayer 04 Leverkusen","Brasilien","2","16.02.1992","DF"
"Yurchenko; Vladlen","Bayer 04 Leverkusen","Ukraine","35","22.01.1994","MF"
"Mehmedi; Admir","Bayer 04 Leverkusen","Schweiz","14","16.03.1991","FW"
"Bellarabi; Karim","Bayer 04 Leverkusen","Deutschland","38","08.04.1990","FW"
"Bender; Lars","Bayer 04 Leverkusen","Deutschland","8","27.04.1989","MF"
"Sailer; Marco","SV Darmstadt 98","Deutschland","7","16.11.1985","FW"
"Finger; Jan","SV Darmstadt 98","Deutschland","36","02.01.1997","MF"
"Holland; Fabian","SV Darmstadt 98","Deutschland","32","11.07.1990","DF"
"Kazimi; Ali","SV Darmstadt 98","Deutschland","37","30.06.1997","MF"
"Ivana; Milan","SV Darmstadt 98","Slowakei","27","26.11.1983","MF"
"Heller; Marcel","SV Darmstadt 98","Deutschland","20","12.02.1986","MF"
"Jungwirth; Florian","SV Darmstadt 98","Deutschland","23","27.01.1989","MF"
"Caldirola; Luca","SV Darmstadt 98","Italien","33","01.02.1991","DF"
"Volk; Nick","SV Darmstadt 98","Deutschland","38","12.11.1997","MF"
"Gorka; Benjamin","SV Darmstadt 98","Deutschland","5","15.04.1984","DF"
"Sirigu; Sandro","SV Darmstadt 98","Deutschland","17","07.10.1988","DF"
"Rausch; Konstantin","SV Darmstadt 98","Deutschland","34","15.03.1990","MF"
"Wembacher; Noel","SV Darmstadt 98","Deutschland","39","15.03.1997","DF"
"Mathenia; Christian","SV Darmstadt 98","Deutschland","31","31.03.1992","GK"
"Junior Diaz","SV Darmstadt 98","Costa Rica","15","12.09.1983","DF"
"Wagner; Sandro","SV Darmstadt 98","Deutschland","14","29.11.1987","FW"
"Stroh-Engel; Dominik","SV Darmstadt 98","Deutschland","9","27.11.1985","FW"
"Vrancic; Mario","SV Darmstadt 98","Bosnien-Herzegowina","6","23.05.1989","MF"
"Niemeyer; Peter","SV Darmstadt 98","Deutschland","18","22.11.1983","MF"
"Stegmayer; Michael","SV Darmstadt 98","Deutschland","3","12.01.1985","DF"
"Garics; György","SV Darmstadt 98","Österreich","13","08.03.1984","DF"
"Sulu; Aytac","SV Darmstadt 98","Türkei","4","11.12.1985","DF"
"Rosenthal; Jan","SV Darmstadt 98","Deutschland","10","07.04.1986","MF"
"Gondorf; Jerome","SV Darmstadt 98","Deutschland","8","26.06.1988","MF"
"Kempe; Tobias","SV Darmstadt 98","Deutschland","11","27.06.1989","MF"
"Platins; Patrick","SV Darmstadt 98","Deutschland","1","19.04.1983","GK"
"Stark; Yannick","SV Darmstadt 98","Deutschland","25","28.10.1990","MF"
"Platte; Felix","FC Schalke 04","Deutschland","36","11.02.1996","FW"
"Nübel; Alexander","FC Schalke 04","Deutschland","35","30.09.1996","GK"
"Junior Caicara","FC Schalke 04","Brasilien","3","27.04.1989","DF"
"Boateng; Kevin-Prince","FC Schalke 04","Ghana","xx","06.03.1987","MF"
"Choupo-Moting; Eric Maxim","FC Schalke 04","Kamerun","13","23.03.1989","FW"
"Geis; Johannes","FC Schalke 04","Deutschland","5","17.08.1993","MF"
"Sam; Sidney","FC Schalke 04","Deutschland","18","31.01.1988","FW"
"Kolasinac; Sead","FC Schalke 04","Bosnien-Herzegowina","6","20.06.1993","DF"
"Meyer; Max","FC Schalke 04","Deutschland","7","18.09.1995","MF"
"Fährmann; Ralf","FC Schalke 04","Deutschland","1","27.09.1988","GK"
"Friedrich; Marvin","FC Schalke 04","Deutschland","2","13.12.1995","DF"
"Aogo; Dennis","FC Schalke 04","Deutschland","15","14.01.1987","DF"
"Kehrer; Thilo","FC Schalke 04","Deutschland","20","21.09.1996","DF"
"Giefer; Fabian","FC Schalke 04","Deutschland","34","17.05.1990","GK"
"Nastasic; Matija","FC Schalke 04","Serbien","31","28.03.1993","DF"
"Höwedes; Benedikt","FC Schalke 04","Deutschland","4","29.02.1988","DF"
"Ayhan; Kaan","FC Schalke 04","Türkei","24","10.11.1994","DF"
"Gspurning; Michael","FC Schalke 04","Österreich","30","02.05.1981","GK"
"Goretzka; Leon","FC Schalke 04","Deutschland","8","06.02.1995","MF"
"Höjbjerg; Pierre-Emile","FC Schalke 04","Dänemark","23","05.08.1995","MF"
"Sané; Leroy","FC Schalke 04","Deutschland","19","11.01.1996","FW"
"Neustädter; Roman","FC Schalke 04","Deutschland","33","18.02.1988","MF"
"Huntelaar; Klaas Jan","FC Schalke 04","Niederlande","25","12.08.1983","FW"
"Riether; Sascha","FC Schalke 04","Deutschland","27","23.03.1983","DF"
"di Santo; Franco","FC Schalke 04","Argentinien","9","07.04.1989","FW"
"Uchida; Atsuto","FC Schalke 04","Japan","22","27.03.1988","DF"
"Matip; Joel","FC Schalke 04","Kamerun","32","08.08.1991","DF"
"Felipe Santana","FC Schalke 04","Brasilien","28","17.03.1986","DF"
"Höger; Marco","FC Schalke 04","Deutschland","12","16.09.1989","MF"
