"fn","ln","cn","ag","sn","ht","cb","ps","no","db","go/at","nt"
"Player---givenName","Player---familyName","League---name","Player---age","Player---name","Player---height","SportsClub---name","Player---playPosition","Player---tag","Player---birthDate","Player---goalScored","SportsTeam---name"
"Alberto","Bot??a","GRE","26","Bot??a","187","Olympiacos","2","3","27.01.1989","1","ESP"
"Andreas","Bouchalakis","GRE","22","Bouchalakis","186","Olympiacos","3","8","05.04.1993","0","GRE"
"Ideye","Brown","GRE","26","Ideye","180","Olympiacos","4","99","10.10.1988","4","NGA"
"Esteban","Cambiasso","GRE","35","Cambiasso","177","Olympiacos","3","91","18.08.1980","6","ARG"
"Lefteris","Choutesiotis","GRE","21","Choutesiotis","192","Olympiacos","1","33","20.07.1994","0","GRE"
"Manuel","da Costa","GRE","29","Da Costa","191","Olympiacos","2","6","06.05.1986","0","MAR"
"Alejandro","Dom??nguez","GRE","34","Dom??nguez","175","Olympiacos","3","10","10.06.1981","7","ARG"
"Omar","Elabdellaoui","GRE","23","Elabdellaoui","179","Olympiacos","2","14","05.12.1991","0","NOR"
"Alfred","Finnbogason","GRE","26","Finnbogason","181","Olympiacos","4","9","01.02.1989","1","ISL"
"Kostas","Fortounis","GRE","22","Fortounis","182","Olympiacos","3","7","16.10.1992","0","GRE"
"","Hern?õni","GRE","24","Hern?õni","180","Olympiacos","4","77","20.08.1991","0","POR"
"Stefanos","Kapino","GRE","21","Kapino","193","Olympiacos","1","37","18.03.1994","0","GRE"
"Pajtim","Kasami","GRE","23","Kasami","187","Olympiacos","3","11","02.06.1992","1","SUI"
"Qazim","Laci","GRE","19","Laci","176","Olympiacos","3","15","19.01.1996","0","ALB"
"","Leandro Salino","GRE","30","Leandro Salino","168","Olympiacos","2","30","22.04.1985","0","BRA"
"Giannis","Maniatis","GRE","28","Maniatis","178","Olympiacos","2","2","12.10.1986","1","GRE"
"Arthur","Masuaku","GRE","21","Masuaku","179","Olympiacos","2","26","07.11.1993","1","FRA"
"Luka","Milivojevié?","GRE","24","Milivojevié?","182","Olympiacos","3","5","07.04.1991","0","SRB"
"Felipe","Pardo","GRE","25","Pardo","","Olympiacos","4","90","17.08.1990","0","COL"
"Alan","Pulido","GRE","24","Pulido","175","Olympiacos","4","17","08.03.1991","0","MEX"
"","Roberto","GRE","29","Roberto","195","Olympiacos","1","16","10.02.1986","0","ESP"
"Manolis","Saliakas","GRE","19","Saliakas","175","Olympiacos","2","34","12.09.1996","0","GRE"
"","Seb?≠","GRE","23","Seb?≠","182","Olympiacos","4","92","08.06.1992","0","BRA"
"Dimitris","Siovas","GRE","27","Siovas","191","Olympiacos","2","23","16.09.1988","0","GRE"
"Praxitelis","Vouros","GRE","20","Vouros","183","Olympiacos","2","29","05.05.1995","0","GRE"
"Nana","Asare","BEL","29","Asare","175","Gent","2","21","11.07.1986","0","GHA"
"Kalifa","Coulibaly","BEL","24","Coulibaly","197","Gent","3","7","21.08.1991","0","MLI"
"Brecht","Dejaegere","BEL","24","Dejaegere","174","Gent","3","19","29.05.1991","0","BEL"
"Laurent","Depoitre","BEL","26","Depoitre","191","Gent","4","9","07.12.1988","0","BEL"
"Thomas","Foket","BEL","20","Foket","177","Gent","3","32","25.09.1994","0","BEL"
"Erik","Johansson","BEL","26","E. Johansson","180","Gent","2","5","30.12.1988","0","SWE"
"Sven","Kums","BEL","27","Kums","178","Gent","3","14","26.02.1988","0","BEL"
"Thomas","Matton","BEL","29","Matton","180","Gent","3","8","24.10.1985","0","BEL"
"Danijel","Milicevic","BEL","29","Milicevic","177","Gent","3","77","05.01.1986","1","SUI"
"Stefan","Mitrovié?","BEL","25","S. Mitrovié?","","Gent","2","13","22.05.1990","0","SRB"
"Lasse","Nielsen","BEL","27","L. Nielsen","185","Gent","2","23","08.01.1988","0","DEN"
"Nicklas","Pedersen","BEL","27","Pedersen","187","Gent","4","28","10.10.1987","0","DEN"
"Marko","Poletanovié?","BEL","22","Poletanovié?","187","Gent","3","12","20.07.1993","0","SRB"
"","Rafinha","BEL","33","Rafinha","182","Gent","2","4","29.06.1982","1","BRA"
"Benito","Raman","BEL","20","Raman","172","Gent","4","26","07.11.1994","0","BEL"
"","Renato Neto","BEL","23","Renato Neto","187","Gent","3","10","27.09.1991","0","BRA"
"Kenneth","Saief","BEL","21","Saief","176","Gent","3","15","17.12.1993","0","ISR"
"Matz","Sels","BEL","23","Sels","188","Gent","1","1","26.02.1992","0","BEL"
"Moses","Simon","BEL","20","Simon","166","Gent","4","27","12.07.1995","0","NGA"
"Yannick","Thoelen","BEL","25","Thoelen","","Gent","1","20","18.07.1990","0","BEL"
"Hannes","Van der Bruggen","BEL","22","Van der Bruggen","180","Gent","3","17","01.04.1993","0","BEL"
"Brian","Vandenbussche","BEL","33","Vandenbussche","196","Gent","1","25","24.09.1981","0","BEL"
"Uroè≠","Vitas","BEL","23","Vitas","187","Gent","2","3","06.07.1992","0","SRB"
"Anthony","Adel","FRA","17","Adel","","Lyon","3","66","11.01.1998","0","FRA"
"Houssem","Aouar","FRA","17","Aouar","","Lyon","3","47","30.06.1998","0","FRA"
"Claudio","Beauvue","FRA","27","Beauvue","174","Lyon","4","9","16.04.1988","0","FRA"
"Henri","Bedimo","FRA","31","Bedimo","180","Lyon","2","3","04.06.1984","0","CMR"
"Abdenour","Belkacemi","FRA","16","Belkacemi","","Lyon","3","49","18.09.1999","0","FRA"
"Adil","Benjeddi","FRA","18","Benjeddi","","Lyon","2","51","29.01.1997","0","FRA"
"Milan","Biè≠evac","FRA","32","Biè≠evac","187","Lyon","2","5","31.08.1983","1","SRB"
"Timoth??","Cognat","FRA","17","Cognat","","Lyon","3","54","25.01.1998","0","FRA"
"Maxwel","Cornet","FRA","18","Cornet","179","Lyon","4","27","27.09.1996","0","FRA"
"Maxime","D'Arpino","FRA","19","D'Arpino","","Lyon","3","34","17.06.1996","0","FRA"
"J??r??my","De Sousa","FRA","19","De Sousa","","Lyon","3","52","16.01.1996","0","FRA"
"Romain","Del Castillo","FRA","19","Del Castillo","","Lyon","3","36","29.03.1996","0","FRA"
"Mouctar","Diakhaby","FRA","18","Diakhaby","","Lyon","2","41","19.12.1996","0","FRA"
"Alan","Dzabana","FRA","18","Dzabana","","Lyon","4","55","25.03.1997","0","FRA"
"Nabil","Fekir","FRA","22","Fekir","173","Lyon","3","18","18.07.1993","0","FRA"
"Jordan","Ferri","FRA","23","Ferri","172","Lyon","3","12","12.03.1992","0","FRA"
"Jordy","Gaspar","FRA","18","Gaspar","","Lyon","2","56","23.04.1997","0","FRA"
"Rachid","Ghezzal","FRA","23","Ghezzal","182","Lyon","3","11","09.05.1992","0","FRA"
"Maxime","Gonalons","FRA","26","Gonalons","185","Lyon","3","21","10.03.1989","2","FRA"
"Mathieu","Gorgelin","FRA","25","Gorgelin","187","Lyon","1","30","05.08.1990","0","FRA"
"Dorian","Grange","FRA","19","Grange","","Lyon","1","50","10.05.1996","0","FRA"
"Cl??ment","Grenier","FRA","24","Grenier","186","Lyon","3","7","07.01.1991","1","FRA"
"Isaac","Hemans Arday","FRA","18","Hemans Arday","","Lyon","2","58","26.12.1996","0","GHA"
"Christophe","Jallet","FRA","31","Jallet","178","Lyon","2","13","31.10.1983","1","FRA"
"Ulrik","Jenssen","FRA","19","U. Jenssen","","Lyon","2","35","17.07.1996","0","NOR"
"Aldo","Kalulu","FRA","19","Kalulu","","Lyon","3","26","21.01.1996","0","FRA"
"G??d??on","Kalulu","FRA","18","Kalulu","","Lyon","2","65","29.08.1997","0","FRA"
"Olivier","Kemen","FRA","19","Kemen","","Lyon","3","24","20.07.1996","0","FRA"
"Bakary","Kon??","FRA","27","B. Kon??","188","Lyon","2","4","27.04.1988","2","BFA"
"Zakarie","Labidi","FRA","20","Labidi","178","Lyon","3","32","08.02.1995","0","FRA"
"Alexandre","Lacazette","FRA","24","Lacazette","175","Lyon","4","10","28.05.1991","2","FRA"
"Stanislas","Lebongo","FRA","17","Lebongo","","Lyon","1","40","21.09.1997","0","FRA"
"Enzo","Loisi","FRA","17","Loisi","","Lyon","3","67","15.06.1998","0","FRA"
"Anthony","Lopes","FRA","24","Anthony Lopes","184","Lyon","1","1","01.10.1990","0","POR"
"Steed","Malbranque","FRA","35","Malbranque","168","Lyon","3","17","06.01.1980","2","FRA"
"Yoann","Martelat","FRA","18","Martelat","","Lyon","3","59","16.01.1997","0","FRA"
"Christopher","Martins","FRA","18","C. Martins","","Lyon","3","46","19.02.1997","0","LUX"
"Dylan","Mboumbouni","FRA","19","Mboumbouni","182","Lyon","2","37","20.02.1996","0","FRA"
"Lucas","Mocio","FRA","21","Mocio","197","Lyon","1","16","11.05.1994","0","FRA"
"J??r??my","Morel","FRA","31","Morel","176","Lyon","2","15","02.04.1984","0","FRA"
"Fahd","Moufi","FRA","19","Moufi","","Lyon","2","38","05.05.1996","0","FRA"
"Samuel","Moutoussamy","FRA","19","Moutoussamy","","Lyon","2","43","12.08.1996","0","FRA"
"Arnold","Mvuemba","FRA","30","Mvuemba","172","Lyon","3","28","28.01.1985","0","FRA"
"C??sar","Neto","FRA","16","Neto","","Lyon","2","60","26.02.1999","0","FRA"
"Romaric","Ngouma","FRA","20","Ngouma","","Lyon","2","44","28.01.1995","0","FRA"
"Elisha","Owusu","FRA","17","Owusu","","Lyon","3","61","07.11.1997","0","FRA"
"Kilian","Pagliuca","FRA","19","Pagliuca","","Lyon","4","39","02.09.1996","0","SUI"
"Mour","Paye","FRA","21","Paye","","Lyon","4","31","24.05.1994","0","FRA"
"Ga?Ætan","Perrin","FRA","19","Perrin","","Lyon","3","62","07.06.1996","0","FRA"
"","Rafael","FRA","25","Rafael","172","Lyon","2","20","09.07.1990","0","BRA"
"Thomas","Richard","FRA","18","Richard","","Lyon","4","63","21.03.1997","0","FRA"
"Lindsay","Rose","FRA","23","Rose","184","Lyon","2","22","08.02.1992","0","FRA"
"Alexandre","Roselli","FRA","18","Roselli","","Lyon","2","64","17.03.1997","0","FRA"
"","Sergi Darder","FRA","21","Sergi Darder","180","Lyon","3","14","22.12.1993","0","ESP"
"Ahamadou","Sy","FRA","17","Sy","","Lyon","2","68","05.01.1998","0","FRA"
"Corentin","Tolisso","FRA","21","Tolisso","181","Lyon","3","8","03.08.1994","0","FRA"
"Lucas","Tousart","FRA","18","Tousart","","Lyon","3","29","29.04.1997","0","FRA"
"Samuel","Umtiti","FRA","21","Umtiti","180","Lyon","2","23","14.11.1993","0","FRA"
"Mathieu","Valbuena","FRA","30","Valbuena","167","Lyon","4","19","28.09.1984","3","FRA"
"Mapou","Yanga-Mbiwa","FRA","26","Yanga-Mbiwa","184","Lyon","2","2","15.05.1989","0","FRA"
"David","Alaba","GER","23","Alaba","175","Bayern","2","27","24.06.1992","4","AUT"
"Xabi","Alonso","GER","33","Xabi Alonso","183","Bayern","3","14","25.11.1981","5","ESP"
"Holger","Badstuber","GER","26","Badstuber","189","Bayern","2","28","13.03.1989","1","GER"
"Medhi","Benatia","GER","28","Benatia","190","Bayern","2","5","17.04.1987","1","MAR"
"Fabian","Benko","GER","17","Benko","","Bayern","3","40","05.06.1998","0","GER"
"Juan","Bernat","GER","22","Bernat","172","Bayern","2","18","01.03.1993","0","ESP"
"J??r??me","Boateng","GER","27","Boateng","190","Bayern","2","17","03.09.1988","3","GER"
"Kingsley","Coman","GER","19","Coman","178","Bayern","4","29","13.06.1996","0","FRA"
"Niklas","Dorsch","GER","17","Dorsch","","Bayern","3","30","15.01.1998","0","GER"
"","Douglas Costa","GER","25","Douglas Costa","170","Bayern","3","11","14.09.1990","6","BRA"
"Gianluca","Gaudino","GER","18","Gaudino","175","Bayern","3","16","11.11.1996","0","GER"
"Mario","G??tze","GER","23","G??tze","185","Bayern","3","19","03.06.1992","10","GER"
"Julian","Green","GER","20","Green","172","Bayern","3","37","06.06.1995","0","USA"
"David","Hundertmark","GER","18","Hundertmark","","Bayern","1","34","06.08.1997","0","GER"
"","Javi Mart??nez","GER","27","Javi Mart??nez","190","Bayern","3","8","02.09.1988","0","ESP"
"Joshua","Kimmich","GER","20","Kimmich","176","Bayern","3","32","08.02.1995","0","GER"
"Jan","Kirchhoff","GER","24","Kirchhoff","195","Bayern","2","15","01.10.1990","0","GER"
"Philipp","Lahm","GER","31","Lahm","170","Bayern","2","21","11.11.1983","0","GER"
"Robert","Lewandowski","GER","27","Lewandowski","184","Bayern","4","9","21.08.1988","23","POL"
"Ivan","Lucic","GER","20","Lucic","193","Bayern","1","33","23.03.1995","0","AUT"
"Thomas","M?¨ller","GER","26","M?¨ller","186","Bayern","4","25","13.09.1989","30","GER"
"Manuel","Neuer","GER","29","Neuer","193","Bayern","1","1","27.03.1986","0","GER"
"Felix","Pohl","GER","18","Pohl","","Bayern","2","38","11.12.1996","0","GER"
"","Rafinha","GER","30","Rafinha","172","Bayern","2","13","07.09.1985","2","BRA"
"Franck","Rib??ry","GER","32","Rib??ry","170","Bayern","3","7","07.04.1983","17","FRA"
"Arjen","Robben","GER","31","Robben","181","Bayern","4","10","23.01.1984","25","NED"
"Sebastian","Rode","GER","24","Rode","179","Bayern","3","20","11.10.1990","1","GER"
"Tom","Starke","GER","34","Starke","194","Bayern","1","22","18.03.1981","0","GER"
"","Thiago Alc?≠ntara","GER","24","Thiago Alc?≠ntara","170","Bayern","3","6","11.04.1991","2","ESP"
"Sven","Ulreich","GER","27","Ulreich","192","Bayern","1","26","03.08.1988","0","GER"
"Arturo","Vidal","GER","28","Vidal","180","Bayern","3","23","22.05.1987","9","CHI"
"Patrick","Weihrauch","GER","21","Weihrauch","181","Bayern","4","36","03.03.1994","0","GER"
"","Abner","ESP","19","Abner","176","Real Madrid","2","30","30.05.1996","0","BRA"
"?Ålvaro","Arbeloa","ESP","32","Arbeloa","180","Real Madrid","2","17","17.01.1983","3","ESP"
"Gareth","Bale","ESP","26","Bale","186","Real Madrid","3","11","16.07.1989","12","WAL"
"Karim","Benzema","ESP","27","Benzema","183","Real Madrid","4","9","19.12.1987","43","FRA"
"Dani","Carvajal","ESP","23","Carvajal","171","Real Madrid","2","15","11.01.1992","0","ESP"
"","Casemiro","ESP","23","Casemiro","184","Real Madrid","3","14","23.02.1992","1","BRA"
"Kiko","Casilla","ESP","28","Casilla","191","Real Madrid","1","13","02.10.1986","0","ESP"
"Denis","Cheryshev","ESP","24","Cheryshev","179","Real Madrid","3","21","26.12.1990","0","RUS"
"","Danilo","ESP","24","Danilo","184","Real Madrid","2","23","15.07.1991","1","BRA"
"","Isco","ESP","23","Isco","175","Real Madrid","3","22","21.04.1992","6","ESP"
"","James Rodr??guez","ESP","24","James Rodr??guez","180","Real Madrid","3","10","12.07.1991","3","COL"
"","Jes??","ESP","22","Jes??","178","Real Madrid","4","20","26.02.1993","0","ESP"
"Mateo","Kovaéçié?","ESP","21","Kovaéçié?","179","Real Madrid","3","16","06.05.1994","1","CRO"
"Toni","Kroos","ESP","25","Kroos","180","Real Madrid","3","8","04.01.1990","6","GER"
"Marcos","Llorente","ESP","20","Llorente","182","Real Madrid","3","28","30.01.1995","0","ESP"
"","Lucas V?≠zquez","ESP","24","Lucas V?≠zquez","173","Real Madrid","3","18","01.07.1991","0","ESP"
"","Marcelo","ESP","27","Marcelo","174","Real Madrid","2","12","12.05.1988","5","BRA"
"Borja","Mayoral","ESP","18","Mayoral","181","Real Madrid","4","29","05.04.1997","0","ESP"
"Luka","Modrié?","ESP","30","Modrié?","171","Real Madrid","3","19","09.09.1985","5","CRO"
"","Nacho","ESP","25","Nacho","178","Real Madrid","2","6","18.01.1990","0","ESP"
"Keylor","Navas","ESP","28","Navas","184","Real Madrid","1","1","15.12.1986","0","CRC"
"Martin","??degaard","ESP","16","??degaard","170","Real Madrid","3","27","17.12.1998","0","NOR"
"","Pepe","ESP","32","Pepe","187","Real Madrid","2","3","26.02.1983","3","POR"
"Sergio","Ramos","ESP","29","Ramos","183","Real Madrid","2","4","30.03.1986","8","ESP"
"Cristiano","Ronaldo","ESP","30","Ronaldo","184","Real Madrid","4","7","05.02.1985","81","POR"
"Rapha?Æl","Varane","ESP","22","Varane","191","Real Madrid","2","2","25.04.1993","0","FRA"
"Rub??n","Y?≠?Òez","ESP","21","Y?≠?Òez","187","Real Madrid","1","31","12.10.1993","0","ESP"
"Suently","Alberto","NED","19","Alberto","178","PSV","2","33","09.06.1996","0","NED"
"Santiago","Arias","NED","23","Arias","175","PSV","2","4","13.01.1992","0","COL"
"Steven","Bergwijn","NED","17","Bergwijn","171","PSV","4","27","08.10.1997","0","NED"
"Jesse","Bertrams","NED","20","J. Bertrams","187","PSV","1","31","22.12.1994","0","NED"
"Aleksandar","Boljevié?","NED","19","Boljevié?","172","PSV","4","39","12.12.1995","0","MNE"
"Joshua","Brenet","NED","21","Brenet","181","PSV","2","20","20.03.1994","0","NED"
"Jeffrey","Bruma","NED","23","Bruma","186","PSV","2","5","13.11.1991","0","NED"
"Luuk","de Jong","NED","25","De Jong","188","PSV","4","9","27.08.1990","2","NED"
"Jordy","De Wijs","NED","20","De Wijs","189","PSV","2","30","08.01.1995","0","NED"
"Bob","Groenendijk","NED","19","Groenendijk","","PSV","2","48","15.05.1996","0","NED"
"Andr??s","Guardado","NED","28","Guardado","169","PSV","3","18","28.09.1986","0","MEX"
"Albert","Gu?¯mundsson","NED","18","Al. Gu?¯mundsson","","PSV","3","49","15.06.1997","0","ISL"
"Sander","Heesakkers","NED","20","Heesakkers","182","PSV","2","36","08.01.1995","0","NED"
"Jorrit","Hendrix","NED","20","Hendrix","182","PSV","2","29","06.02.1995","0","NED"
"Hj??rtur","Hermannsson","NED","20","Hermannsson","189","PSV","2","35","08.02.1995","0","ISL"
"Nicolas","Isimat-Mirin","NED","23","Isimat-Mirin","189","PSV","2","2","15.11.1991","0","FRA"
"Florian","Jozefzoon","NED","24","Jozefzoon","173","PSV","4","17","09.02.1991","0","NED"
"Menno","Koch","NED","21","Koch","195","PSV","2","25","02.07.1994","0","NED"
"Luuk","Koopmans","NED","21","Koopmans","","PSV","1","21","18.11.1993","0","NED"
"Sam","Lammers","NED","18","Lammers","","PSV","4","50","30.04.1997","0","NED"
"Nikolai","Laursen","NED","17","Laursen","183","PSV","4","37","19.02.1998","0","DEN"
"Clint","Leemans","NED","20","Leemans","186","PSV","2","26","15.09.1995","0","NED"
"Maxime","Lestienne","NED","23","Lestienne","176","PSV","4","16","17.06.1992","0","BEL"
"J?¨rgen","Locadia","NED","21","Locadia","180","PSV","4","19","07.11.1993","1","NED"
"Augustine","Loof","NED","19","Loof","","PSV","2","45","01.01.1996","0","NED"
"Ramon-Pascal","Lundqvist","NED","18","Lundqvist","","PSV","3","38","10.05.1997","0","SWE"
"Adam","Maher","NED","22","Maher","176","PSV","3","10","20.07.1993","0","NED"
"H??ctor","Moreno","NED","27","Moreno","183","PSV","2","3","17.01.1988","1","MEX"
"Luciano","Narsingh","NED","25","Narsingh","178","PSV","4","11","13.09.1990","1","NED"
"Kenneth","Paal","NED","18","Paal","177","PSV","3","32","24.06.1997","0","NED"
"Remko","Pasveer","NED","31","Pasveer","186","PSV","1","22","08.11.1983","0","NED"
"Gast??n","Pereiro","NED","20","Pereiro","188","PSV","3","7","11.06.1995","0","URU"
"Simon","Poulsen","NED","30","S. Poulsen","186","PSV","2","14","07.10.1984","0","DEN"
"Davy","Pr??pper","NED","24","Pr??pper","189","PSV","3","6","02.09.1991","0","NED"
"Olivier","Rommens","NED","20","Rommens","177","PSV","3","40","03.02.1995","0","BEL"
"Moussa","Sanoh","NED","20","Sanoh","174","PSV","4","44","20.07.1995","0","NED"
"Stijn","Schaars","NED","31","Schaars","181","PSV","3","8","11.01.1984","0","NED"
"Yanick","van Osch","NED","18","van Osch","","PSV","1","41","24.03.1997","0","NED"
"Bram","van Vlerken","NED","19","van Vlerken","175","PSV","2","34","07.10.1995","0","NED"
"Rai","Vloet","NED","20","Vloet","180","PSV","3","23","08.05.1995","0","NED"
"Jetro","Willems","NED","21","Willems","170","PSV","2","15","30.03.1994","0","NED"
"Jeroen","Zoet","NED","24","Zoet","186","PSV","1","1","06.01.1991","0","NED"
"Vincent","Aboubakar","POR","23","Aboubakar","184","Porto","4","9","22.01.1992","5","CMR"
"","Alberto Bueno","POR","27","Alberto Bueno","178","Porto","4","23","20.03.1988","0","ESP"
"","Andr?? Andr??","POR","26","Andr?? Andr??","174","Porto","3","20","26.08.1989","0","POR"
"","Andr?? Silva","POR","19","Andr?? Silva","182","Porto","4","19","06.11.1995","0","POR"
"Yacine","Brahimi","POR","25","Brahimi","175","Porto","3","8","08.02.1990","6","ALG"
"","Bruno Costa","POR","18","Bruno Costa","169","Porto","4","87","19.04.1997","0","POR"
"Andr??","Caio","POR","21","Caio","177","Porto","1","91","23.02.1994","0","POR"
"Iker","Casillas","POR","34","Casillas","185","Porto","1","12","20.05.1981","0","ESP"
"Aly","Cissokho","POR","28","Cissokho","181","Porto","2","28","15.09.1987","1","FRA"
"Jes?ßs","Corona","POR","22","Corona","","Porto","4","17","06.01.1993","0","MEX"
"","Danilo","POR","24","Danilo","188","Porto","3","22","09.09.1991","0","POR"
"","David Sualehe","POR","18","David Sualehe","","Porto","2","65","23.03.1997","0","POR"
"","Diogo Sousa","POR","18","Diogo Sousa","185","Porto","2","73","26.10.1996","0","POR"
"","Evandro","POR","29","Evandro","179","Porto","3","15","23.08.1986","0","BRA"
"","Fernando","POR","18","Fernando","","Porto","2","72","14.03.1997","0","POR"
"","Filipe Ferreira","POR","18","Filipe Ferreira","","Porto","1","51","20.09.1996","0","POR"
"","Francisco Ramos","POR","20","Francisco Ramos","177","Porto","3","48","10.04.1995","0","POR"
"","Helton","POR","37","Helton","189","Porto","1","1","18.05.1978","0","BRA"
"Hector","Herrera","POR","25","Herrera","183","Porto","3","16","19.04.1990","4","MEX"
"Giannelli","Imbula","POR","23","Imbula","186","Porto","3","25","12.09.1992","0","FRA"
"","Jo?úo Cardoso","POR","18","Jo?úo Cardoso","","Porto","3","78","10.02.1997","0","POR"
"","Jo?úo Costa","POR","19","Jo?úo Costa","185","Porto","1","41","02.02.1996","0","POR"
"","Jo?úo Gra??a","POR","20","Jo?úo Gra??a","180","Porto","3","50","18.06.1995","0","POR"
"","Jorge","POR","18","Jorge","","Porto","2","64","02.04.1997","0","POR"
"Miguel","Lay?ßn","POR","27","Lay?ßn","","Porto","2","21","25.06.1988","0","MEX"
"","Lu??s Mata","POR","18","Lu??s Mata","179","Porto","4","97","06.07.1997","0","POR"
"","Maicon","POR","27","Maicon","190","Porto","2","4","14.09.1988","0","BRA"
"Iv?≠n","Marcano","POR","28","Marcano","189","Porto","2","5","23.06.1987","0","ESP"
"Bruno","Martins Indi","POR","23","Martins Indi","187","Porto","2","3","08.02.1992","0","NED"
"","Maxi Pereira","POR","31","Maxi Pereira","173","Porto","2","2","08.06.1984","3","URU"
"Pablo","Osvaldo","POR","29","Osvaldo","182","Porto","4","10","12.01.1986","0","ITA"
"Tom?≠s","Podstawski","POR","20","Podstawski","181","Porto","3","56","30.01.1995","0","POR"
"","Rafa","POR","20","Rafa","182","Porto","2","55","09.05.1995","0","POR"
"","R?ßben Macedo","POR","19","R?ßben Macedo","171","Porto","4","77","09.03.1996","0","POR"
"","R?ßben Neves","POR","18","R?ßben Neves","180","Porto","3","6","13.03.1997","0","POR"
"","Rui Moreira","POR","19","Rui Moreira","178","Porto","3","60","31.05.1996","0","POR"
"","S??rgio Oliveira","POR","23","S??rgio Oliveira","181","Porto","3","13","02.06.1992","0","POR"
"","S??rgio Ribeiro","POR","19","S??rgio Ribeiro","178","Porto","4","70","18.01.1996","0","POR"
"Cristian","Tello","POR","24","Tello","178","Porto","4","11","11.08.1991","5","ESP"
"Silvestre","Varela","POR","30","Varela","180","Porto","4","7","02.02.1985","3","POR"
"","Bilal Kisa","TUR","32","Bilal Kisa","180","Galatasaray","3","5","22.06.1983","0","TUR"
"","Burak YéÒlmaz","TUR","30","Burak YéÒlmaz","183","Galatasaray","4","17","15.07.1985","10","TUR"
"Lionel","Carole","TUR","24","Carole","182","Galatasaray","2","23","12.04.1991","0","FRA"
"","Cenk G??nen","TUR","27","Cenk G??nen","190","Galatasaray","1","99","21.02.1988","0","TUR"
"Aur??lien","Chedjou","TUR","30","Chedjou","184","Galatasaray","2","21","20.06.1985","2","CMR"
"Jason","Denayer","TUR","20","Denayer","184","Galatasaray","2","64","28.06.1995","0","BEL"
"","Emre ??olak","TUR","24","Emre ??olak","168","Galatasaray","3","52","20.05.1991","0","TUR"
"","Eray é¯è?can","TUR","24","Eray é¯è?can","195","Galatasaray","1","67","19.07.1991","0","TUR"
"Koray","G?¨nter","TUR","21","G?¨nter","185","Galatasaray","2","28","16.08.1994","0","GER"
"","Hakan Balta","TUR","32","Hakan Balta","184","Galatasaray","2","22","23.03.1983","1","TUR"
"","Hamit AltéÒntop","TUR","32","Hamit AltéÒntop","183","Galatasaray","3","4","08.12.1982","2","TUR"
"","Jem Paul Karacan","TUR","26","Jem Paul Karacan","178","Galatasaray","3","6","21.02.1989","0","TUR"
"","Jos?? Rodr??guez","TUR","20","Jos?? Rodr??guez","180","Galatasaray","3","14","16.12.1994","0","ESP"
"Fernando","Muslera","TUR","29","Muslera","190","Galatasaray","1","1","16.06.1986","0","URU"
"","Olcan AdéÒn","TUR","29","Olcan AdéÒn","176","Galatasaray","3","29","30.09.1985","0","TUR"
"Lukas","Podolski","TUR","30","Podolski","182","Galatasaray","4","11","04.06.1985","11","GER"
"","Sabri SaréÒoé?lu","TUR","31","Sabri SaréÒoé?lu","170","Galatasaray","2","55","26.07.1984","2","TUR"
"","Sel??uk é¯nan","TUR","30","Sel??uk é¯nan","182","Galatasaray","3","8","10.02.1985","0","TUR"
"","Semih Kaya","TUR","24","Semih Kaya","182","Galatasaray","2","26","24.02.1991","0","TUR"
"","Sinan G?¨m?¨s","TUR","21","Sinan G?¨m?¨s","179","Galatasaray","4","18","15.01.1994","0","TUR"
"Wesley","Sneijder","TUR","31","Sneijder","170","Galatasaray","3","10","09.06.1984","15","NED"
"","TaréÒk ??amdal","TUR","24","TaréÒk ??amdal","172","Galatasaray","2","38","24.03.1991","0","TUR"
"","Umut Bulut","TUR","32","Umut Bulut","184","Galatasaray","4","9","15.03.1983","4","TUR"
"","Yasin ??ztekin","TUR","28","Yasin ??ztekin","179","Galatasaray","3","7","19.03.1987","0","TUR"
"","Adriano","ESP","30","Adriano","172","Barcelona","2","21","26.10.1984","1","BRA"
"David","Babunski","ESP","21","David Babunski","","Barcelona","3","29","01.03.1994","0","MKD"
"Marc","Bartra","ESP","24","Bartra","183","Barcelona","2","15","15.01.1991","0","ESP"
"Claudio","Bravo","ESP","32","Bravo","184","Barcelona","1","13","13.04.1983","0","CHI"
"Sergio","Busquets","ESP","27","Busquets","189","Barcelona","3","5","16.07.1988","4","ESP"
"Juan","C?≠mara","ESP","21","C?≠mara","","Barcelona","3","27","13.02.1994","0","ESP"
"","Dani Alves","ESP","32","Dani Alves","173","Barcelona","2","6","06.05.1983","7","BRA"
"","Douglas","ESP","25","Douglas","171","Barcelona","2","2","06.08.1990","0","BRA"
"Alejandro","Grimaldo","ESP","19","Grimaldo","170","Barcelona","2","30","20.09.1995","0","ESP"
"Gerard","Gumbau","ESP","20","Gumbau","188","Barcelona","3","28","18.12.1994","0","ESP"
"Andr??s","Iniesta","ESP","31","Iniesta","170","Barcelona","3","8","11.05.1984","10","ESP"
"","Jordi Alba","ESP","26","Jordi Alba","170","Barcelona","2","18","21.03.1989","2","ESP"
"Javier","Mascherano","ESP","31","Mascherano","174","Barcelona","2","14","08.06.1984","0","ARG"
"Jordi","Masip","ESP","26","Masip","179","Barcelona","1","25","03.01.1989","0","ESP"
"J??r??my","Mathieu","ESP","31","Mathieu","189","Barcelona","2","24","29.10.1983","0","FRA"
"Lionel","Messi","ESP","28","Messi","169","Barcelona","4","10","24.06.1987","77","ARG"
"","Munir El Haddadi","ESP","20","Munir El Haddadi","175","Barcelona","4","17","01.09.1995","0","ESP"
"","Neymar","ESP","23","Neymar","175","Barcelona","4","11","05.02.1992","14","BRA"
"Gerard","Piqu??","ESP","28","Piqu??","192","Barcelona","2","3","02.02.1987","9","ESP"
"","Rafinha","ESP","22","Rafinha","174","Barcelona","3","12","12.02.1993","0","ESP"
"Ivan","Rakitié?","ESP","27","Rakitié?","184","Barcelona","3","4","10.03.1988","2","CRO"
"Sergi","Samper","ESP","20","Samper","181","Barcelona","3","26","20.01.1995","0","ESP"
"","Sandro Ram??rez","ESP","20","Sandro Ram??rez","175","Barcelona","4","19","09.07.1995","1","ESP"
"","Sergi Roberto","ESP","23","Sergi Roberto","177","Barcelona","3","20","07.02.1992","1","ESP"
"Jos?? Aurelio","Su?≠rez","ESP","19","Su?≠rez","191","Barcelona","1","31","18.12.1995","0","ESP"
"Luis","Su?≠rez","ESP","28","Su?≠rez","181","Barcelona","4","9","24.01.1987","13","URU"
"Marc-Andr??","ter Stegen","ESP","23","ter Stegen","187","Barcelona","1","1","30.04.1992","0","GER"
"Thomas","Vermaelen","ESP","29","Vermaelen","180","Barcelona","2","23","14.11.1985","1","BEL"
"","Andr?? Ramalho","GER","23","Andr?? Ramalho","182","Leverkusen","2","2","16.02.1992","0","BRA"
"Karim","Bellarabi","GER","25","Bellarabi","183","Leverkusen","3","38","08.04.1990","3","GER"
"Lars","Bender","GER","26","L. Bender","183","Leverkusen","3","8","27.04.1989","1","GER"
"Sebastian","Boenisch","GER","28","Boenisch","191","Leverkusen","2","17","01.02.1987","0","POL"
"Julian","Brandt","GER","19","Brandt","183","Leverkusen","3","19","02.05.1996","0","GER"
"Giulio","Donati","GER","25","Donati","181","Leverkusen","2","26","05.02.1990","1","ITA"
"Marlon","Frey","GER","19","Frey","","Leverkusen","3","37","24.03.1996","0","GER"
"","Hakan ??alhanoé?lu","GER","21","Hakan ??alhanoé?lu","176","Leverkusen","3","10","08.02.1994","6","TUR"
"Javier","Hern?≠ndez","GER","27","Hern?≠ndez","175","Leverkusen","4","7","01.06.1988","9","MEX"
"Roberto","Hilbert","GER","30","Hilbert","182","Leverkusen","2","13","16.10.1984","0","GER"
"Tin","Jedvaj","GER","19","Jedvaj","184","Leverkusen","2","16","28.11.1995","0","CRO"
"Kevin","Kampl","GER","24","Kampl","180","Leverkusen","3","44","09.10.1990","0","SVN"
"Stefan","Kiessling","GER","31","Kiessling","191","Leverkusen","4","11","25.01.1984","7","GER"
"Christoph","Kramer","GER","24","Kramer","190","Leverkusen","3","23","19.02.1991","0","GER"
"Dario","Kreè≠ié?","GER","31","Kreè≠ié?","199","Leverkusen","1","25","11.01.1984","0","CRO"
"Bernd","Leno","GER","23","Leno","188","Leverkusen","1","1","04.03.1992","0","GER"
"Admir","Mehmedi","GER","24","Mehmedi","183","Leverkusen","4","14","16.03.1991","4","SUI"
"","??mer Toprak","GER","26","??mer Toprak","186","Leverkusen","2","21","21.07.1989","2","TUR"
"Kyriakos","Papadopoulos","GER","23","Papadopoulos","183","Leverkusen","2","5","23.02.1992","1","GRE"
"Seung-Woo","Ryu","GER","21","Ryu","","Leverkusen","4","24","17.12.1993","0","KOR"
"Jonathan","Tah","GER","19","Tah","","Leverkusen","2","4","11.02.1996","0","GER"
"","Wendell","GER","22","Wendell","176","Leverkusen","2","18","20.07.1993","0","BRA"
"David","Yelldell","GER","33","Yelldell","194","Leverkusen","1","22","01.10.1981","0","USA"
"Vladlen","Yurchenko","GER","21","Yurchenko","178","Leverkusen","3","35","22.01.1994","0","UKR"
"Dami?≠n","Ag?¨ero","ESP","18","Ag?¨ero","","Atl??tico","4","33","18.01.1997","0","ESP"
"Bernab??","Barrag?≠n","ESP","22","Barrag?≠n","","Atl??tico","1","25","18.02.1993","0","ESP"
"","Benjam??n","ESP","21","Benjam??n","178","Atl??tico","3","29","04.01.1994","0","GHA"
"","Ca?Òete","ESP","20","Ca?Òete","185","Atl??tico","2","28","22.04.1995","0","ESP"
"?Ångel","Correa","ESP","20","Correa","174","Atl??tico","3","16","09.03.1995","0","ARG"
"Oscar","Del Amo","ESP","17","Del Amo","","Atl??tico","2","35","24.10.1997","0","ESP"
"Yannick","Ferreira-Carrasco","ESP","22","Ferreira-Carrasco","180","Atl??tico","4","21","04.09.1993","1","BEL"
"","Filipe Lu??s","ESP","30","Filipe Lu??s","188","Atl??tico","2","3","09.08.1985","1","BRA"
"","Gabi","ESP","32","Gabi","180","Atl??tico","3","14","10.07.1983","0","ESP"
"Jes?ßs","G?≠mez","ESP","30","G?≠mez","182","Atl??tico","2","18","10.04.1985","0","ESP"
"Jos?? Mar??a","Gim??nez","ESP","20","Gim??nez","185","Atl??tico","2","24","20.01.1995","0","URU"
"Diego","God??n","ESP","29","God??n","186","Atl??tico","2","2","16.02.1986","3","URU"
"Antoine","Griezmann","ESP","24","Griezmann","176","Atl??tico","3","7","21.03.1991","5","FRA"
"","Guille P??rez","ESP","18","Guille P??rez","","Atl??tico","1","41","10.01.1997","0","ESP"
"Mario","Hern?≠ndez","ESP","16","Hern?≠ndez","","Atl??tico","2","37","25.01.1999","0","ESP"
"","Jaime Almagro","ESP","18","Jaime Almagro","","Atl??tico","3","34","14.03.1997","0","ESP"
"","Juan Moreno","ESP","18","Juan Moreno","175","Atl??tico","3","39","11.05.1997","0","ESP"
"","Juanfran","ESP","30","Juanfran","180","Atl??tico","2","20","09.01.1985","0","ESP"
"","Koke","ESP","23","Koke","178","Atl??tico","3","6","08.01.1992","3","ESP"
"","Lucas Hern?≠ndez","ESP","19","Lucas Hern?≠ndez","180","Atl??tico","2","19","14.02.1996","0","FRA"
"Jackson","Mart??nez","ESP","28","Mart??nez","184","Atl??tico","4","11","03.10.1986","13","COL"
"Carlos","Morales","ESP","19","Morales","","Atl??tico","1","38","28.07.1996","0","ESP"
"Miguel ?Ångel","Moy?ˇ","ESP","31","Moy?ˇ","189","Atl??tico","1","1","02.04.1984","0","ESP"
"?Ålvaro","Muguruza","ESP","18","Muguruza","","Atl??tico","2","40","10.05.1997","0","ESP"
"","Nacho Monsalve","ESP","21","Nacho Monsalve","180","Atl??tico","2","27","27.04.1994","0","ESP"
"","Nica Gomes","ESP","18","Nica Gomes","","Atl??tico","3","36","07.07.1997","0","ESP"
"Roberto","Nu?Òez","ESP","19","Nu?Òez","","Atl??tico","4","30","03.01.1996","0","ESP"
"Jan","Oblak","ESP","22","Oblak","186","Atl??tico","1","13","07.01.1993","0","SVN"
"","??liver Torres","ESP","20","??liver Torres","178","Atl??tico","3","10","10.11.1994","0","ESP"
"Thomas","Partey","ESP","22","Partey","185","Atl??tico","3","22","13.06.1993","0","GHA"
"Alberto","Rentero","ESP","18","Rentero","","Atl??tico","3","42","24.03.1997","0","ESP"
"Miguel","San Rom?≠n","ESP","18","San Rom?≠n","","Atl??tico","1","43","14.07.1997","0","ESP"
"Arona","San??","ESP","20","San??","","Atl??tico","3","31","21.06.1995","0","SEN"
"","Sa?ßl ????guez","ESP","20","Sa?ßl ????guez","180","Atl??tico","3","17","21.11.1994","0","ESP"
"Stefan","Savié?","ESP","24","Savié?","186","Atl??tico","2","15","08.01.1991","0","MNE"
"Guilherme","Siqueira","ESP","29","Siqueira","183","Atl??tico","2","4","28.04.1986","0","ITA"
"Gonzalo","Talavera","ESP","18","Talavera","","Atl??tico","2","44","15.07.1997","0","ESP"
"","Tiago","ESP","34","Tiago","183","Atl??tico","3","5","02.05.1981","4","POR"
"Fernando","Torres","ESP","31","Torres","186","Atl??tico","4","9","20.03.1984","18","ESP"
"Luciano","Vietto","ESP","21","Vietto","173","Atl??tico","4","23","05.12.1993","0","ARG"
"Samuel","Villa","ESP","21","Villa","176","Atl??tico","4","32","16.09.1994","0","ESP"
"","Xu Xin","ESP","21","Xu Xin","179","Atl??tico","3","26","19.04.1994","0","CHN"
"Elio","Capradossi","ITA","19","Capradossi","185","Roma","2","95","11.03.1996","0","ITA"
"Lorenzo","Crisanto","ITA","17","Crisanto","","Roma","1","98","20.04.1998","0","ITA"
"Daniele","De Rossi","ITA","32","De Rossi","184","Roma","3","16","24.07.1983","4","ITA"
"Morgan","De Sanctis","ITA","38","De Sanctis","190","Roma","1","26","26.03.1977","0","ITA"
"Lorenzo","Di Livio","ITA","18","Di Livio","","Roma","3","52","11.01.1997","0","ITA"
"Lucas","Digne","ITA","22","Digne","178","Roma","2","3","20.07.1993","1","FRA"
"Christian","D'Urso","ITA","18","D'Urso","","Roma","3","53","26.07.1997","0","ITA"
"Edin","Dè?eko","ITA","29","Dè?eko","193","Roma","4","9","17.03.1986","7","BIH"
"Iago","Falqu??","ITA","25","Falqu??","172","Roma","3","14","04.01.1990","0","ESP"
"Alessandro","Florenzi","ITA","24","Florenzi","173","Roma","3","24","11.03.1991","1","ITA"
"","Gervinho","ITA","28","Gervinho","179","Roma","4","27","27.05.1987","5","CIV"
"Juan Manuel","Iturbe","ITA","22","Iturbe","169","Roma","3","7","04.06.1993","1","PAR"
"Seydou","Keita","ITA","35","Keita","183","Roma","3","20","16.01.1980","6","MLI"
"","Leandro Cast?≠n","ITA","28","Leandro Cast?≠n","184","Roma","2","5","05.11.1986","0","BRA"
"","Maicon","ITA","34","Maicon","184","Roma","2","13","26.07.1981","5","BRA"
"Kostas","Manolas","ITA","24","Manolas","186","Roma","2","44","14.06.1991","2","GRE"
"Riccardo","Marchizza","ITA","17","Marchizza","","Roma","2","91","26.03.1998","0","ITA"
"Radja","Nainggolan","ITA","27","Nainggolan","176","Roma","3","4","04.05.1988","0","BEL"
"Miralem","Pjanié?","ITA","25","Pjanié?","180","Roma","3","15","02.04.1990","6","BIH"
"Antonio","R?¨diger","ITA","22","R?¨diger","190","Roma","2","2","03.03.1993","0","GER"
"Mohamed","Salah","ITA","23","Salah","175","Roma","4","11","15.06.1992","5","EGY"
"","Salih U??an","ITA","21","Salih U??an","182","Roma","3","48","06.01.1994","0","TUR"
"Edoardo","Soleri","ITA","17","Soleri","","Roma","4","92","19.10.1997","0","ITA"
"Wojciech","Szczé?sny","ITA","25","Szczé?sny","195","Roma","1","25","18.04.1990","0","POL"
"Vasilis","Torosidis","ITA","30","Torosidis","185","Roma","2","35","10.06.1985","2","GRE"
"Francesco","Totti","ITA","38","Totti","180","Roma","4","10","27.09.1976","17","ITA"
"Marco","Tumminello","ITA","16","Tumminello","","Roma","4","93","06.11.1998","0","ITA"
"William","Vainqueur","ITA","26","Vainqueur","179","Roma","3","21","19.11.1988","0","FRA"
"","Alex Sandro","ITA","24","Alex Sandro","179","Juventus","2","12","26.01.1991","0","BRA"
"Emil","Audero","ITA","18","Audero","189","Juventus","1","38","18.01.1997","0","ITA"
"Andrea","Barzagli","ITA","34","Barzagli","186","Juventus","2","15","08.05.1981","0","ITA"
"Leonardo","Bonucci","ITA","28","Bonucci","190","Juventus","2","19","01.05.1987","1","ITA"
"Gianluigi","Buffon","ITA","37","Buffon","192","Juventus","1","1","28.01.1978","0","ITA"
"Mart??n","C?≠ceres","ITA","28","C?≠ceres","182","Juventus","2","4","07.04.1987","0","URU"
"Giorgio","Chiellini","ITA","31","Chiellini","186","Juventus","2","3","14.08.1984","2","ITA"
"Juan","Cuadrado","ITA","27","Cuadrado","176","Juventus","4","16","26.05.1988","0","COL"
"Paulo","Dybala","ITA","21","Dybala","177","Juventus","4","21","15.11.1993","0","ARG"
"Patrice","Evra","ITA","34","Evra","175","Juventus","2","33","15.05.1981","2","FRA"
"","Hernanes","ITA","30","Hernanes","180","Juventus","3","11","29.05.1985","0","BRA"
"Sami","Khedira","ITA","28","Khedira","189","Juventus","3","6","04.04.1987","1","GER"
"Mario","Lemina","ITA","22","Lemina","182","Juventus","3","18","01.09.1993","0","FRA"
"Stephan","Lichtsteiner","ITA","31","Lichtsteiner","180","Juventus","2","26","16.01.1984","0","SUI"
"Mario","Mandè?ukié?","ITA","29","Mandè?ukié?","186","Juventus","4","17","21.05.1986","19","CRO"
"Claudio","Marchisio","ITA","29","Marchisio","179","Juventus","3","8","19.01.1986","2","ITA"
"?Ålvaro","Morata","ITA","22","Morata","187","Juventus","4","9","23.10.1992","7","ESP"
"","Neto","ITA","26","Neto","191","Juventus","1","25","19.07.1989","0","BRA"
"Roberto","Pereyra","ITA","24","Pereyra","184","Juventus","3","37","07.01.1991","0","ARG"
"Paul","Pogba","ITA","22","Pogba","186","Juventus","3","10","15.03.1993","1","FRA"
"Daniele","Rugani","ITA","21","Rugani","188","Juventus","2","24","29.07.1994","0","ITA"
"Stefano","Sturaro","ITA","22","Sturaro","178","Juventus","3","27","09.03.1993","0","ITA"
"Simone","Zaza","ITA","24","Zaza","186","Juventus","4","7","25.06.1991","0","ITA"
"","Alex Alfaiate","POR","20","Alex Alfaiate","182","Benfica","2","75","17.08.1995","0","POR"
"","Andr?? Almeida","POR","25","Andr?? Almeida","185","Benfica","2","34","10.09.1990","0","POR"
"","Andr?? Ferreira","POR","19","Andr?? Ferreira","","Benfica","1","86","29.05.1996","0","POR"
"","Buta","POR","18","Buta","","Benfica","4","94","10.02.1997","0","POR"
"Mehdi","Carcela-Gonz?≠lez","POR","26","Carcela-Gonz?≠lez","176","Benfica","3","39","01.07.1989","0","MAR"
"Bryan","Cristante","POR","20","Cristante","186","Benfica","3","24","03.03.1995","0","ITA"
"","Ederson","POR","22","Ederson","188","Benfica","1","1","17.08.1993","0","BRA"
"","Eliseu","POR","31","Eliseu","175","Benfica","2","19","01.10.1983","5","POR"
"Ljubomir","Fejsa","POR","27","Fejsa","185","Benfica","3","5","14.08.1988","0","SRB"
"","Francisco Ferreira","POR","18","Francisco Ferreira","","Benfica","2","97","26.03.1997","0","POR"
"Nicol?≠s","Gait?≠n","POR","27","Gait?≠n","173","Benfica","3","10","23.02.1988","3","ARG"
"","Gilson Costa","POR","18","Gilson Costa","","Benfica","3","55","24.09.1996","0","POR"
"","Gon??alo Guedes","POR","18","Gon??alo Guedes","179","Benfica","4","20","29.11.1996","0","POR"
"","Gon??alo Rodrigues","POR","18","Gon??alo Rodrigues","","Benfica","3","68","18.07.1997","0","POR"
"","Hildeberto Pereira","POR","19","Hildeberto Pereira","","Benfica","4","99","02.03.1996","0","POR"
"","Jardel","POR","29","Jardel","192","Benfica","2","33","29.03.1986","0","BRA"
"Ra?ßl","Jim??nez","POR","24","Jim??nez","190","Benfica","4","9","05.05.1991","0","MEX"
"","Jo?úo Carvalho","POR","18","Jo?úo Carvalho","","Benfica","3","90","09.03.1997","0","POR"
"","Jo?úo Escoval","POR","18","Jo?úo Escoval","","Benfica","2","65","08.05.1997","0","POR"
"","Jo?úo Lima","POR","19","Jo?úo Lima","178","Benfica","2","96","23.06.1996","0","POR"
"","Jo?úo Nunes","POR","19","Jo?úo Nunes","186","Benfica","2","63","19.11.1995","0","POR"
"","Jo?úo Teixeira","POR","21","Jo?úo Teixeira","178","Benfica","3","40","06.02.1994","0","POR"
"","Jonas","POR","31","Jonas","181","Benfica","4","17","01.04.1984","8","BRA"
"","J?ßlio C??sar","POR","36","J?ßlio C??sar","186","Benfica","1","12","03.09.1979","0","BRA"
"Victor","Lindel??f","POR","21","Lindel??f","187","Benfica","2","14","17.07.1994","0","SWE"
"","Lisandro L??pez","POR","26","Lisandro L??pez","187","Benfica","2","2","01.09.1989","0","ARG"
"","Luis?úo","POR","34","Luis?úo","193","Benfica","2","4","13.02.1981","5","BRA"
"","Miguel Santos","POR","20","Miguel Santos","193","Benfica","1","87","21.10.1994","0","POR"
"Kostas","Mitroglou","POR","27","Mitroglou","188","Benfica","4","11","12.03.1988","14","GRE"
"","Nuno Santos","POR","20","Nuno Santos","179","Benfica","4","38","13.02.1995","0","POR"
"Bilal","Ould-Chikh","POR","18","Ould-Chikh","167","Benfica","4","8","28.07.1997","0","NED"
"","Paulo Lopes","POR","37","Paulo Lopes","186","Benfica","1","13","29.06.1978","0","POR"
"","Pedro Rodrigues","POR","18","Pedro Rodrigues","","Benfica","3","88","20.05.1997","0","POR"
"","Pizzi","POR","25","Pizzi","172","Benfica","4","21","06.10.1989","0","POR"
"","Rebocho","POR","20","Rebocho","172","Benfica","2","60","23.01.1995","0","POR"
"","Renato Sanches","POR","18","Renato Sanches","","Benfica","3","85","18.08.1997","0","POR"
"","Ricardo Carvalho","POR","19","Ricardo Carvalho","","Benfica","2","73","06.03.1996","0","POR"
"","R?ßben Dias","POR","18","R?ßben Dias","","Benfica","2","66","14.05.1997","0","POR"
"Andreas","Samaris","POR","26","Samaris","189","Benfica","3","7","13.06.1989","0","GRE"
"","Sancidino Silva","POR","21","Sancidino Silva","","Benfica","4","77","05.03.1994","0","POR"
"N??lson","Semedo","POR","21","Semedo","177","Benfica","2","50","16.11.1993","0","POR"
"","S??lvio","POR","27","S??lvio","178","Benfica","2","28","28.09.1987","0","POR"
"Adel","Taarabt","POR","26","Taarabt","180","Benfica","4","23","24.05.1989","0","MAR"
"","Talisca","POR","21","Talisca","178","Benfica","4","30","01.02.1994","1","BRA"
"","Tiago Dias","POR","17","Tiago Dias","","Benfica","4","78","04.05.1998","0","POR"
"","Victor Andrade","POR","19","Victor Andrade","171","Benfica","3","31","30.09.1995","0","BRA"
"","Yuri Ribeiro","POR","18","Yuri Ribeiro","","Benfica","2","95","24.01.1997","0","POR"
"Enoch Kofi","Adu","SWE","25","Adu","180","Malm??","3","8","14.09.1990","0","GHA"
"Erik","Andersson","SWE","18","Andersson","","Malm??","3","14","03.05.1997","0","SWE"
"Fredrik","Andersson","SWE","26","Andersson","","Malm??","1","29","25.10.1988","0","SWE"
"K?≠ri","?Årnason","SWE","32","?Årnason","","Malm??","2","21","13.10.1982","0","ISL"
"Zlatan","Azinovic","SWE","27","Azinovic","183","Malm??","1","27","31.01.1988","0","SWE"
"Rasmus","Bengtsson","SWE","29","Bengtsson","186","Malm??","2","17","26.06.1986","0","SWE"
"Jo Inge","Berget","SWE","25","Berget","184","Malm??","4","23","11.09.1990","3","NOR"
"Franz","Brorsson","SWE","19","Brorsson","","Malm??","2","31","30.01.1996","0","SWE"
"Felipe","Carvalho","SWE","22","Carvalho","","Malm??","2","25","18.09.1993","0","URU"
"Paweè?","Cibicki","SWE","21","Cibicki","182","Malm??","3","15","09.01.1994","0","SWE"
"Nikola","Djurdjié?","SWE","29","Djurdjié?","185","Malm??","4","28","01.04.1986","1","SRB"
"Magnus","Eikrem","SWE","25","Eikrem","173","Malm??","3","19","08.08.1990","1","NOR"
"Marko","Johansson","SWE","17","Johansson","","Malm??","1","30","25.08.1998","0","SWE"
"Pa","Konate","SWE","21","Konate","172","Malm??","2","2","25.04.1994","0","SWE"
"Simon","Kroon","SWE","22","Kroon","180","Malm??","3","7","16.06.1993","1","SWE"
"Oscar","Lewicki","SWE","23","Lewicki","","Malm??","3","6","14.07.1992","0","SWE"
"Agon","Mehmeti","SWE","25","Mehmeti","183","Malm??","4","11","20.11.1989","1","SWE"
"Guillermo","Molins","SWE","26","Molins","186","Malm??","3","10","26.09.1988","1","SWE"
"Mahmut","??zen","SWE","27","??zen","179","Malm??","2","24","01.09.1988","0","SWE"
"Petar","Petrovié?","SWE","20","Petrovié?","","Malm??","3","18","15.09.1995","0","SWE"
"Erdal","Rakip","SWE","19","Rakip","175","Malm??","3","5","13.02.1996","0","SWE"
"Vladimir","Rodié?","SWE","22","Rodié?","","Malm??","3","20","07.09.1993","1","SRB"
"Markus","Rosenberg","SWE","32","Rosenberg","185","Malm??","4","9","27.09.1982","14","SWE"
"Tobias","Sana","SWE","26","Sana","173","Malm??","4","22","11.07.1989","0","SWE"
"Mattias","Svanberg","SWE","16","Svanberg","","Malm??","3","32","05.01.1999","0","SWE"
"Anton","Tinnerholm","SWE","24","Tinnerholm","175","Malm??","2","3","26.02.1991","1","SWE"
"Andreas","Vindheim","SWE","20","Vindheim","","Malm??","2","26","04.08.1995","0","NOR"
"Johan","Wiland","SWE","34","Wiland","188","Malm??","1","1","24.01.1981","0","SWE"
"Yoshimar","Yot?ßn","SWE","25","Yot?ßn","","Malm??","2","13","07.04.1990","0","PER"
"Arijan","Ademi","CRO","24","Ademi","183","Dinamo Zagreb","3","16","29.05.1991","2","CRO"
"Domagoj","Antolié?","CRO","25","Antolié?","180","Dinamo Zagreb","3","8","30.06.1990","1","CRO"
"Filip","Benkovié?","CRO","18","Benkovié?","","Dinamo Zagreb","2","26","13.07.1997","0","CRO"
"Endri","??eki??i","CRO","18","??eki??i","","Dinamo Zagreb","4","17","23.11.1996","0","ALB"
"Ante","é?orié?","CRO","18","é?orié?","177","Dinamo Zagreb","3","24","14.04.1997","0","CRO"
"","Eduardo","CRO","32","Eduardo","190","Dinamo Zagreb","1","34","19.09.1982","0","POR"
"Junior","Fernandes","CRO","27","Fernandes","181","Dinamo Zagreb","4","11","10.04.1988","4","CHI"
"Amer","Gojak","CRO","18","Gojak","","Dinamo Zagreb","3","14","13.02.1997","0","BIH"
"","Gon??alo Santos","CRO","28","Gon??alo Santos","185","Dinamo Zagreb","3","13","15.11.1986","0","POR"
"?Ångelo","Henr??quez","CRO","21","Henr??quez","180","Dinamo Zagreb","4","9","13.04.1994","2","CHI"
"Armin","Hodè?ié?","CRO","20","Ar. Hodè?ié?","","Dinamo Zagreb","4","15","17.11.1994","1","BIH"
"","Ivo Pinto","CRO","25","Ivo Pinto","184","Dinamo Zagreb","2","6","07.01.1990","0","POR"
"Antonijo","Jeè?ina","CRO","26","Jeè?ina","193","Dinamo Zagreb","1","1","05.06.1989","0","CRO"
"Alexandru","Méüèúel","CRO","25","Méüèúel","","Dinamo Zagreb","2","77","17.10.1989","0","ROU"
"Marko","Mikulié?","CRO","21","Mikulié?","187","Dinamo Zagreb","1","33","30.01.1994","0","CRO"
"Mario","Musa","CRO","25","Musa","","Dinamo Zagreb","3","3","06.07.1990","0","CRO"
"","Paulo Machado","CRO","29","Paulo Machado","174","Dinamo Zagreb","3","10","31.03.1986","1","POR"
"Domagoj","Paviéçié?","CRO","21","Paviéçié?","","Dinamo Zagreb","3","18","09.03.1994","0","CRO"
"Josip","Pivarié?","CRO","26","Pivarié?","176","Dinamo Zagreb","3","19","30.01.1989","2","CRO"
"Marko","Pjaca","CRO","20","Pjaca","183","Dinamo Zagreb","4","20","06.05.1995","3","CRO"
"Marko","Rog","CRO","20","Rog","","Dinamo Zagreb","3","30","19.07.1995","2","CRO"
"Gordon","Schildenfeld","CRO","30","Schildenfeld","191","Dinamo Zagreb","2","23","18.03.1985","0","CRO"
"Leonardo","Sigali","CRO","28","Sigali","179","Dinamo Zagreb","2","22","29.05.1987","0","ARG"
"El Arabi Hilal","Soudani","CRO","27","Soudani","177","Dinamo Zagreb","4","2","25.11.1987","8","ALG"
"Damir","èˇovè≠ié?","CRO","25","èˇovè≠ié?","","Dinamo Zagreb","3","4","05.02.1990","0","CRO"
"J??r??my","Taravel","CRO","28","Taravel","191","Dinamo Zagreb","2","87","17.04.1987","1","FRA"
"Aymen","Abdennour","ESP","26","Abdennour","187","Valencia","2","23","06.08.1989","1","TUN"
"","Aderlan Santos","ESP","26","Aderlan Santos","","Valencia","2","4","09.04.1989","0","BRA"
"","Andr?? Gomes","ESP","22","Andr?? Gomes","185","Valencia","3","21","30.07.1993","1","POR"
"Antonio","Barrag?≠n","ESP","28","Barrag?≠n","187","Valencia","2","19","12.06.1987","0","ESP"
"","Danilo Barbosa","ESP","19","Danilo Barbosa","","Valencia","3","12","28.02.1996","0","BRA"
"Rodrigo","De Paul","ESP","21","De Paul","","Valencia","4","20","24.05.1994","0","ARG"
"Sofiane","Feghouli","ESP","25","Feghouli","178","Valencia","3","8","26.12.1989","4","ALG"
"","Fran Villalba","ESP","17","Fran Villalba","","Valencia","3","30","11.05.1998","0","ESP"
"Jos??","Gay?ˇ","ESP","20","Gay?ˇ","","Valencia","2","14","25.05.1995","0","ESP"
"Nacho","Gil","ESP","20","Gil","","Valencia","3","33","09.09.1995","0","ESP"
"","Jaume Dom??nech","ESP","24","Jaume Dom??nech","","Valencia","1","24","05.11.1990","0","ESP"
"","Javi Fuego","ESP","31","Javi Fuego","","Valencia","3","18","04.01.1984","0","ESP"
"","Jo?úo Cancelo","ESP","21","Jo?úo Cancelo","","Valencia","2","2","27.05.1994","1","POR"
"Antonio","Latorre","ESP","17","Latorre","","Valencia","2","36","21.11.1997","0","ESP"
"Shkodran","Mustafi","ESP","23","Mustafi","183","Valencia","2","5","17.04.1992","0","GER"
"?Ålvaro","Negredo","ESP","30","Negredo","186","Valencia","4","7","20.08.1985","7","ESP"
"Lucas","Orb?≠n","ESP","26","Orb?≠n","184","Valencia","2","6","03.02.1989","0","ESP"
"","Paco Alc?≠cer","ESP","22","Paco Alc?≠cer","","Valencia","4","9","30.08.1993","0","ESP"
"Daniel","Parejo","ESP","26","Parejo","178","Valencia","3","10","16.04.1989","1","ESP"
"Andr??s","Pascual","ESP","18","Pascual","","Valencia","4","34","18.11.1996","0","ESP"
"Enzo","P??rez","ESP","29","P??rez","179","Valencia","3","15","22.02.1986","0","ARG"
"Pablo","Piatti","ESP","26","Piatti","163","Valencia","4","11","31.03.1989","0","ARG"
"","Rodrigo","ESP","24","Rodrigo","180","Valencia","4","17","06.03.1991","3","ESP"
"","R?ßben Vezo","ESP","21","R?ßben Vezo","","Valencia","2","3","25.04.1994","0","POR"
"Mathew","Ryan","ESP","23","Ryan","182","Valencia","1","25","08.04.1992","0","AUS"
"","Santi Mina","ESP","19","Santi Mina","","Valencia","4","22","07.12.1995","0","ESP"
"Antonio","Sivera","ESP","19","Sivera","","Valencia","1","35","11.08.1996","0","ESP"
"","Tropi","ESP","20","Tropi","","Valencia","3","28","12.05.1995","0","ESP"
"","Yoel","ESP","27","Yoel","","Valencia","1","13","28.08.1988","0","ESP"
"","Alexis S?≠nchez","ENG","26","Alexis S?≠nchez","168","Arsenal","4","17","19.12.1988","7","CHI"
"Mikel","Arteta","ENG","33","Arteta","183","Arsenal","3","8","26.03.1982","3","ESP"
"H??ctor","Beller??n","ENG","20","Beller??n","177","Arsenal","2","24","19.03.1995","0","ESP"
"Joel","Campbell","ENG","23","Campbell","178","Arsenal","4","28","26.06.1992","1","CRC"
"Petr","é?ech","ENG","33","é?ech","196","Arsenal","1","33","20.05.1982","0","CZE"
"Calum","Chambers","ENG","20","Chambers","183","Arsenal","2","21","20.01.1995","0","ENG"
"Francis","Coquelin","ENG","24","Coquelin","178","Arsenal","3","34","13.05.1991","0","FRA"
"Mathieu","Debuchy","ENG","30","Debuchy","177","Arsenal","2","2","28.07.1985","0","FRA"
"Mathieu","Flamini","ENG","31","Flamini","178","Arsenal","3","20","07.03.1984","1","FRA"
"","Gabriel","ENG","24","Gabriel","185","Arsenal","2","5","26.11.1990","0","BRA"
"Kieran","Gibbs","ENG","25","Gibbs","178","Arsenal","2","3","26.09.1989","2","ENG"
"Olivier","Giroud","ENG","28","Giroud","192","Arsenal","4","12","30.09.1986","6","FRA"
"Kaylen","Hinds","ENG","17","Hinds","180","Arsenal","4","42","28.01.1998","0","ENG"
"Ryan","Huddart","ENG","18","Huddart","191","Arsenal","1","43","06.03.1997","0","ENG"
"Deyan","Iliev","ENG","20","Iliev","","Arsenal","1","44","25.02.1995","0","BUL"
"Alex","Iwobi","ENG","19","Iwobi","180","Arsenal","4","45","03.05.1996","0","ENG"
"Chiori","Johnson","ENG","17","Johnson","175","Arsenal","2","46","05.10.1997","0","ENG"
"Glen","Kamara","ENG","19","Kamara","183","Arsenal","3","47","28.10.1995","0","FIN"
"Laurent","Koscielny","ENG","30","Koscielny","186","Arsenal","2","6","10.09.1985","2","FRA"
"Matt","Macey","ENG","21","Macey","","Arsenal","1","49","09.09.1994","0","ENG"
"Stephy","Mavididi","ENG","17","Mavididi","","Arsenal","4","50","31.05.1998","0","ENG"
"Per","Mertesacker","ENG","30","Mertesacker","198","Arsenal","2","4","29.09.1984","2","GER"
"Nacho","Monreal","ENG","29","Monreal","178","Arsenal","2","18","26.02.1986","0","ESP"
"Tafari","Moore","ENG","18","Moore","173","Arsenal","2","51","05.07.1997","0","ENG"
"Stefan","O'Connor","ENG","18","O'Connor","186","Arsenal","2","52","23.01.1997","0","ENG"
"David","Ospina","ENG","27","Ospina","183","Arsenal","1","13","31.08.1988","0","COL"
"Alex","Oxlade-Chamberlain","ENG","22","Oxlade-Chamberlain","180","Arsenal","4","15","15.08.1993","3","ENG"
"Mesut","??zil","ENG","26","??zil","183","Arsenal","3","11","15.10.1988","5","GER"
"Aaron","Ramsey","ENG","24","Ramsey","177","Arsenal","3","16","26.12.1990","11","WAL"
"Jeff","Reine-Ad??la??de","ENG","17","Reine-Ad??la??de","","Arsenal","3","54","17.01.1998","0","FRA"
"Tyrell","Robinson","ENG","18","Robinson","","Arsenal","3","55","16.09.1997","0","ENG"
"Tom?≠è≠","Rosick?´","ENG","34","Rosick?´","178","Arsenal","3","7","04.10.1980","12","CZE"
"","Santi Cazorla","ENG","30","Santi Cazorla","168","Arsenal","3","19","13.12.1984","0","ESP"
"Theo","Walcott","ENG","26","Walcott","176","Arsenal","4","14","16.03.1989","13","ENG"
"Danny","Welbeck","ENG","24","Welbeck","185","Arsenal","4","23","26.11.1990","7","ENG"
"Chris","Willock","ENG","17","Willock","180","Arsenal","4","59","31.01.1998","0","ENG"
"Jack","Wilshere","ENG","23","Wilshere","172","Arsenal","3","10","01.01.1992","4","ENG"
"","Ander Herrera","ENG","26","Ander Herrera","182","Man. United","3","21","14.08.1989","1","ESP"
"Daley","Blind","ENG","25","Blind","180","Man. United","3","17","09.03.1990","0","NED"
"Michael","Carrick","ENG","34","Carrick","188","Man. United","3","16","28.07.1981","4","ENG"
"Matteo","Darmian","ENG","25","Darmian","182","Man. United","2","36","02.12.1989","0","ITA"
"David","de Gea","ENG","24","De Gea","192","Man. United","1","1","07.11.1990","0","ESP"
"Memphis","Depay","ENG","21","Depay","176","Man. United","4","7","13.02.1994","4","NED"
"Marouane","Fellaini","ENG","27","Fellaini","194","Man. United","3","27","22.11.1987","1","BEL"
"Sam","Johnstone","ENG","22","Johnstone","","Man. United","1","50","25.03.1993","0","ENG"
"Phil","Jones","ENG","23","Jones","180","Man. United","2","4","21.02.1992","2","ENG"
"","Juan Mata","ENG","27","Juan Mata","170","Man. United","3","8","28.04.1988","6","ESP"
"Jesse","Lingard","ENG","22","Lingard","","Man. United","3","35","15.12.1992","0","ENG"
"Anthony","Martial","ENG","19","Martial","181","Man. United","4","9","05.12.1995","1","FRA"
"Paddy","McNair","ENG","20","McNair","","Man. United","2","33","27.04.1995","0","NIR"
"Andreas","Pereira","ENG","19","Pereira","","Man. United","3","44","01.01.1996","0","BEL"
"Nick","Powell","ENG","21","Powell","183","Man. United","3","22","23.03.1994","0","ENG"
"Marcos","Rojo","ENG","25","Rojo","187","Man. United","2","5","20.03.1990","0","ARG"
"Sergio","Romero","ENG","28","Romero","192","Man. United","1","20","22.02.1987","0","ARG"
"Wayne","Rooney","ENG","29","Rooney","176","Man. United","4","10","24.10.1985","33","ENG"
"Morgan","Schneiderlin","ENG","25","Schneiderlin","","Man. United","3","28","08.11.1989","0","FRA"
"Bastian","Schweinsteiger","ENG","31","Schweinsteiger","183","Man. United","3","31","01.08.1984","13","GER"
"Luke","Shaw","ENG","20","Shaw","","Man. United","2","23","12.07.1995","0","ENG"
"Chris","Smalling","ENG","25","Smalling","194","Man. United","2","12","22.11.1989","1","ENG"
"Antonio","Valencia","ENG","30","A. Valencia","178","Man. United","3","25","04.08.1985","6","ECU"
"Guillermo","Varela","ENG","22","Varela","173","Man. United","2","30","24.03.1993","0","URU"
"James","Wilson","ENG","19","Wilson","","Man. United","4","19","01.12.1995","0","ENG"
"Ashley","Young","ENG","30","Young","177","Man. United","3","18","09.07.1985","1","ENG"
"","Alex Teixeira","UKR","25","Alex Teixeira","173","Shakhtar Donetsk","3","29","06.01.1990","9","BRA"
"M?≠rcio","Azevedo","UKR","29","Azevedo","173","Shakhtar Donetsk","2","66","05.02.1986","0","BRA"
"","Bernard","UKR","23","Bernard","164","Shakhtar Donetsk","3","10","08.09.1992","0","BRA"
"","Dentinho","UKR","26","Dentinho","177","Shakhtar Donetsk","3","9","19.01.1989","0","BRA"
"","Eduardo","UKR","32","Eduardo","178","Shakhtar Donetsk","4","22","25.02.1983","12","CRO"
"Facundo","Ferreyra","UKR","24","Ferreyra","187","Shakhtar Donetsk","4","19","14.03.1991","0","ARG"
"","Fred","UKR","22","Fred","169","Shakhtar Donetsk","3","8","05.03.1993","0","BRA"
"Olexandr","Gladkiy","UKR","28","Gladkiy","188","Shakhtar Donetsk","4","21","24.08.1987","7","UKR"
"Serhiy","Gryn","UKR","21","Gryn","","Shakhtar Donetsk","4","24","06.06.1994","0","UKR"
"","Ismaily","UKR","25","Ismaily","177","Shakhtar Donetsk","2","31","11.01.1990","1","BRA"
"Anton","Kanibolotskiy","UKR","27","Kanibolotskiy","191","Shakhtar Donetsk","1","32","16.05.1988","0","UKR"
"Vasyl","Kobin","UKR","30","Kobin","180","Shakhtar Donetsk","3","14","24.05.1985","0","UKR"
"Viktor","Kovalenko","UKR","19","Kovalenko","186","Shakhtar Donetsk","3","74","14.02.1996","0","UKR"
"Serhiy","Kryvtsov","UKR","24","Kryvtsov","186","Shakhtar Donetsk","2","38","15.03.1991","0","UKR"
"Olexandr","Kucher","UKR","32","Kucher","184","Shakhtar Donetsk","2","5","22.10.1982","0","UKR"
"Maksym","Malyshev","UKR","22","Malyshev","181","Shakhtar Donetsk","3","17","24.12.1992","0","UKR"
"","Marlos","UKR","27","Marlos","173","Shakhtar Donetsk","3","11","07.06.1988","2","BRA"
"Mykola","Matviyenko","UKR","19","Matviyenko","","Shakhtar Donetsk","2","25","02.05.1996","0","UKR"
"Ivan","Ordets","UKR","23","Ordets","194","Shakhtar Donetsk","2","18","08.07.1992","0","UKR"
"Andriy","Pyatov","UKR","31","Pyatov","190","Shakhtar Donetsk","1","30","28.06.1984","0","UKR"
"Yaroslav","Rakitskiy","UKR","26","Rakitskiy","180","Shakhtar Donetsk","2","44","03.08.1989","1","UKR"
"Bohdan","Sarnavskiy","UKR","20","Sarnavskiy","","Shakhtar Donetsk","1","23","29.01.1995","0","UKR"
"Vyacheslav","Shevchuk","UKR","36","Shevchuk","180","Shakhtar Donetsk","2","13","13.05.1979","0","UKR"
"Darijo","Srna","UKR","33","Srna","182","Shakhtar Donetsk","2","33","01.05.1982","5","CRO"
"Taras","Stepanenko","UKR","26","Stepanenko","181","Shakhtar Donetsk","3","6","08.08.1989","2","UKR"
"","Taison","UKR","27","Taison","172","Shakhtar Donetsk","3","28","13.01.1988","1","BRA"
"","Wellington Nem","UKR","23","Wellington Nem","165","Shakhtar Donetsk","3","7","06.02.1992","0","BRA"
"Marco","Andreolli","ESP","29","Andreolli","187","Sevilla","2","17","10.06.1986","0","ITA"
"??ver","Banega","ESP","27","Banega","174","Sevilla","3","19","20.06.1988","1","ARG"
"","Carlos Fern?≠ndez","ESP","19","Carlos Fern?≠ndez","186","Sevilla","4","28","22.05.1996","0","ESP"
"David","Carmona","ESP","18","Carmona","175","Sevilla","2","26","11.01.1997","0","ESP"
"","Coke","ESP","28","Coke","176","Sevilla","2","23","26.04.1987","0","ESP"
"Antonio","Cot?≠n","ESP","19","Cot?≠n","176","Sevilla","3","27","19.05.1996","0","ESP"
"Sebasti?≠n","Crist??foro","ESP","22","Crist??foro","173","Sevilla","3","14","23.08.1993","0","URU"
"","Daniel Carri??o","ESP","27","Daniel Carri??o","182","Sevilla","3","6","04.08.1988","0","POR"
"Sergio","Escudero","ESP","26","Escudero","176","Sevilla","2","18","02.09.1989","0","ESP"
"Kevin","Gameiro","ESP","28","Gameiro","172","Sevilla","4","9","09.05.1987","1","FRA"
"Vicente","Iborra","ESP","27","Iborra","190","Sevilla","3","8","16.01.1988","0","ESP"
"Ciro","Immobile","ESP","25","Immobile","181","Sevilla","4","11","20.02.1990","4","ITA"
"","Jos?? Matos","ESP","20","Jos?? Matos","169","Sevilla","2","29","06.05.1995","0","ESP"
"","Juan Mu?Òoz","ESP","19","Juan Mu?Òoz","182","Sevilla","4","30","12.11.1995","0","ESP"
"","Juan Soriano","ESP","18","Juan Soriano","182","Sevilla","1","33","23.08.1997","0","ESP"
"Ga?Æl","Kakuta","ESP","24","Kakuta","172","Sevilla","3","12","21.06.1991","0","FRA"
"Timoth??e","Kolodziejczak","ESP","23","Kolodziejczak","185","Sevilla","2","5","01.10.1991","0","FRA"
"Yevhen","Konoplyanka","ESP","25","Konoplyanka","176","Sevilla","3","22","29.09.1989","1","UKR"
"Michael","Krohn-Dehli","ESP","32","Krohn-Dehli","170","Sevilla","3","7","06.06.1983","0","DEN"
"Grzegorz","Krychowiak","ESP","25","Krychowiak","186","Sevilla","3","4","29.01.1990","0","POL"
"Fernando","Llorente","ESP","30","Llorente","195","Sevilla","4","24","26.02.1985","3","ESP"
"","Luismi","ESP","23","Luismi","180","Sevilla","3","16","05.05.1992","0","ESP"
"","Mariano Ferreira","ESP","29","Mariano Ferreira","177","Sevilla","2","25","23.06.1986","0","BRA"
"Steven","N'Zonzi","ESP","26","N'Zonzi","190","Sevilla","3","15","15.12.1988","0","FRA"
"Adil","Rami","ESP","29","Rami","190","Sevilla","2","3","27.12.1985","2","FRA"
"Jos?? Antonio","Reyes","ESP","32","Reyes","178","Sevilla","3","10","01.09.1983","3","ESP"
"Sergio","Rico","ESP","22","Rico","194","Sevilla","1","1","01.09.1993","0","ESP"
"?Ålvaro","Rodriguez","ESP","17","Rodriguez","","Sevilla","1","35","18.02.1998","0","ESP"
"David","Soria","ESP","22","Soria","192","Sevilla","1","31","04.04.1993","0","ESP"
"Beno??t","Tr??moulinas","ESP","29","Tr??moulinas","173","Sevilla","2","2","28.12.1985","0","FRA"
"","Vitolo","ESP","25","Vitolo","183","Sevilla","3","20","02.11.1989","0","ESP"
"","Antunes","UKR","28","Antunes","175","Dynamo Kyiv","2","5","01.04.1987","0","POR"
"Younes","Belhanda","UKR","25","Belhanda","174","Dynamo Kyiv","3","90","25.02.1990","2","MAR"
"Valery","Boldenkov","UKR","21","Boldenkov","191","Dynamo Kyiv","2","44","08.09.1994","0","UKR"
"Mykyta","Burda","UKR","20","Burda","187","Dynamo Kyiv","2","26","24.03.1995","0","UKR"
"Georgiy","Bushchan","UKR","21","Bushchan","201","Dynamo Kyiv","1","52","31.05.1994","0","UKR"
"Vitaliy","Buyalskiy","UKR","22","Buyalskiy","170","Dynamo Kyiv","3","29","06.01.1993","1","UKR"
"","Danilo Silva","UKR","28","Danilo Silva","185","Dynamo Kyiv","2","2","24.11.1986","0","BRA"
"Aleksandar","Dragovic","UKR","24","Dragovic","185","Dynamo Kyiv","2","6","06.03.1991","0","AUT"
"Denys","Garmash","UKR","25","Garmash","187","Dynamo Kyiv","3","19","19.04.1990","1","UKR"
"Derlis","Gonz?≠lez","UKR","21","Gonz?≠lez","172","Dynamo Kyiv","3","25","20.03.1994","3","PAR"
"Oleh","Gusev","UKR","32","Gusev","179","Dynamo Kyiv","3","20","25.04.1983","9","UKR"
"","J?ßnior Moraes","UKR","28","J?ßnior Moraes","176","Dynamo Kyiv","4","11","04.04.1987","0","BRA"
"Yevhen","Khacheridi","UKR","28","Khacheridi","197","Dynamo Kyiv","2","34","28.07.1987","0","UKR"
"Niko","Kranjéçar","UKR","31","Kranjéçar","185","Dynamo Kyiv","3","21","13.08.1984","2","CRO"
"Artem","Kravets","UKR","26","Kravets","185","Dynamo Kyiv","4","22","03.06.1989","0","UKR"
"Pavlo","Lukyanchuk","UKR","19","Lukyanchuk","","Dynamo Kyiv","2","42","19.05.1996","0","UKR"
"Yevhen","Makarenko","UKR","24","Makarenko","182","Dynamo Kyiv","2","27","21.05.1991","0","UKR"
"","Miguel Veloso","UKR","29","Miguel Veloso","180","Dynamo Kyiv","3","4","11.05.1986","3","POR"
"Mykola","Morozyuk","UKR","27","Morozyuk","176","Dynamo Kyiv","2","9","17.01.1988","0","UKR"
"Serhiy","Myakushko","UKR","22","Myakushko","167","Dynamo Kyiv","3","88","15.04.1993","0","UKR"
"Andrii","Nesterenko","UKR","19","Nesterenko","","Dynamo Kyiv","2","45","14.05.1996","0","UKR"
"Pavlo","Orikhovskiy","UKR","19","Orikhovskiy","","Dynamo Kyiv","3","48","13.05.1996","0","UKR"
"Radosav","Petrovié?","UKR","26","Petrovié?","193","Dynamo Kyiv","3","8","08.03.1989","1","SRB"
"Serhiy","Rybalka","UKR","25","Rybalka","176","Dynamo Kyiv","3","17","01.04.1990","0","UKR"
"Olexandr","Rybka","UKR","28","Rybka","193","Dynamo Kyiv","1","23","10.04.1987","0","UKR"
"Olexandr","Shovkovskiy","UKR","40","Shovkovskiy","191","Dynamo Kyiv","1","1","02.01.1975","0","UKR"
"Serhiy","Sydorchuk","UKR","24","Sydorchuk","188","Dynamo Kyiv","3","16","02.05.1991","0","UKR"
"èÅukasz","Teodorczyk","UKR","24","Teodorczyk","185","Dynamo Kyiv","4","91","03.06.1991","0","POL"
"Domagoj","Vida","UKR","26","Vida","184","Dynamo Kyiv","2","24","29.04.1989","2","CRO"
"Roman","Yaremchuk","UKR","19","Yaremchuk","","Dynamo Kyiv","4","41","27.11.1995","0","UKR"
"Andriy","Yarmolenko","UKR","25","Yarmolenko","187","Dynamo Kyiv","4","10","23.10.1989","3","UKR"
"Jean-K??vin","Augustin","FRA","18","Augustin","177","Paris","4","29","16.06.1997","0","FRA"
"Serge","Aurier","FRA","22","Aurier","176","Paris","2","19","24.12.1992","0","CIV"
"Edinson","Cavani","FRA","28","Cavani","184","Paris","4","9","14.02.1987","16","URU"
"","David Luiz","FRA","28","David Luiz","188","Paris","2","32","22.04.1987","5","BRA"
"R??my","Descamps","FRA","19","Descamps","","Paris","1","40","25.06.1996","0","FRA"
"?Ångel","Di Mar??a","FRA","27","Di Mar??a","180","Paris","3","11","14.02.1988","9","ARG"
"Nicolas","Douchez","FRA","35","Douchez","186","Paris","1","1","22.04.1980","0","FRA"
"Zlatan","Ibrahimovié?","FRA","33","Ibrahimovié?","194","Paris","4","10","03.10.1981","44","SWE"
"Presnel","Kimpembe","FRA","20","Kimpembe","183","Paris","2","3","13.08.1995","0","FRA"
"Layvin","Kurzawa","FRA","23","Kurzawa","182","Paris","2","20","04.09.1992","2","FRA"
"Ezequiel","Lavezzi","FRA","30","Lavezzi","173","Paris","4","22","03.05.1985","9","ARG"
"","Lucas","FRA","23","Lucas","172","Paris","3","7","13.08.1992","0","BRA"
"","Marquinhos","FRA","21","Marquinhos","183","Paris","2","5","14.05.1994","3","BRA"
"Blaise","Matuidi","FRA","28","Matuidi","175","Paris","3","14","09.04.1987","4","FRA"
"","Maxwell","FRA","34","Maxwell","177","Paris","2","17","27.08.1981","0","BRA"
"Christopher","Nkunku","FRA","17","Nkunku","","Paris","3","33","14.11.1997","0","FRA"
"Hervin","Ongenda","FRA","20","Ongenda","169","Paris","4","35","24.06.1995","0","FRA"
"Javier","Pastore","FRA","26","Pastore","187","Paris","3","27","20.06.1989","4","ARG"
"Adrien","Rabiot","FRA","20","Rabiot","188","Paris","3","25","03.04.1995","0","FRA"
"Salvatore","Sirigu","FRA","28","Sirigu","192","Paris","1","30","12.01.1987","0","ITA"
"Benjamin","Stambouli","FRA","25","Stambouli","180","Paris","3","4","13.08.1990","0","FRA"
"","Thiago Motta","FRA","33","Thiago Motta","183","Paris","3","8","28.08.1982","5","ITA"
"","Thiago Silva","FRA","30","Thiago Silva","183","Paris","2","2","22.09.1984","4","BRA"
"Kevin","Trapp","FRA","25","Trapp","189","Paris","1","16","08.07.1990","0","GER"
"Gregory","van der Wiel","FRA","27","Van der Wiel","172","Paris","2","23","03.02.1988","1","NED"
"Marco","Verratti","FRA","22","Verratti","165","Paris","3","6","05.11.1992","1","ITA"
"Roel","Brouwers","GER","33","Brouwers","190","M??nchengladbach","2","4","28.11.1981","0","NED"
"Andreas","Christensen","GER","19","Christensen","188","M??nchengladbach","2","3","10.04.1996","0","DEN"
"Mahmoud","Dahoud","GER","19","Dahoud","176","M??nchengladbach","3","8","01.01.1996","0","GER"
"?Ålvaro","Dom??nguez","GER","26","?Ålvaro Dom??nguez","189","M??nchengladbach","2","15","16.05.1989","0","ESP"
"Josip","Drmic","GER","23","Drmic","181","M??nchengladbach","4","9","08.08.1992","0","SUI"
"Nico","Elvedi","GER","18","Elvedi","188","M??nchengladbach","2","30","30.09.1996","0","SUI"
"Andr??","Hahn","GER","25","Hahn","185","M??nchengladbach","3","28","13.08.1990","0","GER"
"Thorgan","Hazard","GER","22","Hazard","174","M??nchengladbach","3","10","29.03.1993","0","BEL"
"Christofer","Heimeroth","GER","34","Heimeroth","194","M??nchengladbach","1","33","01.08.1981","0","GER"
"Patrick","Herrmann","GER","24","Herrmann","179","M??nchengladbach","4","7","12.02.1991","0","GER"
"Branimir","Hrgota","GER","22","Hrgota","182","M??nchengladbach","4","31","12.01.1993","0","SWE"
"Tony","Jantschke","GER","25","Jantschke","177","M??nchengladbach","2","24","07.04.1990","0","GER"
"Fabian","Johnson","GER","27","Johnson","183","M??nchengladbach","2","19","11.12.1987","0","GER"
"Martin","Kompalla","GER","23","Kompalla","186","M??nchengladbach","1","41","26.08.1992","0","GER"
"Julian","Korb","GER","23","Korb","177","M??nchengladbach","2","27","21.03.1992","0","GER"
"Tsiy-William","Ndenge","GER","18","Ndenge","","M??nchengladbach","3","44","13.06.1997","0","GER"
"H?ùvard","Nordtveit","GER","25","Nordtveit","186","M??nchengladbach","3","6","21.06.1990","0","NOR"
"","Raffael","GER","30","Raffael","174","M??nchengladbach","4","11","28.03.1985","0","BRA"
"Marlon","Ritter","GER","20","Ritter","170","M??nchengladbach","3","36","15.10.1994","0","GER"
"Marvin","Schulz","GER","20","M. Schulz","186","M??nchengladbach","2","18","15.01.1995","0","GER"
"Nico","Schulz","GER","22","N. Schulz","","M??nchengladbach","3","14","01.04.1993","0","GER"
"Tobias","Sippel","GER","27","Sippel","180","M??nchengladbach","1","21","22.03.1988","0","GER"
"Yann","Sommer","GER","26","Sommer","183","M??nchengladbach","1","1","17.12.1988","0","SUI"
"Lars","Stindl","GER","27","Stindl","180","M??nchengladbach","3","13","26.08.1988","0","GER"
"Martin","Stranzl","GER","35","Stranzl","190","M??nchengladbach","2","39","16.06.1980","0","AUT"
"Ibrahima","Traor??","GER","27","Traor??","172","M??nchengladbach","3","16","21.04.1988","0","GNB"
"Oscar","Wendt","GER","29","Wendt","181","M??nchengladbach","2","17","24.10.1985","0","SWE"
"Granit","Xhaka","GER","22","Xhaka","186","M??nchengladbach","3","34","27.09.1992","1","SUI"
"Aleksandr","Anyukov","RUS","32","Anyukov","178","Zenit","2","2","28.09.1982","0","RUS"
"Dmitri","Bogaev","RUS","21","Bogaev","175","Zenit","4","70","24.01.1994","0","RUS"
"Domenico","Criscito","RUS","28","Criscito","183","Zenit","2","4","30.12.1986","0","ITA"
"","Danny","RUS","32","Danny","178","Zenit","3","10","07.08.1983","11","POR"
"Pavel","Dolgov","RUS","19","Dolgov","187","Zenit","4","92","16.08.1996","0","RUS"
"Artem","Dzyuba","RUS","27","Dzyuba","194","Zenit","4","22","22.08.1988","1","RUS"
"Aleksei","Evseev","RUS","21","Evseev","183","Zenit","3","94","30.03.1994","0","RUS"
"Viktor","Fayzulin","RUS","29","Fayzulin","176","Zenit","3","20","22.04.1986","2","RUS"
"Ezequiel","Garay","RUS","28","Garay","192","Zenit","2","24","10.10.1986","1","ARG"
"","Hulk","RUS","29","Hulk","180","Zenit","4","7","25.07.1986","18","BRA"
"Ivan","Ivanidi","RUS","19","Ivanidi","","Zenit","2","53","14.06.1996","0","RUS"
"Andrei","Ivanov","RUS","21","Ivanov","179","Zenit","2","52","02.09.1994","0","RUS"
"","Javi Garc??a","RUS","28","Javi Garc??a","187","Zenit","3","21","08.02.1987","2","ESP"
"Maksim","Karpov","RUS","20","Karpov","176","Zenit","2","50","17.03.1995","0","RUS"
"Mikhail","Kerzhakov","RUS","28","Kerzhakov","189","Zenit","1","41","28.01.1987","0","RUS"
"Pavel","Kireenko","RUS","21","Kireenko","","Zenit","4","76","14.06.1994","0","RUS"
"Ilya","Kubyshkin","RUS","19","Kubyshkin","180","Zenit","2","96","12.01.1996","0","RUS"
"Yuri","Lodygin","RUS","25","Lodygin","187","Zenit","1","1","26.05.1990","0","RUS"
"Nicolas","Lombaerts","RUS","30","Lombaerts","188","Zenit","2","6","20.03.1985","1","BEL"
"","Lu??s Neto","RUS","27","Lu??s Neto","187","Zenit","2","13","26.05.1988","0","POR"
"Vyacheslav","Malafeev","RUS","36","Malafeev","185","Zenit","1","16","04.03.1979","0","RUS"
"Evgeni","Markov","RUS","21","Markov","","Zenit","4","89","07.07.1994","0","RUS"
"Mikhail","Mzhelski","RUS","20","Mzhelski","200","Zenit","1","80","29.03.1995","0","RUS"
"Pavel","Nazimov","RUS","19","Nazimov","177","Zenit","4","43","04.02.1996","0","RUS"
"Igor","Obukhov","RUS","19","Obukhov","190","Zenit","1","83","29.05.1996","0","RUS"
"Pavel","Osipov","RUS","19","Osipov","176","Zenit","3","73","28.01.1996","0","RUS"
"Stepan","Rebenko","RUS","20","Rebenko","184","Zenit","2","62","01.05.1995","0","RUS"
"Maksim","Rudakov","RUS","19","Rudakov","182","Zenit","1","51","22.01.1996","0","RUS"
"Aleksandr","Ryazantsev","RUS","29","Ryazantsev","176","Zenit","3","5","05.09.1986","1","RUS"
"Oleg","Shatov","RUS","25","Shatov","173","Zenit","3","17","29.07.1990","2","RUS"
"Igor","Smolnikov","RUS","27","Smolnikov","178","Zenit","2","19","08.08.1988","0","RUS"
"Konstantin","Troyanov","RUS","19","Troyanov","","Zenit","3","79","18.11.1995","0","RUS"
"Aleksandr","Vasyutin","RUS","20","Vasyutin","190","Zenit","1","95","04.03.1995","0","RUS"
"Axel","Witsel","RUS","26","Witsel","183","Zenit","3","28","12.01.1989","4","BEL"
"Danila","Yaschuk","RUS","20","Yaschuk","181","Zenit","3","65","13.03.1995","0","RUS"
"Artur","Yusupov","RUS","26","Yusupov","179","Zenit","3","14","01.09.1989","0","RUS"
"Ilya","Zuev","RUS","21","Zuev","183","Zenit","2","58","25.01.1994","0","RUS"
"Ola","Aina","ENG","18","Aina","","Chelsea","2","34","08.10.1996","0","ENG"
"C??sar","Azpilicueta","ENG","26","Azpilicueta","178","Chelsea","2","28","28.08.1989","0","ESP"
"Abdul Rahman","Baba","ENG","21","Baba","","Chelsea","2","6","02.07.1994","0","GHA"
"Asmir","Begovié?","ENG","28","Begovié?","196","Chelsea","1","1","20.06.1987","0","BIH"
"Jamal","Blackman","ENG","21","Blackman","196","Chelsea","1","27","27.10.1993","0","ENG"
"Gary","Cahill","ENG","29","Cahill","188","Chelsea","2","24","19.12.1985","3","ENG"
"Bradley","Collins","ENG","18","Collins","","Chelsea","1","40","18.02.1997","0","ENG"
"Thibaut","Courtois","ENG","23","Courtois","199","Chelsea","1","13","11.05.1992","0","BEL"
"","Diego Costa","ENG","26","Diego Costa","188","Chelsea","4","19","07.10.1988","9","ESP"
"Cesc","F?ˇbregas","ENG","28","F?ˇbregas","175","Chelsea","3","4","04.05.1987","23","ESP"
"Radamel","Falcao","ENG","29","Falcao","177","Chelsea","4","9","10.02.1986","4","COL"
"Eden","Hazard","ENG","24","Hazard","170","Chelsea","3","10","07.01.1991","5","BEL"
"Branislav","Ivanovié?","ENG","31","Ivanovié?","188","Chelsea","2","2","22.02.1984","7","SRB"
"","Kenedy","ENG","19","Kenedy","","Chelsea","3","16","08.02.1996","0","BRA"
"Ruben","Loftus-Cheek","ENG","19","Loftus-Cheek","192","Chelsea","3","36","23.01.1996","0","ENG"
"Nemanja","Matié?","ENG","27","Matié?","193","Chelsea","3","21","01.08.1988","3","SRB"
"John Obi","Mikel","ENG","28","Mikel","188","Chelsea","3","12","22.04.1987","1","NGA"
"","Oscar","ENG","24","Oscar","180","Chelsea","3","8","09.09.1991","7","BRA"
"","Pedro Rodr??guez","ENG","28","Pedro Rodr??guez","167","Chelsea","4","17","28.07.1987","15","ESP"
"","Ramires","ENG","28","Ramires","180","Chelsea","3","7","24.03.1987","7","BRA"
"Lo??c","R??my","ENG","28","R??my","184","Chelsea","4","18","02.01.1987","5","FRA"
"John","Terry","ENG","34","Terry","187","Chelsea","2","26","07.12.1980","10","ENG"
"Bertrand","Traor??","ENG","20","Traor??","177","Chelsea","3","14","06.09.1995","0","BFA"
"","Willian","ENG","27","Willian","173","Chelsea","3","22","09.08.1988","11","BRA"
"Kurt","Zouma","ENG","20","Zouma","190","Chelsea","2","5","27.10.1994","0","FRA"
"Tosin","Adarabioyo","ENG","17","Adarabioyo","","Man. City","2","53","24.09.1997","0","ENG"
"Sergio","Ag?¨ero","ENG","27","Ag?¨ero","172","Man. City","4","10","02.06.1988","23","ARG"
"Thierry","Ambrose","ENG","18","Ambrose","","Man. City","4","68","28.03.1997","0","FRA"
"Brandon","Barker","ENG","18","Barker","","Man. City","4","62","04.10.1996","0","ENG"
"Denzil","Boadu","ENG","18","Boadu","","Man. City","3","49","20.02.1997","0","ENG"
"Wilfried","Bony","ENG","26","Bony","182","Man. City","4","14","10.12.1988","2","CIV"
"Kean","Bryan","ENG","18","Bryan","182","Man. City","3","52","01.11.1996","0","ENG"
"Sinan","Bytyqi","ENG","20","Bytyqi","185","Man. City","3","63","15.01.1995","0","AUT"
"Willy","Caballero","ENG","33","Caballero","186","Man. City","1","13","28.09.1981","0","ARG"
"Ga?Æl","Clichy","ENG","30","Clichy","176","Man. City","2","22","26.07.1985","0","FRA"
"Kevin","De Bruyne","ENG","24","De Bruyne","180","Man. City","4","17","28.06.1991","0","BEL"
"Fabian","Delph","ENG","25","Delph","174","Man. City","3","18","21.11.1989","0","ENG"
"Mart??n","Demichelis","ENG","34","Demichelis","184","Man. City","2","26","20.12.1980","3","ARG"
"George","Evans","ENG","20","Evans","184","Man. City","3","70","13.12.1994","0","ENG"
"","Fernandinho","ENG","30","Fernandinho","176","Man. City","3","25","04.05.1985","6","BRA"
"","Fernando","ENG","28","Fernando","185","Man. City","3","6","25.07.1987","0","BRA"
"George","Glendon","ENG","20","Glendon","177","Man. City","3","73","03.05.1995","0","WAL"
"Angus","Gunn","ENG","19","Gunn","196","Man. City","1","54","22.01.1996","0","ENG"
"Joe","Hart","ENG","28","Hart","196","Man. City","1","1","19.04.1987","0","ENG"
"","Jes?ßs Navas","ENG","29","Jes?ßs Navas","170","Man. City","3","15","21.11.1985","3","ESP"
"","Jorge Intima","ENG","19","Jorge Intima","","Man. City","3","65","21.09.1995","0","POR"
"Aleksandar","Kolarov","ENG","29","Kolarov","187","Man. City","2","11","10.11.1985","3","SRB"
"Vincent","Kompany","ENG","29","Kompany","190","Man. City","2","4","10.04.1986","2","BEL"
"Ian","Lawlor","ENG","20","Lawlor","193","Man. City","1","45","27.10.1994","0","IRL"
"Pablo","Maffeo","ENG","18","Maffeo","","Man. City","2","50","12.07.1997","0","ESP"
"Eliaquim","Mangala","ENG","24","Mangala","187","Man. City","2","20","13.02.1991","1","FRA"
"Samir","Nasri","ENG","28","Nasri","175","Man. City","3","8","26.06.1987","9","FRA"
"Aaron","Nemane","ENG","18","Nemane","","Man. City","4","57","26.06.1997","0","ENG"
"Nicol?≠s","Otamendi","ENG","27","Otamendi","183","Man. City","2","30","12.02.1988","0","ARG"
"Ellis","Plummer","ENG","21","Plummer","","Man. City","2","74","02.09.1994","0","ENG"
"Bacary","Sagna","ENG","32","Sagna","176","Man. City","2","3","14.02.1983","0","FRA"
"David","Silva","ENG","29","Silva","170","Man. City","3","21","08.01.1986","6","ESP"
"Ashley","Smith-Brown","ENG","19","Smith-Brown","","Man. City","2","56","31.03.1996","0","ENG"
"Raheem","Sterling","ENG","20","Sterling","170","Man. City","3","7","08.12.1994","0","ENG"
"Samuel","Tattum","ENG","19","Tattum","","Man. City","3","67","03.09.1996","0","ENG"
"Yaya","Tour??","ENG","32","Tour??","191","Man. City","3","42","13.05.1983","7","CIV"
"Marcus","Wood","ENG","17","Wood","","Man. City","3","71","12.02.1998","0","ENG"
"Pablo","Zabaleta","ENG","30","Zabaleta","176","Man. City","2","5","16.01.1985","1","ARG"
"Igor","Akinfeev","RUS","29","Akinfeev","185","CSKA Moskva","1","35","08.04.1986","0","RUS"
"Aleksei","Berezutski","RUS","33","A. Berezutski","190","CSKA Moskva","2","6","20.06.1982","0","RUS"
"Vasili","Berezutski","RUS","33","V. Berezutski","189","CSKA Moskva","2","24","20.06.1982","3","RUS"
"Aleksandrs","Cauè?a","RUS","27","Cauè?a","174","CSKA Moskva","3","19","19.01.1988","1","LVA"
"Sergei","Chepchugov","RUS","30","Chepchugov","185","CSKA Moskva","1","1","15.07.1985","0","RUS"
"Nikita","Chernov","RUS","19","Chernov","189","CSKA Moskva","2","91","14.01.1996","0","RUS"
"Seydou","Doumbia","RUS","27","Doumbia","179","CSKA Moskva","4","88","31.12.1987","13","CIV"
"Alan","Dzagoev","RUS","25","Dzagoev","179","CSKA Moskva","3","10","17.06.1990","6","RUS"
"Roman","Eremenko","RUS","28","Eremenko","180","CSKA Moskva","3","25","19.03.1987","1","FIN"
"Aleksandr","Golovin","RUS","19","Golovin","","CSKA Moskva","3","60","30.05.1996","0","RUS"
"Sergei","Ignashevich","RUS","36","Ignashevich","186","CSKA Moskva","2","4","14.07.1979","5","RUS"
"Aleksandr","Makarov","RUS","19","Makarov","","CSKA Moskva","4","43","24.04.1996","0","RUS"
"","M?≠rio Fernandes","RUS","24","M?≠rio Fernandes","189","CSKA Moskva","2","2","28.06.1991","0","BRA"
"Georgi","Milanov","RUS","23","Milanov","184","CSKA Moskva","3","23","19.02.1992","0","BUL"
"Ahmed","Musa","RUS","22","Musa","170","CSKA Moskva","4","18","14.10.1992","5","NGA"
"Kirill","Nababkin","RUS","29","Nababkin","176","CSKA Moskva","2","14","08.09.1986","0","RUS"
"Bibras","Natcho","RUS","27","Natcho","175","CSKA Moskva","3","66","18.02.1988","3","ISR"
"Kirill","Panchenko","RUS","25","Panchenko","185","CSKA Moskva","4","8","19.10.1989","0","RUS"
"Ilya","Pomazun","RUS","19","Pomazun","189","CSKA Moskva","1","45","16.08.1996","0","RUS"
"Georgi","Schennikov","RUS","24","Schennikov","178","CSKA Moskva","2","42","27.04.1991","0","RUS"
"Zoran","Toè≠ié?","RUS","28","Toè≠ié?","171","CSKA Moskva","3","7","28.04.1987","5","SRB"
"Viktor","Vasin","RUS","26","Vasin","192","CSKA Moskva","2","5","06.10.1988","0","RUS"
"Pontus","Wernbloom","RUS","29","Wernbloom","187","CSKA Moskva","3","3","25.06.1986","3","SWE"
"Gal","Alberman","ISR","32","Alberman","180","M. Tel-Aviv","3","6","17.04.1983","1","ISR"
"Suhail","Armaly","ISR","19","Armaly","","M. Tel-Aviv","3","29","10.01.1996","0","ISR"
"Shlomy","Azulay","ISR","25","Azulay","","M. Tel-Aviv","3","16","30.03.1990","0","ISR"
"Eden","Ben Basat","ISR","29","Ben Basat","","M. Tel-Aviv","4","9","08.09.1986","1","ISR"
"Tal","Ben Haim I","ISR","33","Ben Haim I","","M. Tel-Aviv","2","26","31.03.1982","0","ISR"
"Tal","Ben Haim II","ISR","26","Ben Haim II","175","M. Tel-Aviv","4","11","05.08.1989","4","ISR"
"Omri","Ben Harush","ISR","25","Ben Harush","","M. Tel-Aviv","2","20","07.03.1990","0","ISR"
"","Carlos Garc??a","ISR","31","Carlos Garc??a","","M. Tel-Aviv","2","31","29.04.1984","0","ESP"
"Eliazer","Dasa","ISR","22","Dasa","","M. Tel-Aviv","2","2","03.12.1992","0","ISR"
"Daniel","Einbinder","ISR","26","Einbinder","186","M. Tel-Aviv","3","17","16.02.1989","0","ISR"
"Dan","Glazer","ISR","18","Glazer","","M. Tel-Aviv","3","33","20.09.1996","0","ISR"
"Sean","Goldberg","ISR","20","Goldberg","","M. Tel-Aviv","2","23","13.06.1995","0","ISR"
"Sahar","Hasson","ISR","19","Hasson","","M. Tel-Aviv","1","41","24.04.1996","0","ISR"
"Nosakhare","Igiebor","ISR","24","Igiebor","182","M. Tel-Aviv","3","40","09.11.1990","2","NGA"
"Barak","Itzhaki","ISR","30","Itzhaki","174","M. Tel-Aviv","4","10","25.09.1984","3","ISR"
"Daniel","Lifshitz","ISR","27","Lifshitz","","M. Tel-Aviv","1","1","24.04.1988","0","ISR"
"Dor","Miha","ISR","23","Miha","","M. Tel-Aviv","3","15","02.03.1992","0","ISR"
"Nikola","Mitrovié?","ISR","28","Mitrovié?","180","M. Tel-Aviv","3","24","02.01.1987","0","SRB"
"Haviv","Ohayon","ISR","17","Ohayon","","M. Tel-Aviv","1","55","17.08.1998","0","ISR"
"Dor","Peretz","ISR","20","Peretz","","M. Tel-Aviv","3","42","17.05.1995","0","ISR"
"Dejan","Radonjié?","ISR","25","Radonjié?","","M. Tel-Aviv","4","99","23.07.1990","0","CRO"
"Predrag","Rajkovié?","ISR","19","Rajkovié?","","M. Tel-Aviv","1","95","31.10.1995","0","SRB"
"Oz","Raly","ISR","27","Raly","","M. Tel-Aviv","2","27","22.12.1987","0","ISR"
"Avraham","Rikan","ISR","27","Rikan","168","M. Tel-Aviv","3","22","10.09.1988","0","ISR"
"Yuval","Shpungin","ISR","28","Shpungin","","M. Tel-Aviv","2","3","03.04.1987","0","ISR"
"Eytan","Tibi","ISR","27","Tibi","","M. Tel-Aviv","2","18","16.11.1987","0","ISR"
"Gil","Vermouth","ISR","30","Vermouth","174","M. Tel-Aviv","3","28","05.08.1985","0","ISR"
"Eran","Zahavi","ISR","28","Zahavi","182","M. Tel-Aviv","3","7","25.07.1987","15","ISR"
"Yoav","Ziv","ISR","34","Ziv","178","M. Tel-Aviv","2","14","16.03.1981","0","ISR"
"Maximilian","Arnold","GER","21","Arnold","184","Wolfsburg","3","27","27.05.1994","0","GER"
"Carlos","Ascues","GER","23","Ascues","178","Wolfsburg","2","6","19.06.1992","0","PER"
"Diego","Benaglio","GER","32","Benaglio","194","Wolfsburg","1","1","08.09.1983","0","SUI"
"Nicklas","Bendtner","GER","27","Bendtner","190","Wolfsburg","4","3","16.01.1988","9","DEN"
"Daniel","Caligiuri","GER","27","Caligiuri","182","Wolfsburg","3","7","15.01.1988","0","GER"
"Koen","Casteels","GER","23","Casteels","197","Wolfsburg","1","28","25.06.1992","0","BEL"
"","Dante","GER","31","Dante","188","Wolfsburg","2","18","18.10.1983","0","BRA"
"Bas","Dost","GER","26","Dost","196","Wolfsburg","4","12","31.05.1989","0","NED"
"Julian","Draxler","GER","21","Draxler","183","Wolfsburg","3","10","20.09.1993","6","GER"
"Max","Gr?¨n","GER","28","Gr?¨n","192","Wolfsburg","1","20","05.04.1987","0","GER"
"Josuha","Guilavogui","GER","24","Guilavogui","187","Wolfsburg","3","23","19.09.1990","0","FRA"
"Sebastian","Jung","GER","25","Jung","179","Wolfsburg","2","24","22.06.1990","0","GER"
"Timm","Klose","GER","27","Klose","193","Wolfsburg","2","5","09.05.1988","0","SUI"
"Robin","Knoche","GER","23","Knoche","190","Wolfsburg","2","31","22.05.1992","0","GER"
"Max","Kruse","GER","27","Kruse","180","Wolfsburg","4","11","19.03.1988","0","GER"
"","Luiz Gustavo","GER","28","Luiz Gustavo","187","Wolfsburg","3","22","23.07.1987","0","BRA"
"","Naldo","GER","33","Naldo","198","Wolfsburg","2","25","10.09.1982","0","BRA"
"Francisco","Rodriguez","GER","20","Rodriguez","191","Wolfsburg","3","35","14.09.1995","0","SUI"
"Ricardo","Rodriguez","GER","23","Rodriguez","180","Wolfsburg","2","34","25.08.1992","0","SUI"
"Marcel","Sch??fer","GER","31","Sch??fer","182","Wolfsburg","2","4","07.06.1984","0","GER"
"Andr??","Sch?¨rrle","GER","24","Sch?¨rrle","184","Wolfsburg","3","17","06.11.1990","3","GER"
"Paul","Seguin","GER","20","Seguin","186","Wolfsburg","3","30","29.03.1995","0","GER"
"Moritz","Sprenger","GER","20","Sprenger","190","Wolfsburg","2","37","22.02.1995","0","GER"
"Sebastian","Stolze","GER","20","Stolze","182","Wolfsburg","4","33","29.01.1995","0","GER"
"Christian","Tr??sch","GER","28","Tr??sch","181","Wolfsburg","3","15","01.09.1987","1","GER"
"","Vieirinha","GER","29","Vieirinha","176","Wolfsburg","3","8","24.01.1986","1","POR"
"Ilya","Aleksievich","BLR","24","Aleksievich","173","BATE","3","9","10.02.1991","0","BLR"
"Dmitri","Antilevski","BLR","18","Antilevski","174","BATE","4","44","12.06.1997","0","BLR"
"Dmitri","Baga","BLR","25","Baga","182","BATE","3","55","04.01.1990","0","BLR"
"Dmitri","Baiduk","BLR","19","Baiduk","","BATE","2","27","03.08.1996","0","BLR"
"Pavel","Bogush","BLR","19","Bogush","","BATE","3","29","24.01.1996","0","BLR"
"Sergei","Chernik","BLR","27","Chernik","187","BATE","1","16","20.07.1988","0","BLR"
"Anton","Chichkan","BLR","20","Chichkan","186","BATE","1","35","10.07.1995","0","BLR"
"Kaspars","Dubra","BLR","24","Dubra","","BATE","2","4","20.12.1990","0","LVA"
"Vitali","Gaiduchik","BLR","26","Gaiduchik","185","BATE","2","3","12.07.1989","0","BLR"
"Mikhail","Gordeichuk","BLR","25","Gordeichuk","176","BATE","4","62","23.10.1989","3","BLR"
"Aleksandr","Hleb","BLR","34","Hleb","185","BATE","3","81","01.05.1981","4","BLR"
"Aleksandar","Jevtié?","BLR","30","A. Jevtié?","","BATE","4","11","30.03.1985","0","SRB"
"Aleksandr","Karnitski","BLR","26","Karnitski","187","BATE","3","7","14.02.1989","3","BLR"
"Dmitri","Likhtarovich","BLR","37","Likhtarovich","180","BATE","3","2","01.03.1978","1","BLR"
"Nemanja","Milunovié?","BLR","26","Milunovié?","","BATE","2","19","31.05.1989","1","SRB"
"Filip","Mladenovié?","BLR","24","Mladenovié?","180","BATE","2","25","15.08.1991","0","SRB"
"Dmitri","Mozolevski","BLR","30","Mozolevski","190","BATE","4","18","30.04.1985","3","BLR"
"Nemanja","Nikolié?","BLR","27","Nikolié?","182","BATE","3","10","01.01.1988","1","MNE"
"Edgar","Olekhnovich","BLR","28","Olekhnovich","183","BATE","3","23","17.05.1987","1","BLR"
"Denis","Polyakov","BLR","24","Polyakov","184","BATE","2","33","17.04.1991","1","BLR"
"Aleksei","Rios","BLR","28","Rios","","BATE","3","17","14.05.1987","0","BLR"
"Vitali","Rodionov","BLR","31","Rodionov","179","BATE","4","20","11.12.1983","14","BLR"
"Maksim","Rovbut","BLR","19","Rovbut","","BATE","2","28","24.05.1996","0","BLR"
"Denis","Scherbitski","BLR","19","Scherbitski","197","BATE","1","48","14.04.1996","0","BLR"
"Nikolai","Signevich","BLR","23","Signevich","194","BATE","4","13","20.02.1992","0","BLR"
"Artem","Soroko","BLR","23","Soroko","184","BATE","1","34","01.04.1992","0","BLR"
"Igor","Stasevich","BLR","29","Stasevich","178","BATE","3","22","21.10.1985","4","BLR"
"Aleksandr","Volodko","BLR","29","A. Volodko","177","BATE","3","8","18.06.1986","4","BLR"
"Maksim","Volodko","BLR","22","M. Volodko","174","BATE","3","42","10.11.1992","0","BLR"
"Evgeni","Yablonski","BLR","20","Yablonski","182","BATE","3","5","10.05.1995","1","BLR"
"Maksim","Zhavnerchik","BLR","30","Zhavnerchik","","BATE","2","15","09.02.1985","0","BLR"
"Yeldos","Akhmetov","KAZ","25","Y. Akhmetov","","Astana","2","2","01.06.1990","0","KAZ"
"Marin","Aniéçié?","KAZ","26","Aniéçié?","","Astana","2","5","17.08.1989","0","BIH"
"Abzal","Beysebekov","KAZ","22","Beysebekov","","Astana","2","15","30.11.1992","0","KAZ"
"Roger","Ca?Òas","KAZ","25","Ca?Òas","","Astana","3","88","27.03.1990","2","COL"
"Denys","Dedechko","KAZ","28","Dedechko","","Astana","3","24","02.07.1987","0","UKR"
"Baurzhan","Dzholchiyev","KAZ","25","Dzholchiyev","","Astana","4","22","08.05.1990","2","KAZ"
"Nenad","Erié?","KAZ","33","Erié?","","Astana","1","1","26.05.1982","0","KAZ"
"Mikhail","Golubnichi","KAZ","20","Golubnichi","185","Astana","1","40","31.01.1995","0","KAZ"
"Branko","Ilié?","KAZ","32","B. Ilié?","187","Astana","2","33","06.02.1983","0","SVN"
"Junior","Kabananga","KAZ","26","Kabananga","","Astana","4","89","04.04.1989","0","COD"
"Foxi","K??th??voama","KAZ","29","K??th??voama","","Astana","3","10","30.05.1986","0","CTA"
"Rinat","Khairullin","KAZ","21","Khairullin","","Astana","3","18","19.02.1994","0","KAZ"
"Zhakyp","Kozhamberdy","KAZ","23","Kozhamberdy","","Astana","3","20","26.02.1992","0","KAZ"
"Vladimir","Loginovski","KAZ","29","Loginovski","","Astana","1","85","08.10.1985","0","KAZ"
"Nemanja","Maksimovié?","KAZ","20","Maksimovié?","","Astana","3","6","26.01.1995","1","SRB"
"Serikzhan","Muzhikov","KAZ","26","Muzhikov","","Astana","3","11","17.06.1989","0","KAZ"
"Tanat","Nuserbayev","KAZ","28","Nuserbayev","","Astana","4","17","01.01.1987","0","KAZ"
"Igor","Pikalkin","KAZ","23","Pikalkin","","Astana","2","12","19.03.1992","0","KAZ"
"Evgeni","Postnikov","KAZ","29","Postnikov","","Astana","2","44","16.04.1986","1","KAZ"
"Aleksei","Schetkin","KAZ","24","Schetkin","","Astana","4","9","21.05.1991","0","KAZ"
"Dmitri","Shomko","KAZ","25","Shomko","","Astana","2","77","19.03.1990","1","KAZ"
"Patrick","Twumasi","KAZ","21","Twumasi","","Astana","4","23","09.05.1994","2","GHA"
"Georgi","Zhukov","KAZ","20","Zhukov","","Astana","3","8","19.11.1994","0","KAZ"
