"Position","Player","Country","Height (cm)","Age","D.O.B","Caps","International goals","Club (country)","Club","Number"
"Player---playPosition","Player---name","SportsTeam---name","Player---height","Player---age","Player---birthDate","Player---numberOfPlayedGames","Player---goalScored","League---name","SportsClub---name","Player---tag"
"Forward","Alan PULIDO","Mexico","176","23","08.03.1991","5","4","Mexico","Tigres UANL","11"
"Forward","Adam TAGGART","Australia","172","21","02.06.1993","4","3","Australia","Newcastle United Jets FC","9"
"Forward","Reza GHOOCHANNEJAD","Iran","181","26","20.09.1987","13","9","England","Charlton Athletic FC","16"
"Forward","NEYMAR","Brazil","175","22","05.02.1992","48","31","Spain","FC Barcelona","10"
"Forward","Didier DROGBA","Ivory Coast","180","36","11.03.1978","100","61","Turkey","Galatasaray SK","11"
"Forward","David VILLA","Spain","175","32","03.12.1981","95","56","Spain","Atletico Madrid","7"
"Forward","Abel HERNANDEZ","Uruguay","186","23","08.08.1990","12","7","Italy","US Citta di Palermo","8"
"Forward","Javier HERNANDEZ","Mexico","175","26","01.06.1988","61","35","England","Manchester United FC","14"
"Forward","Edin DZEKO","Bosnia & Herzegovina","192","28","17.03.1986","62","35","England","Manchester City FC","11"
"Forward","Klaas Jan HUNTELAAR","Netherlands","187","30","12.08.1983","61","34","Germany","FC Schalke 04","19"
"Forward","Gonzalo HIGUAIN","Argentina","184","26","10.12.1987","36","20","Italy","SSC Napoli","9"
"Forward","Oribe PERALTA","Mexico","177","30","12.01.1984","27","15","Mexico","Club Santos Laguna","19"
"Forward","Islam SLIMANI","Algeria","188","26","18.06.1988","19","10","Portugal","Sporting CP","13"
"Forward","Miroslav KLOSE","Germany","182","36","09.06.1978","131","68","Italy","SS Lazio","11"
"Forward","Robin VAN PERSIE","Netherlands","186","30","06.08.1983","84","43","England","Manchester United FC","9"
"Forward","Shinji OKAZAKI","Japan","174","28","16.04.1986","75","38","Germany","FSV Mainz 05","9"
"Forward","Luis SUAREZ","Uruguay","181","27","24.01.1987","77","39","England","Liverpool FC","9"
"Forward","FRED","Brazil","186","30","03.10.1983","32","16","Brazil","Fluminense FC","9"
"Forward","Eric CHOUPO MOTING","Cameroon","190","25","23.03.1989","26","13","Germany","FSV Mainz 05","13"
"Defender","Fabian SCHAER","Switzerland","186","22","20.12.1991","6","3","Switzerland","FC Basel","22"
"Forward","Uche NWOFOR","Nigeria","177","22","17.09.1991","6","3","Netherlands","SC Heerenveen","19"
"Forward","Rickie LAMBERT","England","188","32","16.02.1982","4","2","England","Southampton FC","18"
"Defender","Miiko ALBORNOZ","Chile","180","23","30.11.1990","2","1","Sweden","Malmo FF","3"
"Forward","Asamoah GYAN","Ghana","186","28","22.11.1985","77","38","United Arab Emirates","Al Ain FC","3"
"Forward","El Arabi SOUDANI","Algeria","177","26","25.11.1987","21","10","Croatia","GNK Dinamo Zagreb","15"
"Forward","Chris WONDOLOWSKI","USA","182","31","28.01.1983","19","9","USA","San Jose Earthquakes","18"
"Forward","Tim CAHILL","Australia","180","34","06.12.1979","68","32","USA","New York Red Bulls","4"
"Forward","EDUARDO","Croatia","177","31","25.02.1983","62","29","Ukraine","Shakhtar Donetsk","22"
"Forward","Samuel ETOO","Cameroon","181","33","10.03.1981","117","54","England","Chelsea FC","9"
"Forward","Carlo COSTLY","Honduras","190","31","18.07.1982","68","31","Honduras","Real Espana","13"
"Forward","Yoichiro KAKITANI","Japan","177","24","03.01.1990","11","5","Japan","Cerezo Osaka","11"
"Forward","Eduardo VARGAS","Chile","175","24","20.11.1989","29","13","Spain","Valencia CF","11"
"Forward","CRISTIANO RONALDO","Portugal","185","29","05.02.1985","110","49","Spain","Real Madrid CF","7"
"Forward","Jerry BENGTSON","Honduras","187","27","08.04.1987","43","19","USA","New England Revolution","11"
"Forward","Lionel MESSI","Argentina","169","26","24.06.1987","84","37","Spain","FC Barcelona","10"
"Midfielder","Mubarak WAKASO","Ghana","171","23","25.07.1990","16","7","Russia","FC Rubin Kazan","22"
"Forward","Josip DRMIC","Switzerland","182","21","08.08.1992","7","3","Germany","1. FC Nuernberg","19"
"Forward","Wayne ROONEY","England","176","28","24.10.1985","90","38","England","Manchester United FC","10"
"Forward","Sergio AGUERO","Argentina","172","26","02.06.1988","50","21","England","Manchester City FC","20"
"Forward","Teofilo GUTIERREZ","Columbia","180","29","17.05.1985","29","12","Argentina","CA River Plate","9"
"Forward","Mario BALOTELLI","Italy","189","23","12.08.1990","29","12","Italy","AC Milan","9"
"Forward","Emmanuel EMENIKE","Nigeria","182","27","10.05.1987","22","9","Turkey","Fenerbahce SK","9"
"Forward","Lukas PODOLSKI","Germany","180","29","04.06.1985","113","46","England","Arsenal FC","10"
"Forward","HELDER POSTIGA","Portugal","182","31","02.08.1982","67","27","Italy","SS Lazio","23"
"Forward","Nabil GHILAS","Algeria","183","24","20.04.1990","5","2","Portugal","FC Porto","9"
"Forward","PARK Chuyoung","South Korea","183","28","10.07.1985","62","24","England","Watford FC","10"
"Forward","Andre SCHUERRLE","Germany","184","23","06.11.1990","32","12","England","Chelsea FC","9"
"Forward","Yuya OSAKO","Japan","182","24","18.05.1990","8","3","Germany","TSV 1860 Muenchen","18"
"Forward","Vedad IBISEVIC","Bosnia & Herzegovina","189","29","06.08.1984","55","20","Germany","VfB Stuttgart","9"
"Forward","Keisuke HONDA","Japan","182","28","13.06.1986","55","20","Italy","AC Milan","4"
"Forward","Danny WELBECK","England","184","23","26.11.1990","22","8","England","Manchester United FC","11"
"Forward","Daniel STURRIDGE","England","179","24","01.09.1989","11","4","England","Liverpool FC","9"
"Forward","Mario GAVRANOVIC","Switzerland","175","24","24.11.1989","11","4","Switzerland","FC Zuerich","17"
"Forward","Pedro RODRIGUEZ","Spain","169","26","28.07.1987","39","14","Spain","FC Barcelona","11"
"Midfielder","Marco FABIAN","Mexico","171","24","21.07.1989","14","5","Mexico","Cruz Azul FC","8"
"Forward","Thomas MUELLER","Germany","186","24","13.09.1989","48","17","Germany","FC Bayern Muenchen","13"
"Forward","Pierre WEBO","Cameroon","180","32","20.01.1982","54","19","Turkey","Fenerbahce SK","15"
"Forward","Marco REUS","Germany","180","25","31.05.1989","20","7","Germany","Borussia Dortmund","21"
"Forward","Clint DEMPSEY","USA","185","31","09.03.1983","103","36","USA","Seattle Sounders FC","8"
"Forward","Wilfried BONY","Ivory Coast","182","25","10.12.1988","23","8","England","Swansea City AFC","12"
"Forward","Theofanis GEKAS","Greece","179","34","23.05.1980","71","24","Turkey","Konyaspor","17"
"Forward","Fernando TORRES","Spain","186","30","20.03.1984","107","36","England","Chelsea FC","9"
"Forward","Salomon KALOU","Ivory Coast","175","28","05.08.1985","66","22","France","Lille OSC","8"
"Forward","Alexis SANCHEZ","Chile","169","25","19.12.1988","66","22","Spain","FC Barcelona","7"
"Forward","KOO Jacheol","South Korea","182","25","27.02.1989","36","12","Germany","FSV Mainz 05","13"
"Forward","Jeremain LENS","Netherlands","178","26","24.11.1987","21","7","Ukraine","FC Dynamo Kyiv","17"
"Forward","Cristhian STUANI","Uruguay","186","27","12.10.1986","9","3","Spain","RCD Espanyol","11"
"Forward","Enner VALENCIA","Ecuador","179","24","04.11.1989","9","3","Mexico","CF Pachuca","13"
"Forward","Shola AMEOBI","Nigeria","188","32","12.10.1981","6","2","England","Newcastle United FC","23"
"Midfielder","WILLIAN","Brazil","176","25","09.08.1988","6","2","England","Chelsea FC","19"
"Midfielder","Oleg SHATOV","Russia","176","23","29.07.1990","6","2","Russia","FC Zenit St. Petersburg","17"
"Forward","Okechukwu UCHEBO","Nigeria","194","24","03.02.1990","3","1","Belgium","Cercle Brugge","20"
"Forward","Antoine GRIEZMANN","France","175","23","21.03.1991","3","1","Spain","Real Sociedad","11"
"Forward","Diego FORLAN","Uruguay","181","35","19.05.1979","109","36","Japan","Cerezo Osaka","10"
"Forward","Edinson CAVANI","Uruguay","188","27","14.02.1987","61","20","France","Paris Saint-Germain FC","21"
"Forward","Shinji KAGAWA","Japan","172","25","17.03.1989","56","18","England","Manchester United FC","10"
"Forward","HUGO ALMEIDA","Portugal","193","30","23.05.1984","54","17","Turkey","Besiktas JK","9"
"Midfielder","Mesut OEZIL","Germany","180","25","15.10.1988","54","17","England","Arsenal FC","8"
"Forward","Aleksandr KERZHAKOV","Russia","175","31","27.11.1982","80","25","Russia","FC Zenit St. Petersburg","11"
"Forward","JO","Brazil","191","27","20.03.1987","16","5","Brazil","Atletico Mineiro","21"
"Forward","Romelu LUKAKU","Belgium","190","21","13.05.1993","29","9","England","Everton FC","9"
"Midfielder","Zvjezdan MISIMOVIC","Bosnia & Herzegovina","180","32","05.06.1982","81","25","China","Guizhou Renhe FC","10"
"Forward","Ashkan DEJAGAH","Iran","182","27","05.07.1986","13","4","England","Fulham FC","21"
"Forward","Felipe CAICEDO","Ecuador","183","25","05.09.1988","49","15","United Arab Emirates","Al Jazira SCC","11"
"Forward","Marcos URENA","Costa Rica","179","24","05.03.1990","23","7","Russia","Kuban Krasnodar","21"
"Forward","Jaimen AYOVI","Ecuador","186","26","21.02.1988","30","9","Mexico","Club Tijuana","17"
"Midfielder","OSCAR","Brazil","181","22","09.09.1991","30","9","England","Chelsea FC","11"
"Forward","Carlos BACCA","Columbia","181","27","08.09.1986","10","3","Spain","Sevilla FC","17"
"Midfielder","Saphir TAIDER","Algeria","179","22","29.02.1992","10","3","Italy","FC Internazionale","19"
"Forward","Arjen ROBBEN","Netherlands","180","30","23.01.1984","74","22","Germany","FC Bayern Muenchen","11"
"Forward","Jackson MARTINEZ","Columbia","186","27","03.10.1986","27","8","Portugal","FC Porto","21"
"Midfielder","JI Dongwon","South Korea","186","23","28.05.1991","27","8","Germany","FC Augsburg","19"
"Forward","Jozy ALTIDORE","USA","185","24","06.11.1989","68","20","England","Sunderland AFC","17"
"Forward","Esteban PAREDES","Chile","179","33","01.08.1980","34","10","Chile","CSD Colo-Colo","22"
"Midfielder","Roman SHIROKOV","Russia","183","32","06.07.1981","41","12","Russia","FC Krasnodar","15"
"Forward","Karim BENZEMA","France","185","26","19.12.1987","65","19","Spain","Real Madrid CF","10"
"Midfielder","Konan YA","Ivory Coast","174","30","22.05.1984","24","7","Germany","Hannover 96","13"
"Forward","LEE Keunho","South Korea","177","29","11.04.1985","63","18","South Korea","Sangju Sangmu FC","11"
"Forward","Victor MOSES","Nigeria","177","23","12.12.1990","21","6","England","Liverpool FC","11"
"Midfielder","Maxi RODRIGUEZ","Argentina","180","33","02.01.1981","53","15","Argentina","CA Newells Old Boys","11"
"Midfielder","Frank LAMPARD","England","181","36","20.06.1978","103","29","England","Chelsea FC","8"
"Forward","Joel CAMPBELL","Costa Rica","178","21","26.06.1992","32","9","Greece","Olympiacos Piraeus FC","9"
"Forward","Antonio CASSANO","Italy","175","31","12.07.1982","36","10","Italy","Parma FC","10"
"Forward","Sofiane FEGHOULI","Algeria","177","24","26.12.1989","18","5","Spain","Valencia CF","10"
"Forward","Juan MATA","Spain","171","26","28.04.1988","33","9","England","Manchester United FC","13"
"Midfielder","Xherdan SHAQIRI","Switzerland","169","22","10.10.1991","33","9","Germany","FC Bayern Muenchen","23"
"Midfielder","Javad NEKOUNAM","Iran","188","33","07.09.1980","137","37","Kuwait","Kuwait SC","6"
"Midfielder","Wesley SNEIJDER","Netherlands","171","30","09.06.1984","98","26","Turkey","Galatasaray SK","10"
"Forward","Mario MANDZUKIC","Croatia","188","28","21.05.1986","49","13","Germany","FC Bayern Muenchen","17"
"Forward","HULK","Brazil","179","27","25.07.1986","34","9","Russia","FC Zenit St. Petersburg","7"
"Midfielder","Sulley MUNTARI","Ghana","179","29","27.08.1984","80","21","Italy","AC Milan","11"
"Forward","Konstantinos MITROGLOU","Greece","188","26","12.03.1988","31","8","England","Fulham FC","9"
"Midfielder","David SILVA","Spain","170","28","08.01.1986","79","20","England","Manchester City FC","21"
"Forward","GERVINHO","Ivory Coast","179","27","27.05.1987","52","13","Italy","AS Roma","10"
"Midfielder","Alan DZAGOEV","Russia","178","24","17.06.1990","32","8","Russia","CSKA Moscow","10"
"Forward","Mario GOETZE","Germany","176","22","03.06.1992","28","7","Germany","FC Bayern Muenchen","19"
"Midfielder","SON Heungmin","South Korea","183","21","08.07.1992","24","6","Germany","Bayer 04 Leverkusen","9"
"Forward","Majeed WARIS","Ghana","172","22","19.09.1991","12","3","France","Valenciennes FC","18"
"Midfielder","Fidel MARTINEZ","Ecuador","176","24","15.02.1990","8","2","Mexico","Club Tijuana","20"
"Forward","Aron JOHANNSSON","USA","182","23","10.11.1990","8","2","Netherlands","AZ Alkmaar","9"
"Midfielder","Izet HAJROVIC","Bosnia & Herzegovina","177","22","04.08.1991","8","2","Turkey","Galatasaray SK","20"
"Forward","Manabu SAITO","Japan","169","24","04.04.1990","4","1","Japan","Yokohama F-Marinos","20"
"Midfielder","Georginio WIJNALDUM","Netherlands","175","23","11.11.1990","4","1","Netherlands","PSV Eindhoven","20"
"Forward","Lorenzo INSIGNE","Italy","163","23","04.06.1991","4","1","Italy","SSC Napoli","22"
"Midfielder","Acquah AFRIYIE","Ghana","162","22","01.05.1992","4","1","Italy","Parma FC","6"
"Forward","Ante REBIC","Croatia","185","20","21.09.1993","4","1","Italy","ACF Fiorentina","16"
"Forward","Dirk KUYT","Netherlands","184","33","22.07.1980","98","24","Turkey","Fenerbahce SK","15"
"Forward","Olivier GIROUD","France","192","27","30.09.1986","29","7","England","Arsenal FC","9"
"Forward","Alexander KOKORIN","Russia","182","23","19.03.1991","21","5","Russia","FC Dynamo Moscow","9"
"Midfielder","Bastian SCHWEINSTEIGER","Germany","183","29","01.08.1984","101","23","Germany","FC Bayern Muenchen","7"
"Midfielder","Kevin DE BRUYNE","Belgium","181","22","28.06.1991","22","5","Germany","VfL Wolfsburg","7"
"Forward","Karim ANSARI FARD","Iran","185","24","03.04.1990","40","9","Iran","Tractor Sazi Tabriz FC","10"
"Midfielder","Victor FAYZULIN","Russia","176","28","22.04.1986","18","4","Russia","FC Zenit St. Petersburg","20"
"Midfielder","Jerry PALACIOS","Honduras","181","32","13.05.1982","23","5","Costa Rica","LD Alajuelense","9"
"Midfielder","Alex OXLADE CHAMBERLAIN","England","180","20","15.08.1993","14","3","England","Arsenal FC","15"
"Midfielder","Celso BORGES","Costa Rica","184","26","27.05.1988","61","13","Sweden","AIK Solna","5"
"Forward","Bryan RUIZ","Costa Rica","187","28","18.08.1985","62","13","Netherlands","PSV Eindhoven","10"
"Forward","Loic REMY","France","185","27","02.01.1987","24","5","England","Newcastle United FC","20"
"Forward","Giovani DOS SANTOS","Mexico","179","25","11.05.1989","73","15","Spain","Villarreal CF","10"
"Forward","Randall BRENES","Costa Rica","170","30","13.08.1983","39","8","Costa Rica","CSD Cartagines","14"
"Midfielder","Jefferson MONTERO","Ecuador","170","24","01.09.1989","39","8","Mexico","CA Monarcas Morelia","7"
"Forward","Kevin MIRALLAS","Belgium","179","26","05.10.1987","44","9","England","Everton FC","11"
"Midfielder","Angel DI MARIA","Argentina","178","26","14.02.1988","45","9","Spain","Real Madrid CF","7"
"Midfielder","PAULINHO","Brazil","181","25","25.07.1988","25","5","England","Tottenham Hotspur FC","8"
"Defender","Jordi ALBA","Spain","170","25","21.03.1989","25","5","Spain","FC Barcelona","18"
"Midfielder","Paul POGBA","France","192","21","15.03.1993","10","2","Italy","Juventus FC","19"
"Midfielder","Marco VERRATTI","Italy","168","21","05.11.1992","5","1","France","Paris Saint-Germain FC","23"
"Forward","Alireza JAHAN BAKHSH","Iran","181","20","11.08.1993","5","1","Netherlands","NEC Nijmegen","9"
"Forward","Ivica OLIC","Croatia","183","34","14.09.1979","91","18","Germany","VfL Wolfsburg","18"
"Forward","Franck RIBERY","France","175","31","07.04.1983","81","16","Germany","FC Bayern Muenchen","7"
"Midfielder","Yaya TOURE","Ivory Coast","189","31","13.05.1983","82","16","England","Manchester City FC","19"
"Forward","NANI","Portugal","175","27","17.11.1986","73","14","England","Manchester United FC","17"
"Midfielder","Steven GERRARD","England","185","34","30.05.1980","110","21","England","Liverpool FC","4"
"Midfielder","James RODRIGUEZ","Columbia","180","22","12.07.1991","21","4","France","AS Monaco","10"
"Defender","Darijo SRNA","Croatia","182","32","01.05.1982","111","21","Ukraine","Shakhtar Donetsk","11"
"Forward","Alexander SAMEDOV","Russia","178","29","19.07.1984","16","3","Russia","FC Lokomotiv Moscow","19"
"Forward","VARELA","Portugal","180","29","02.02.1985","22","4","Portugal","FC Porto","18"
"Midfielder","Christian ATSU","Ghana","165","22","10.01.1992","22","4","Netherlands","Vitesse Arnheim","7"
"Midfielder","Mark BRESCIANO","Australia","182","34","11.02.1980","73","13","Qatar","Al Gharafa SC","23"
"Midfielder","Santi CAZORLA","Spain","169","29","13.12.1984","63","11","England","Arsenal FC","20"
"Forward","Raul JIMENEZ","Mexico","186","23","05.05.1991","23","4","Mexico","Club America","9"
"Forward","Dimitrios SALPINGIDIS","Greece","171","32","18.08.1981","75","13","Greece","PAOK FC","14"
"Forward","Peter ODEMWINGIE","Nigeria","181","32","15.07.1981","60","10","England","Stoke City FC","8"
"Midfielder","Miralem PJANIC","Bosnia & Herzegovina","180","24","02.04.1990","48","8","Italy","AS Roma","8"
"Forward","Ioannis FETFATZIDIS","Greece","164","23","21.12.1990","18","3","Italy","Genoa CFC","18"
"Defender","DANTE","Brazil","189","30","18.10.1983","12","2","Germany","FC Bayern Muenchen","13"
"Forward","Kevin Prince BOATENG","Ghana","182","27","06.03.1987","12","2","Germany","FC Schalke 04","9"
"Defender","Miguel LAYUN","Mexico","178","25","25.06.1988","12","2","Mexico","Club America","7"
"Forward","Jordan AYEW","Ghana","160","22","11.09.1991","12","2","France","FC Sochaux-Montbliard","13"
"Midfielder","FERNANDINHO","Brazil","179","29","04.05.1985","6","1","England","Manchester City FC","5"
"Midfielder","Enzo PEREZ","Argentina","177","28","22.02.1986","6","1","Portugal","SL Benfica","8"
"Defender","Michael LANG","Switzerland","185","23","08.02.1991","6","1","Switzerland","Grasshopper Club","6"
"Midfielder","Edison MENDEZ","Ecuador","175","35","16.03.1979","110","18","Columbia","Independiente Santa Fe","8"
"Midfielder","Marouane FELLAINI","Belgium","194","26","22.11.1987","50","8","England","Manchester United FC","8"
"Forward","Mauricio PINILLA","Chile","185","30","04.02.1984","25","4","Italy","Cagliari Calcio","9"
"Midfielder","Daniele DE ROSSI","Italy","182","30","24.07.1983","94","15","Italy","AS Roma","16"
"Midfielder","Michael ESSIEN","Ghana","180","31","03.12.1982","57","9","Italy","AC Milan","5"
"Midfielder","Mix DISKERUD","USA","182","23","02.10.1990","19","3","Norway","Rosenborg BK","10"
"Forward","Nikica JELAVIC","Croatia","187","28","27.08.1985","32","5","England","Hull City FC","9"
"Midfielder","Granit XHAKA","Switzerland","183","21","27.09.1992","26","4","Germany","Borussia Moenchengladbach","10"
"Defender","Carlos VALDES","Columbia","189","29","22.05.1985","13","2","Argentina","CA San Lorenzo de Almagro","23"
"Midfielder","Mathieu VALBUENA","France","167","29","28.09.1984","33","5","France","Olympique Marseille","8"
"Midfielder","Arturo VIDAL","Chile","178","27","22.05.1987","53","8","Italy","Juventus FC","8"
"Midfielder","Nacer CHADLI","Belgium","187","24","02.08.1989","20","3","England","Tottenham Hotspur FC","22"
"Midfielder","Emmanuel AGYEMANG BADU","Ghana","173","23","02.12.1990","47","7","Italy","Udinese Calcio","8"
"Defender","DaMarcus BEASLEY","USA","170","32","24.05.1982","115","17","Mexico","Puebla FC","7"
"Midfielder","Cesc FABREGAS","Spain","175","27","04.05.1987","88","13","Spain","FC Barcelona","10"
"Midfielder","Ivan RAKITIC","Croatia","184","26","10.03.1988","61","9","Spain","Sevilla FC","7"
"Defender","KWAK Taehwi","South Korea","185","32","08.07.1981","34","5","Saudi Arabia","Al Hilal FC","4"
"Midfielder","Alberto AQUILANI","Italy","184","29","07.07.1984","34","5","Italy","ACF Fiorentina","14"
"Midfielder","Michael BRADLEY","USA","185","26","31.07.1987","84","12","Canada","Toronto FC","4"
"Midfielder","Haris MEDUNJANIN","Bosnia & Herzegovina","188","29","08.03.1985","35","5","Turkey","Gaziantepspor","18"
"Defender","JUANFRAN","Spain","180","29","09.01.1985","7","1","Spain","Atletico Madrid","5"
"Midfielder","Augusto FERNANDEZ","Argentina","177","28","10.04.1986","7","1","Spain","Celta Vigo","13"
"Forward","Abdelmoumene DJABOU","Algeria","168","27","31.01.1987","7","1","Tunisia","Club Africain","18"
"Defender","Ermin BICAKCIC","Bosnia & Herzegovina","185","24","24.01.1990","7","1","Germany","Eintracht Braunschweig","3"
"Forward","Mathew LECKIE","Australia","181","23","04.02.1991","7","1","Germany","FSV Frankfurt","7"
"Forward","Fabrice OLINGA","Cameroon","177","18","12.05.1996","7","1","Belgium","SV Zulte Waregem","19"
"Defender","Andres GUARDADO","Mexico","167","27","28.09.1986","101","14","Germany","Bayer 04 Leverkusen","18"
"Forward","Ezequiel LAVEZZI","Argentina","173","29","03.05.1985","29","4","France","Paris Saint-Germain FC","22"
"Midfielder","Xabi ALONSO","Spain","183","32","25.11.1981","109","15","Spain","Real Madrid CF","14"
"Midfielder","RAUL MEIRELES","Portugal","179","31","17.03.1983","73","10","Turkey","Fenerbahce SK","16"
"Midfielder","Graham ZUSI","USA","177","27","18.08.1986","22","3","USA","Sporting Kansas City","19"
"Midfielder","Tranquillo BARNETTA","Switzerland","178","29","22.05.1985","74","10","Germany","Eintracht Frankfurt","7"
"Forward","Ahmed MUSA","Nigeria","176","21","14.10.1992","37","5","Russia","CSKA Moscow","7"
"Midfielder","Eden HAZARD","Belgium","172","23","07.01.1991","45","6","England","Chelsea FC","10"
"Defender","MARCELO","Brazil","174","26","12.05.1988","30","4","Spain","Real Madrid CF","6"
"Defender","Bruno MARTINS INDI","Netherlands","186","22","08.02.1992","15","2","Netherlands","Feyenoord Rotterdam","4"
"Defender","Gary CAHILL","England","191","28","19.12.1985","23","3","England","Chelsea FC","5"
"Defender","BRUNO ALVES","Portugal","187","32","27.11.1981","71","9","Turkey","Fenerbahce SK","2"
"Defender","Daniel VAN BUYTEN","Belgium","196","36","07.02.1978","79","10","Germany","FC Bayern Muenchen","15"
"Defender","Rafael MARQUEZ","Mexico","184","35","13.02.1979","119","15","Mexico","Club Leon","4"
"Midfielder","Andres INIESTA","Spain","170","30","11.05.1984","96","12","Spain","FC Barcelona","6"
"Midfielder","Valentin STOCKER","Switzerland","179","25","12.04.1989","24","3","Switzerland","FC Basel","14"
"Defender","Eugenio MENA","Chile","174","25","18.07.1988","24","3","Brazil","Santos FC","2"
"Forward","Benjamin MOUKANDJO","Cameroon","178","25","12.11.1988","16","2","France","AS Nancy","8"
"Forward","Victor IBARBO","Columbia","188","24","19.05.1990","8","1","Italy","Cagliari Calcio","14"
"Midfielder","Andrea PIRLO","Italy","177","35","19.05.1979","108","13","Italy","Juventus FC","21"
"Midfielder","Max GRADEL","Ivory Coast","177","26","30.11.1987","25","3","France","AS Saint-Etienne","15"
"Midfielder","Toni KROOS","Germany","182","24","04.01.1990","43","5","Germany","FC Bayern Muenchen","18"
"Midfielder","Denis GLUSHAKOV","Russia","182","27","27.01.1987","26","3","Russia","FC Spartak Moscow","8"
"Midfielder","Nicolas LODEIRO","Uruguay","173","25","21.03.1989","26","3","Brazil","Botafogo FR","14"
"Midfielder","Antonio VALENCIA","Ecuador","180","28","04.08.1985","70","8","England","Manchester United FC","16"
"Midfielder","Segundo CASTILLO","Ecuador","180","32","15.05.1982","81","9","Saudi Arabia","Al Hilal FC","14"
"Midfielder","Cristian RODRIGUEZ","Uruguay","178","28","30.09.1985","72","8","Spain","Atletico Madrid","7"
"Midfielder","LEE Chungyong","South Korea","180","25","02.07.1988","54","6","England","Bolton Wanderers FC","17"
"Defender","Paul AGUILAR","Mexico","178","28","06.03.1986","27","3","Mexico","Club America","22"
"Forward","KIM Shinwook","South Korea","196","26","14.04.1988","27","3","South Korea","Ulsan Hyundai FC","18"
"Midfielder","Juan CUADRADO","Columbia","178","26","26.05.1988","27","3","Italy","ACF Fiorentina","11"
"Midfielder","KIM Bokyung","South Korea","178","24","06.10.1989","27","3","England","Cardiff City FC","7"
"Defender","Mamadou SAKHO","France","186","24","13.02.1990","18","2","England","Liverpool FC","5"
"Defender","Ahmad ALNAMEH","Iran","189","31","20.10.1982","9","1","Iran","Naft Tehran FC","17"
"Defender","Masato MORISHIGE","Japan","183","27","21.05.1987","9","1","Japan","FC Tokyo","6"
"Forward","Rony MARTINEZ","Honduras","171","26","16.10.1987","9","1","Honduras","CD Real Sociedad","16"
"Midfielder","Diego CALVO","Costa Rica","178","23","25.03.1991","9","1","Norway","Valerenga IF","20"
"Forward","Georgios SAMARAS","Greece","192","29","21.02.1985","73","8","Scotland","Celtic FC","7"
"Midfielder","Luka MODRIC","Croatia","173","28","09.09.1985","74","8","Spain","Real Madrid CF","10"
"Defender","Vasileios TOROSIDIS","Greece","185","29","10.06.1985","65","7","Italy","AS Roma","15"
"Midfielder","Alvaro PEREIRA","Uruguay","182","28","28.11.1985","56","6","Brazil","Sao Paulo FC","6"
"Midfielder","Ivan PERISIC","Croatia","187","25","02.02.1989","28","3","Germany","VfL Wolfsburg","4"
"Midfielder","Michael ARROYO","Ecuador","178","27","23.04.1987","19","2","Mexico","Atlante FC","15"
"Midfielder","Abel AGUILAR","Columbia","187","29","06.01.1985","48","5","France","Toulouse FC","8"
"Midfielder","Axel WITSEL","Belgium","183","25","12.01.1989","48","5","Russia","FC Zenit St. Petersburg","6"
"Midfielder","Andranik TIMOTIAN","Iran","178","31","06.03.1983","77","8","Iran","Esteghlal Tehran FC","14"
"Defender","John BOYE","Ghana","160","27","23.04.1987","29","3","France","Stade Rennais FC","21"
"Forward","Masoud SHOJAEI","Iran","185","30","09.06.1984","49","5","Spain","UD Las Palmas","7"
"Defender","Mathieu DEBUCHY","France","178","28","28.07.1985","20","2","England","Newcastle United FC","2"
"Midfielder","Charles ARANGUIZ","Chile","171","25","17.04.1989","20","2","Brazil","SC Internacional","20"
"Midfielder","James TROISI","Australia","177","25","03.07.1988","10","1","Australia","Melbourne Victory FC","14"
"Forward","BERNARD","Brazil","166","21","08.09.1992","10","1","Ukraine","Shakhtar Donetsk","20"
"Defender","MAICON","Brazil","186","32","26.07.1981","71","7","Italy","AS Roma","23"
"Midfielder","Marvin CHAVEZ","Honduras","156","30","03.11.1983","41","4","USA","CD Chivas USA","10"
"Midfielder","Roger ESPINOZA","Honduras","180","27","25.10.1986","41","4","England","Wigan Athletic FC","15"
"Defender","Diego LUGANO","Uruguay","188","33","02.11.1980","93","9","England","West Bromwich Albion FC","2"
"Midfielder","Sejad SALIHOVIC","Bosnia & Herzegovina","182","29","08.10.1984","42","4","Germany","TSG 1899 Hoffenheim","23"
"Midfielder","RAMIRES","Brazil","181","27","24.03.1987","42","4","England","Chelsea FC","16"
"Forward","Rodrigo PALACIO","Argentina","175","32","05.02.1982","21","2","Italy","FC Internazionale","18"
"Defender","Philippe SENDEROS","Switzerland","190","29","14.02.1985","53","5","Spain","Valencia CF","4"
"Midfielder","Mile JEDINAK","Australia","188","29","03.08.1984","43","4","England","Crystal Palace FC","15"
"Midfielder","Xavi HERNANDEZ","Spain","170","34","25.01.1980","131","12","Spain","FC Barcelona","8"
"Midfielder","Senijad IBRICIC","Bosnia & Herzegovina","185","28","26.09.1985","44","4","Turkey","Kayseri Erciyesspor","17"
"Midfielder","Dario VIDOSIC","Australia","185","27","08.04.1987","22","2","Switzerland","FC Sion","20"
"Defender","Juan MONTES","Honduras","196","28","26.12.1985","11","1","Honduras","CD Motagua","4"
"Forward","Haris SEFEROVIC","Switzerland","187","22","22.02.1992","11","1","Spain","Real Sociedad","9"
"Midfielder","Julian DRAXLER","Germany","185","20","20.09.1993","11","1","Germany","FC Schalke 04","14"
"Midfielder","Walter AYOVI","Ecuador","173","34","11.08.1979","89","8","Mexico","CF Pachuca","10"
"Forward","Yoshito OKUBO","Japan","170","32","09.06.1982","56","5","Japan","Kawasaki Frontale","13"
"Midfielder","Moussa DEMBELE","Belgium","185","26","16.07.1987","56","5","England","Tottenham Hotspur FC","19"
"Midfielder","Sami KHEDIRA","Germany","189","27","04.04.1987","45","4","Spain","Real Madrid CF","6"
"Midfielder","KI Sungyueng","South Korea","186","25","24.01.1989","58","5","England","Sunderland AFC","16"
"Midfielder","Andre AYEW","Ghana","175","24","17.12.1989","47","4","France","Olympique Marseille","10"
"Midfielder","Yasuhito ENDO","Japan","178","34","28.01.1980","143","12","Japan","Gamba Osaka","7"
"Defender","Carlos SALCIDO","Mexico","176","34","02.04.1980","120","10","Mexico","Tigres UANL","3"
"Midfielder","Jean BEAUSEJOUR","Chile","178","30","01.06.1984","60","5","England","Wigan Athletic FC","15"
"Defender","Gary MEDEL","Chile","171","26","03.08.1987","60","5","England","Cardiff City FC","17"
"Midfielder","Mario MARTINEZ","Honduras","173","24","30.07.1989","36","3","Honduras","Real Espana","23"
"Midfielder","Hassan YEBDA","Algeria","188","30","14.05.1984","24","2","Italy","Udinese Calcio","7"
"Midfielder","HERNANES","Brazil","180","29","29.05.1985","24","2","Italy","FC Internazionale","18"
"Midfielder","Dries MERTENS","Belgium","164","27","06.05.1987","24","2","Italy","SSC Napoli","14"
"Defender","Federico FERNANDEZ","Argentina","190","25","21.02.1989","24","2","Italy","SSC Napoli","17"
"Defender","Dejan LOVREN","Croatia","188","24","05.07.1989","24","2","England","Southampton FC","6"
"Forward","Vincent ABOUBAKAR","Cameroon","176","22","22.01.1992","24","2","France","FC Lorient","10"
"Midfielder","Gokhan INLER","Switzerland","181","29","27.06.1984","73","6","Italy","SSC Napoli","8"
"Midfielder","Konstantinos KATSOURANIS","Greece","183","35","21.06.1979","110","9","Greece","PAOK FC","21"
"Defender","DANI ALVES","Brazil","175","31","06.05.1983","74","6","Spain","FC Barcelona","2"
"Midfielder","Michael BARRANTES","Costa Rica","177","30","04.10.1983","50","4","Norway","Aalesunds FK","11"
"Defender","Phil JAGIELKA","England","183","31","17.08.1982","25","2","England","Everton FC","6"
"Forward","Adrian RAMOS","Columbia","184","28","22.01.1986","25","2","Germany","Hertha BSC","19"
"Forward","Fabian ORELLANA","Chile","168","28","27.01.1986","25","2","Spain","Celta Vigo","14"
"Defender","Stephan LICHTSTEINER","Switzerland","180","30","16.01.1984","63","5","Italy","Juventus FC","2"
"Defender","Sergio RAMOS","Spain","183","28","30.03.1986","115","9","Spain","Real Madrid CF","15"
"Defender","Nicolas LOMBAERTS","Belgium","188","29","20.03.1985","26","2","Russia","FC Zenit St. Petersburg","18"
"Defender","Esseid BELKALEM","Algeria","190","25","01.01.1989","13","1","England","Watford FC","4"
"Midfielder","Georgios KARAGOUNIS","Greece","176","37","06.03.1977","134","10","England","Fulham FC","10"
"Midfielder","Jean MAKOUN","Cameroon","170","31","29.05.1983","67","5","France","Stade Rennais FC","11"
"Defender","Joseph YOBO","Nigeria","185","33","06.09.1980","96","7","England","Norwich City FC","2"
"Midfielder","Ognjen VUKOJEVIC","Croatia","184","30","20.12.1983","55","4","Ukraine","FC Dynamo Kyiv","8"
"Defender","Jalal HOSSEINI","Iran","185","32","03.02.1982","83","6","Iran","Perspolis FC","4"
"Midfielder","Jorge VALDIVIA","Chile","173","30","19.10.1983","56","4","Brazil","Palmeiras","10"
"Defender","Jan VERTONGHEN","Belgium","189","27","24.04.1987","56","4","England","Tottenham Hotspur FC","5"
"Midfielder","Mark MILLIGAN","Australia","178","28","04.08.1985","28","2","Australia","Melbourne Victory FC","5"
"Defender","Amirhossein SADEGHI","Iran","185","32","06.09.1981","14","1","Iran","Esteghlal Tehran FC","5"
"Midfielder","Albert ADOMAH","Ghana","162","26","13.12.1987","14","1","England","Middlesbrough FC","14"
"Midfielder","Carlos PENA","Mexico","176","24","29.03.1990","14","1","Mexico","Club Leon","21"
"Midfielder","Tommy OAR","Australia","170","22","10.12.1991","14","1","Netherlands","FC Utrecht","11"
"Defender","FABIO COENTRAO","Portugal","181","26","11.03.1988","43","3","Spain","Real Madrid CF","5"
"Midfielder","John Obi MIKEL","Nigeria","188","27","22.04.1987","58","4","England","Chelsea FC","10"
"Midfielder","Yohan CABAYE","France","175","28","14.01.1986","29","2","France","Paris Saint-Germain FC","6"
"Defender","Mats HUMMELS","Germany","192","25","16.12.1988","29","2","Germany","Borussia Dortmund","5"
"Forward","Joao ROJAS","Ecuador","173","25","14.06.1989","29","2","Mexico","Cruz Azul FC","9"
"Defender","Vincent KOMPANY","Belgium","190","28","10.04.1986","59","4","England","Manchester City FC","4"
"Defender","Gerard PIQUE","Spain","192","27","02.02.1987","60","4","Spain","FC Barcelona","3"
"Defender","Madjid BOUGUERRA","Algeria","189","31","07.10.1982","61","4","Qatar","Lekhwiya SC","2"
"Midfielder","Kwadwo ASAMOAH","Ghana","168","25","09.12.1988","61","4","Italy","Juventus FC","20"
"Midfielder","Fredy GUARIN","Columbia","187","27","30.06.1986","48","3","Italy","FC Internazionale","13"
"Defender","Mario YEPES","Columbia","186","38","13.01.1976","97","6","Italy","Atalanta Bergamo","3"
"Midfielder","Stephane MBIA","Cameroon","190","28","20.05.1986","49","3","Spain","Sevilla FC","17"
"Midfielder","Jorge CLAROS","Honduras","176","28","08.01.1986","49","3","Honduras","CD Motagua","20"
"Defender","Giorgio CHIELLINI","Italy","192","29","14.08.1984","67","4","Italy","Juventus FC","3"
"Defender","Giancarlo GONZALEZ","Costa Rica","192","26","08.02.1988","34","2","USA","Columbus Crew","3"
"Midfielder","Hashem BEIKZADEH","Iran","180","30","22.01.1984","17","1","Iran","Esteghlal Tehran FC","19"
"Midfielder","Felipe GUTIERREZ","Chile","175","23","08.10.1990","17","1","Netherlands","FC Twente","16"
"Midfielder","Andy NAJAR","Honduras","170","21","16.03.1993","17","1","Belgium","RSC Anderlecht","17"
"Midfielder","Enoh EYONG","Cameroon","180","28","23.03.1986","35","2","Turkey","Antalyaspor AS","18"
"Midfielder","Jose CUBERO","Costa Rica","178","27","14.02.1987","35","2","Costa Rica","CS Herediano","22"
"Defender","Kolo TOURE","Ivory Coast","183","33","19.03.1981","106","6","England","Liverpool FC","4"
"Defender","Vedran CORLUKA","Croatia","192","28","05.02.1986","72","4","Russia","FC Lokomotiv Moscow","5"
"Defender","Leonardo BONUCCI","Italy","190","27","01.05.1987","36","2","Italy","Juventus FC","19"
"Defender","RICARDO COSTA","Portugal","183","33","16.05.1981","18","1","Spain","Valencia CF","13"
"Defender","Jose ROJAS","Chile","174","30","23.06.1983","18","1","Chile","Club Universidad de Chile","13"
"Midfielder","Lazaros CHRISTODOULOPOULOS","Greece","182","27","19.12.1986","18","1","Italy","Bologna FC","16"
"Midfielder","LUIZ GUSTAVO","Brazil","188","26","23.07.1987","18","1","Germany","VfL Wolfsburg","17"
"Defender","Martin DEMICHELIS","Argentina","184","33","20.12.1980","37","2","England","Manchester City FC","15"
"Midfielder","Wilson PALACIOS","Honduras","181","29","29.07.1984","93","5","England","Stoke City FC","8"
"Defender","PEPE","Portugal","186","31","26.02.1983","57","3","Spain","Real Madrid CF","3"
"Defender","Ignazio ABATE","Italy","180","27","12.11.1986","19","1","Italy","AC Milan","7"
"Defender","Sergey IGNASHEVICH","Russia","186","34","14.07.1979","97","5","Russia","CSKA Moscow","4"
"Midfielder","Landry NGUEMO","Cameroon","172","28","28.11.1985","39","2","France","FC Girondins Bordeaux","7"
"Defender","Maya YOSHIDA","Japan","189","25","24.08.1988","40","2","England","Southampton FC","22"
"Defender","Pejman MONTAZERI","Iran","186","30","06.09.1983","20","1","Qatar","Umm Salal SC","15"
"Midfielder","Marcelo DIAZ","Chile","168","27","30.12.1986","20","1","Switzerland","FC Basel","21"
"Defender","Benedikt HOEWEDES","Germany","187","26","29.02.1988","20","1","Germany","FC Schalke 04","4"
"Defender","KIM Younggwon","South Korea","187","24","27.02.1990","20","1","China","Guangzhou Evergrande FC","5"
"Midfielder","Ogenyi ONAZI","Nigeria","168","21","25.12.1992","20","1","Italy","SS Lazio","17"
"Midfielder","Cristhian NOBOA","Ecuador","181","29","09.04.1985","41","2","Russia","FC Dynamo Moscow","6"
"Defender","Uwa ECHIEJILE","Nigeria","185","26","20.01.1988","41","2","France","AS Monaco","3"
"Midfielder","Philipp LAHM","Germany","170","30","11.11.1983","105","5","Germany","FC Bayern Muenchen","16"
"Defender","Souleymane BAMBA","Ivory Coast","190","29","13.01.1985","42","2","Turkey","Trabzonspor","22"
"Midfielder","Alvaro GONZALEZ","Uruguay","175","29","29.10.1984","42","2","Italy","SS Lazio","20"
"Defender","Jose CHOLEVAS","Greece","184","29","27.06.1984","21","1","Greece","Olympiacos Piraeus FC","20"
"Defender","Heiner MORA","Costa Rica","179","29","20.06.1984","21","1","Costa Rica","Deportivo Saprissa","8"
"Defender","Masahiko INOHA","Japan","179","28","28.08.1985","21","1","Japan","Jubilo Iwata","19"
"Defender","Fabian JOHNSON","USA","182","26","11.12.1987","21","1","Germany","TSG 1899 Hoffenheim","23"
"Forward","Admir MEHMEDI","Switzerland","183","23","16.03.1991","21","1","Germany","SC Freiburg","18"
"Midfielder","Jermaine JONES","USA","184","32","03.11.1981","43","2","Turkey","Besiktas JK","13"
"Midfielder","Claudio MARCHISIO","Italy","179","28","19.01.1986","43","2","Italy","Juventus FC","8"
"Midfielder","Steven DEFOUR","Belgium","173","26","15.04.1988","43","2","Portugal","FC Porto","16"
"Defender","Gonzalo JARA","Chile","177","28","29.08.1985","65","3","England","Nottingham Forest FC","18"
"Midfielder","THIAGO MOTTA","Italy","187","31","28.08.1982","22","1","France","Paris Saint-Germain FC","5"
"Defender","Dmitry KOMBAROV","Russia","182","27","22.01.1987","22","1","Russia","FC Spartak Moscow","23"
"Midfielder","Blaise MATUIDI","France","175","27","09.04.1987","22","1","France","Paris Saint-Germain FC","14"
"Defender","Domagoj VIDA","Croatia","184","25","29.04.1989","22","1","Ukraine","FC Dynamo Kyiv","21"
"Defender","THIAGO SILVA","Brazil","182","29","22.09.1984","45","2","France","Paris Saint-Germain FC","3"
"Defender","Yuto NAGATOMO","Japan","170","27","12.09.1986","69","3","Italy","FC Internazionale","5"
"Defender","Mauricio ISLA","Chile","177","26","12.06.1988","46","2","Italy","Juventus FC","4"
"Defender","Ron VLAAR","Netherlands","190","29","16.02.1985","23","1","England","Aston Villa FC","2"
"Defender","Leighton BAINES","England","172","29","11.12.1984","23","1","England","Everton FC","3"
"Midfielder","Jose FUENZALIDA","Chile","170","29","22.02.1985","23","1","Chile","CSD Colo-Colo","19"
"Defender","Brayan BECKELES","Honduras","186","28","28.11.1985","23","1","Honduras","CD Olimpia","21"
"Midfielder","MIGUEL VELOSO","Portugal","181","28","11.05.1986","47","2","Ukraine","FC Dynamo Kyiv","4"
"Midfielder","Gelson FERNANDES","Switzerland","179","27","02.09.1986","47","2","Germany","SC Freiburg","16"
"Midfielder","Valon BEHRAMI","Switzerland","184","29","19.04.1985","48","2","Italy","SSC Napoli","11"
"Defender","HONG Jeongho","South Korea","188","24","12.08.1989","24","1","Germany","FC Augsburg","20"
"Defender","Per MERTESACKER","Germany","198","29","29.09.1984","97","4","England","Arsenal FC","17"
"Defender","Emir SPAHIC","Bosnia & Herzegovina","183","33","18.08.1980","74","3","Germany","Bayer 04 Leverkusen","4"
"Defender","Carl MEDJANI","Algeria","180","29","15.05.1985","25","1","France","Valenciennes FC","12"
"Defender","Anthony VANDEN BORRE","Belgium","185","26","24.10.1987","25","1","Belgium","RSC Anderlecht","21"
"Defender","Cristian GAMBOA","Costa Rica","175","24","24.10.1989","25","1","Norway","Rosenborg BK","16"
"Forward","Hiroshi KIYOTAKE","Japan","172","24","12.11.1989","25","1","Germany","1. FC Nuernberg","8"
"Defender","Jonathan MENSAH","Ghana","182","23","13.07.1990","25","1","France","Evian TG FC","19"
"Defender","Victor BERNARDEZ","Honduras","187","32","24.05.1982","76","3","USA","San Jose Earthquakes","5"
"Defender","Diego GODIN","Uruguay","185","28","16.02.1986","76","3","Spain","Atletico Madrid","3"
"Defender","Vasily BEREZUTSKIY","Russia","188","32","20.06.1982","77","3","Russia","CSKA Moscow","14"
"Defender","Johnny ACOSTA","Costa Rica","175","30","21.07.1983","26","1","Costa Rica","LD Alajuelense","2"
"Defender","Geoff CAMERON","USA","190","28","11.07.1985","26","1","England","Stoke City FC","20"
"Midfielder","Alejandro BEDOYA","USA","178","27","29.04.1987","26","1","France","FC Nantes","11"
"Midfielder","Christian BOLANOS","Costa Rica","178","30","17.05.1984","54","2","Denmark","FC Kobenhavn","7"
"Defender","Rafik HALLICHE","Algeria","187","27","02.09.1986","28","1","Portugal","Academica Coimbra","5"
"Defender","Jorge GUAGUA","Ecuador","179","32","28.09.1981","58","2","Ecuador","CS Emelec","2"
"Midfielder","Ehsan HAJI SAFI","Iran","177","24","25.02.1990","58","2","Iran","Sepahan FC","3"
"Midfielder","Aldo RAMIREZ","Columbia","175","33","18.04.1981","29","1","Mexico","CA Monarcas Morelia","5"
"Defender","Aurelien CHEDJOU","Cameroon","185","28","20.06.1985","29","1","Turkey","Galatasaray SK","14"
"Defender","Maximiliano PEREIRA","Uruguay","173","30","08.06.1984","89","3","Portugal","SL Benfica","16"
"Defender","Azubuike EGWUEKWE","Nigeria","195","24","16.07.1989","31","1","Nigeria","Warri Wolves FC","6"
"Midfielder","JOAO MOUTINHO","Portugal","170","27","08.09.1986","66","2","France","AS Monaco","8"
"Midfielder","Senad LULIC","Bosnia & Herzegovina","183","28","18.01.1986","33","1","Italy","SS Lazio","16"
"Defender","Maynor FIGUEROA","Honduras","184","31","02.05.1983","100","3","England","Hull City FC","3"
"Defender","Atsuto UCHIDA","Japan","176","26","27.03.1988","67","2","Germany","FC Schalke 04","2"
"Midfielder","Blerim DZEMAILI","Switzerland","179","28","12.04.1986","34","1","Italy","SSC Napoli","15"
"Defender","Toby ALDERWEIRELD","Belgium","186","25","02.03.1989","34","1","Spain","Atletico Madrid","2"
"Defender","Godfrey OBOABONA","Nigeria","183","23","16.09.1990","34","1","Turkey","Caykur Rizespor","14"
"Defender","Reto ZIEGLER","Switzerland","183","28","16.01.1986","35","1","Italy","US Sassuolo","3"
"Defender","Juan Carlos GARCIA","Honduras","175","26","08.03.1988","35","1","England","Wigan Athletic FC","6"
"Midfielder","Kyle BECKERMAN","USA","181","32","23.04.1982","36","1","USA","Real Salt Lake","15"
"Defender","Frickson ERAZO","Ecuador","189","26","05.05.1988","36","1","Brazil","CR Flamengo","3"
"Defender","Efe AMBROSE","Nigeria","190","25","18.10.1988","36","1","Scotland","Celtic FC","5"
"Midfielder","Makoto HASEBE","Japan","180","30","18.01.1984","78","2","Germany","1. FC Nuernberg","17"
"Midfielder","Ismael TIOTE","Ivory Coast","175","27","21.06.1986","42","1","England","Newcastle United FC","9"
"Defender","Johan DJOUROU","Switzerland","192","27","18.01.1987","44","1","Germany","Hamburger SV","20"
"Midfielder","Carlos CARMONA","Chile","179","27","21.02.1987","44","1","Italy","Atalanta Bergamo","6"
"Midfielder","Diego PEREZ","Uruguay","176","34","18.05.1980","89","2","Italy","Bologna FC","15"
"Midfielder","Boniek GARCIA","Honduras","176","29","04.09.1984","90","2","USA","Houston Dynamo","14"
"Midfielder","Matt McKAY","Australia","174","31","11.01.1983","46","1","Australia","Brisbane Roar FC","17"
"Midfielder","James MILNER","England","175","28","04.01.1986","46","1","England","Manchester City FC","17"
"Defender","Samuel INKOOM","Ghana","179","25","01.06.1989","46","1","Greece","FC Platanias","2"
"Defender","Roy MILLER","Costa Rica","189","29","24.11.1984","47","1","USA","New York Red Bulls","19"
"Midfielder","Javier MASCHERANO","Argentina","171","30","08.06.1984","96","2","Spain","FC Barcelona","14"
"Defender","Thomas VERMAELEN","Belgium","178","28","14.11.1985","48","1","England","Arsenal FC","3"
"Midfielder","Alexandros TZIOLIS","Greece","190","29","13.02.1985","49","1","Turkey","Kayserispor","6"
"Defender","Juan ZUNIGA","Columbia","171","28","14.12.1985","49","1","Italy","SSC Napoli","18"
"Defender","Glen JOHNSON","England","180","29","23.08.1984","51","1","England","Liverpool FC","2"
"Defender","Pablo ARMERO","Columbia","174","27","02.11.1986","52","1","England","West Ham United FC","7"
"Defender","Hector MORENO","Mexico","182","26","17.01.1988","52","1","Spain","RCD Espanyol","15"
"Defender","Martin CACERES","Uruguay","178","27","07.04.1987","56","1","Italy","Juventus FC","22"
"Defender","Junior DIAZ","Costa Rica","185","30","12.09.1983","61","1","Germany","FSV Mainz 05","15"
"Midfielder","Walter GARGANO","Uruguay","168","29","23.07.1984","62","1","Italy","Parma FC","5"
"Midfielder","Emilio IZAGUIRRE","Honduras","177","28","10.05.1986","65","1","Scotland","Celtic FC","7"
"Midfielder","Nigel DE JONG","Netherlands","174","29","30.11.1984","70","1","Italy","AC Milan","6"
"Defender","Arthur BOKA","Ivory Coast","166","31","02.04.1983","77","1","Germany","VfB Stuttgart","3"
"Defender","Yasuyuki KONNO","Japan","178","31","25.01.1983","80","1","Japan","Gamba Osaka","15"
"Defender","Michael UMANA","Costa Rica","180","31","16.07.1982","81","1","Costa Rica","Deportivo Saprissa","4"
"Defender","Francisco RODRIGUEZ","Mexico","191","32","20.10.1981","92","1","Mexico","Club America","2"
"Defender","Didier ZOKORA","Ivory Coast","183","33","14.12.1980","119","1","Turkey","Trabzonspor","5"
"Goalkeeper","Faryd MONDRAGON","Columbia","191","43","21.06.1971","50","0","Columbia","Deportivo Cali","22"
"Goalkeeper","Noel VALLADARES","Honduras","178","37","03.05.1977","120","0","Honduras","CD Olimpia","18"
"Goalkeeper","Gianluigi BUFFON","Italy","190","36","28.01.1978","139","0","Italy","Juventus FC","1"
"Goalkeeper","Stipe PLETIKOSA","Croatia","193","35","08.01.1979","110","0","Russia","FC Rostov","1"
"Goalkeeper","Tim HOWARD","USA","187","35","06.03.1979","98","0","England","Everton FC","1"
"Goalkeeper","Mickael LANDREAU","France","184","35","14.05.1979","11","0","France","SC Bastia","23"
"Goalkeeper","Nick RIMANDO","USA","182","35","17.06.1979","14","0","USA","Real Salt Lake","22"
"Goalkeeper","Boubacar BARRY","Ivory Coast","180","34","30.12.1979","76","0","Belgium","KSC Lokeren","1"
"Goalkeeper","JULIO CESAR","Brazil","179","34","03.09.1979","79","0","Canada","Toronto FC","12"
"Goalkeeper","Sergey RYZHIKOV","Russia","192","33","19.09.1980","1","0","Russia","FC Rubin Kazan","16"
"Goalkeeper","Asmir AVDUKIC","Bosnia & Herzegovina","190","33","13.05.1981","3","0","Bosnia & Herzegovina","FK Borac Banja Luka","22"
"Goalkeeper","Roman WEIDENFELLER","Germany","188","33","06.08.1980","2","0","Germany","Borussia Dortmund","22"
"Goalkeeper","Eugene GALEKOVIC","Australia","186","33","12.06.1981","8","0","Australia","Adelaide United FC","18"
"Defender","Andrea BARZAGLI","Italy","186","33","08.05.1981","47","0","Italy","Juventus FC","15"
"Goalkeeper","Iker CASILLAS","Spain","185","33","20.05.1981","153","0","Spain","Real Madrid CF","1"
"Defender","Loukas VYNTRA","Greece","184","33","05.02.1981","49","0","Spain","Levante UD","11"
"Goalkeeper","Johnny HERRERA","Chile","183","33","09.05.1981","7","0","Chile","Club Universidad de Chile","23"
"Goalkeeper","Rahman AHMADI","Iran","182","33","30.07.1980","11","0","Iran","Sepahan FC","1"
"Defender","Hugo CAMPAGNARO","Argentina","181","33","27.06.1980","13","0","Italy","FC Internazionale","3"
"Goalkeeper","Donis ESCOBER","Honduras","180","33","03.02.1981","20","0","Honduras","CD Olimpia","22"
"Goalkeeper","Jose CORONA","Mexico","178","33","26.01.1981","32","0","Mexico","Cruz Azul FC","1"
"Defender","Patrice EVRA","France","171","33","15.05.1981","57","0","England","Manchester United FC","3"
"Defender","Vangelis MORAS","Greece","193","32","26.08.1981","18","0","Italy","Hellas Verona FC","5"
"Goalkeeper","Agustin ORION","Argentina","190","32","26.07.1981","3","0","Argentina","CA Boca Juniors","12"
"Goalkeeper","BETO","Portugal","183","32","01.05.1982","7","0","Spain","Sevilla FC","22"
"Midfielder","Brad DAVIS","USA","180","32","08.11.1981","16","0","USA","Houston Dynamo","14"
"Goalkeeper","Patrick PEMBERTON","Costa Rica","178","32","24.04.1982","20","0","Costa Rica","LD Alajuelense","18"
"Defender","MAXWELL","Brazil","177","32","27.08.1981","8","0","France","Paris Saint-Germain FC","14"
"Defender","Danijel PRANJIC","Croatia","172","32","02.12.1981","49","0","Greece","Panathinaikos FC","3"
"Midfielder","Egidio AREVALO","Uruguay","168","32","01.01.1982","54","0","Mexico","CA Monarcas Morelia","17"
"Goalkeeper","VICTOR","Brazil","195","31","21.01.1983","6","0","Brazil","Atletico Mineiro","22"
"Goalkeeper","Ben FOSTER","England","193","31","03.04.1983","6","0","England","West Bromwich Albion FC","13"
"Goalkeeper","JEFFERSON","Brazil","190","31","02.01.1983","9","0","Brazil","Botafogo FR","1"
"Goalkeeper","Alfredo TALAVERA","Mexico","188","31","18.09.1982","14","0","Mexico","Deportivo Toluca FC","12"
"Goalkeeper","Pepe REINA","Spain","187","31","31.08.1982","32","0","Italy","SSC Napoli","23"
"Goalkeeper","EDUARDO","Portugal","187","31","19.09.1982","33","0","Portugal","Sporting Braga","1"
"Goalkeeper","Martin SILVA","Uruguay","187","31","25.03.1983","4","0","Brazil","CR Vasco da Gama","23"
"Goalkeeper","Charles ITANDJE","Cameroon","185","31","02.11.1982","9","0","Turkey","Konyaspor","16"
"Goalkeeper","Claudio BRAVO","Chile","185","31","13.04.1983","79","0","Spain","Real Sociedad","1"
"Goalkeeper","Eiji KAWASHIMA","Japan","185","31","20.03.1983","56","0","Belgium","Standard Liege","1"
"Goalkeeper","Vincent ENYEAMA","Nigeria","185","31","29.08.1982","90","0","France","Lille OSC","1"
"Defender","Steve VON BERGEN","Switzerland","183","31","10.06.1983","41","0","Switzerland","BSC Young Boys","5"
"Defender","Bacary SAGNA","France","175","31","14.02.1983","40","0","England","Arsenal FC","15"
"Defender","Oscar BAGUI","Ecuador","170","31","10.12.1982","21","0","Ecuador","CS Emelec","18"
"Goalkeeper","Diego BENAGLIO","Switzerland","195","30","08.09.1983","57","0","Germany","VfL Wolfsburg","1"
"Goalkeeper","Mariano ANDUJAR","Argentina","194","30","30.07.1983","10","0","Italy","Calcio Catania","21"
"Defender","Jose Maria BASANTA","Argentina","188","30","03.04.1984","8","0","Mexico","CF Monterrey","23"
"Goalkeeper","Austine EJIDE","Nigeria","186","30","08.04.1984","31","0","Israel","Hapoel Be'er Sheva FC","16"
"Midfielder","Mensur MUJDZA","Bosnia & Herzegovina","184","30","28.03.1984","24","0","Germany","SC Freiburg","13"
"Goalkeeper","Michel VORM","Netherlands","183","30","20.10.1983","14","0","England","Swansea City AFC","22"
"Midfielder","Mehdi MOSTEFA","Algeria","182","30","30.08.1983","22","0","France","AC Ajaccio","22"
"Forward","Yury ZHIRKOV","Russia","180","30","20.08.1983","60","0","Russia","FC Dynamo Moscow","18"
"Defender","Benoit ASSOU EKOTTO","Cameroon","178","30","24.03.1984","21","0","England","Queens Park Rangers FC","2"
"Midfielder","Ghasem HADADIFAR","Iran","178","30","12.07.1983","16","0","Iran","Zob Ahan Isfahan FC","11"
"Defender","Paul VERHAEGH","Netherlands","178","30","01.09.1983","2","0","Germany","FC Augsburg","12"
"Defender","Andrey ESHCHENKO","Russia","177","30","09.02.1984","11","0","Russia","FC Anzhi Makhachkala","22"
"Midfielder","Igor DENISOV","Russia","176","30","17.05.1984","43","0","Russia","FC Dynamo Moscow","7"
"Defender","Henri BEDIMO","Cameroon","176","30","04.06.1984","30","0","France","Olympique Lyonnais","12"
"Midfielder","Medhi LACEN","Algeria","175","30","15.03.1984","29","0","Spain","Getafe CF","8"
"Midfielder","Luis SARITAMA","Ecuador","175","30","20.10.1983","48","0","Ecuador","Barcelona SC","19"
"Forward","Khosro HEYDARI","Iran","175","30","14.09.1983","47","0","Iran","Esteghlal Tehran FC","2"
"Midfielder","Rio MAVUBA","France","172","30","08.03.1984","11","0","France","Lille OSC","12"
"Defender","JOAO PEREIRA","Portugal","172","30","25.02.1984","35","0","Spain","Valencia CF","21"
"Goalkeeper","Brad GUZAN","USA","193","29","09.09.1984","25","0","England","Aston Villa FC","12"
"Defender","Gordon SCHILDENFELD","Croatia","191","29","18.03.1985","21","0","Greece","Panathinaikos FC","13"
"Goalkeeper","Danijel SUBASIC","Croatia","191","29","27.10.1984","6","0","France","AS Monaco","23"
"Goalkeeper","JUNG Sungryong","South Korea","190","29","04.01.1985","60","0","South Korea","Suwon Bluewings FC","1"
"Defender","Osman CHAVEZ","Honduras","187","29","29.07.1984","54","0","China","Qingdao Jonoon FC","2"
"Goalkeeper","Chigozie AGBIM","Nigeria","187","29","28.11.1984","14","0","Nigeria","Enugu Rangers FC","21"
"Goalkeeper","Mohamed ZEMMAMOUCHE","Algeria","187","29","19.03.1985","7","0","Algeria","USM Alger","16"
"Midfielder","Marco PAROLO","Italy","186","29","25.01.1985","3","0","Italy","Parma FC","18"
"Defender","Alex WILKINSON","Australia","183","29","13.08.1984","2","0","South Korea","Jeonbuk Hyundai Motors FC","22"
"Defender","Gabriel ACHILIER","Ecuador","183","29","24.03.1985","22","0","Ecuador","CS Emelec","21"
"Goalkeeper","Cedric SI MOHAMMED","Algeria","182","29","09.01.1985","1","0","Algeria","CS Constantine","1"
"Midfielder","HA Daesung","South Korea","182","29","02.03.1985","13","0","China","Beijing Guoan","8"
"Midfielder","RUBEN AMORIM","Portugal","180","29","27.01.1985","11","0","Portugal","SL Benfica","20"
"Goalkeeper","Fatawu DAUDA","Ghana","180","29","06.04.1985","17","0","South Africa","Orlando Pirates","16"
"Defender","Djamel MESBAH","Algeria","179","29","09.10.1984","26","0","Italy","AS Livorno","6"
"Midfielder","Die SEREY","Ivory Coast","179","29","07.11.1984","6","0","Switzerland","FC Basel","20"
"Defender","Jorge FUCILE","Uruguay","177","29","19.11.1984","41","0","Portugal","FC Porto","4"
"Defender","Pablo ZABALETA","Argentina","174","29","16.01.1985","36","0","England","Manchester City FC","4"
"Goalkeeper","Manuel NEUER","Germany","193","28","27.03.1986","45","0","Germany","FC Bayern Muenchen","1"
"Goalkeeper","Fernando MUSLERA","Uruguay","190","28","16.06.1986","57","0","Turkey","Galatasaray SK","1"
"Goalkeeper","Orestis KARNEZIS","Greece","189","28","11.07.1985","18","0","Spain","Granada CF","1"
"Goalkeeper","Maximo BANGUERA","Ecuador","187","28","16.12.1985","24","0","Ecuador","Barcelona SC","1"
"Defender","Gabriel PALETTA","Italy","187","28","15.02.1986","2","0","Italy","Parma FC","20"
"Defender","Raul ALBIOL","Spain","187","28","04.09.1985","46","0","Italy","SSC Napoli","2"
"Goalkeeper","Rais MBOLHI","Algeria","186","28","25.04.1986","27","0","Bulgaria","CSKA Sofia","23"
"Goalkeeper","Igor AKINFEEV","Russia","185","28","08.04.1986","68","0","Russia","CSKA Moscow","1"
"Defender","Laurent KOSCIELNY","France","185","28","10.09.1985","17","0","England","Arsenal FC","21"
"Goalkeeper","Guillermo OCHOA","Mexico","185","28","13.07.1985","56","0","France","AC Ajaccio","13"
"Goalkeeper","Shusaku NISHIKAWA","Japan","183","28","18.06.1986","12","0","Japan","Urawa Red Diamonds","12"
"Midfielder","Oscar GRANADOS","Costa Rica","183","28","25.10.1985","11","0","Costa Rica","CS Herediano","13"
"Defender","Dany NOUNKEU","Cameroon","183","28","11.04.1986","15","0","Turkey","Besiktas JK","5"
"Midfielder","Carlos SANCHEZ","Columbia","182","28","06.02.1986","43","0","Spain","Elche CF","6"
"Midfielder","Avdija VRSAJEVIC","Bosnia & Herzegovina","182","28","06.03.1986","13","0","Croatia","HNK Hajduk Split","2"
"Goalkeeper","Daniel CAMBRONERO","Costa Rica","181","28","08.01.1986","2","0","Costa Rica","CS Herediano","23"
"Defender","Laurent CIMAN","Belgium","180","28","05.08.1985","8","0","Belgium","Standard Liege","23"
"Defender","KIM Changsoo","South Korea","179","28","12.09.1985","8","0","Japan","Kashiwa Reysol","2"
"Midfielder","Francisco SILVA","Chile","178","28","11.02.1986","11","0","Spain","CA Osasuna","5"
"Midfielder","Fernando GAGO","Argentina","178","28","10.04.1986","47","0","Argentina","CA Boca Juniors","5"
"Midfielder","Lucas BIGLIA","Argentina","175","28","30.01.1986","17","0","Italy","SS Lazio","6"
"Midfielder","Toshihiro AOYAMA","Japan","174","28","22.02.1986","5","0","Japan","Sanfrecce Hiroshima","14"
"Forward","VIEIRINHA","Portugal","170","28","24.01.1986","7","0","Germany","VfL Wolfsburg","10"
"Goalkeeper","Alexander DOMINGUEZ","Ecuador","196","27","05.06.1987","18","0","Ecuador","LDU Quito","22"
"Goalkeeper","Sergio ROMERO","Argentina","192","27","22.02.1987","45","0","France","AS Monaco","1"
"Goalkeeper","Joe HART","England","191","27","19.04.1987","40","0","England","Manchester City FC","1"
"Goalkeeper","Panagiotis GLYKOS","Greece","190","27","10.10.1986","2","0","Greece","PAOK FC","12"
"Goalkeeper","Salvatore SIRIGU","Italy","190","27","12.01.1987","8","0","France","Paris Saint-Germain FC","12"
"Defender","DAVID LUIZ","Brazil","189","27","22.04.1987","35","0","England","Chelsea FC","4"
"Goalkeeper","Stephane RUFFIER","France","188","27","27.09.1986","2","0","France","AS Saint-Etienne","16"
"Goalkeeper","Hugo LLORIS","France","188","27","26.12.1986","56","0","England","Tottenham Hotspur FC","1"
"Defender","Cristian ZAPATA","Columbia","187","27","30.09.1986","23","0","Italy","AC Milan","2"
"Defender","Ezequiel GARAY","Argentina","186","27","10.10.1986","18","0","Portugal","SL Benfica","2"
"Defender","Ousmane DIARRASSOUBA","Ivory Coast","186","27","21.12.1986","1","0","Turkey","Caykur Rizespor","2"
"Defender","HENRIQUE","Brazil","186","27","14.10.1986","5","0","Italy","SSC Napoli","15"
"Defender","Aleksei KOZLOV","Russia","185","27","25.12.1986","10","0","Russia","FC Dynamo Moscow","2"
"Defender","Vladimir GRANAT","Russia","184","27","22.05.1987","4","0","Russia","FC Dynamo Moscow","13"
"Goalkeeper","Keylor NAVAS","Costa Rica","184","27","15.12.1986","52","0","Spain","Levante UD","1"
"Defender","Matt BESLER","USA","182","27","11.02.1987","16","0","USA","Sporting Kansas City","5"
"Defender","Hossein MAHINI","Iran","182","27","16.09.1986","21","0","Iran","Perspolis FC","13"
"Defender","LEE Yong","South Korea","180","27","24.12.1986","11","0","South Korea","Ulsan Hyundai FC","12"
"Defender","Mehrdad POOLADI","Iran","180","27","26.02.1987","19","0","Iran","Perspolis FC","23"
"Midfielder","Antonio CANDREVA","Italy","180","27","28.02.1987","19","0","Italy","SS Lazio","6"
"Midfielder","Edder DELGADO","Honduras","179","27","20.11.1986","26","0","Honduras","Real Espana","12"
"Midfielder","Ioannis MANIATIS","Greece","178","27","12.10.1986","29","0","Greece","Olympiacos Piraeus FC","2"
"Midfielder","SAMMIR","Croatia","178","27","23.04.1987","5","0","Spain","Getafe CF","19"
"Defender","Steven BEITASHOUR","Iran","178","27","01.02.1987","6","0","Canada","Vancouver Whitecaps FC","20"
"Defender","Constant DJAKPA","Ivory Coast","177","27","17.10.1986","4","0","Germany","Eintracht Frankfurt","18"
"Defender","PARK Jooho","South Korea","174","27","16.01.1987","13","0","Germany","FSV Mainz 05","22"
"Defender","Harrison AFFUL","Ghana","168","27","24.07.1986","40","0","Tunisia","Esperance Sportive de Tunis","23"
"Goalkeeper","Fraser FORSTER","England","201","26","17.03.1988","1","0","Scotland","Celtic FC","22"
"Goalkeeper","Asmir BEGOVIC","Bosnia & Herzegovina","198","26","20.06.1987","30","0","England","Stoke City FC","1"
"Goalkeeper","Alireza HAGHIGHI","Iran","193","26","02.05.1988","4","0","Portugal","Sporting Covilha","12"
"Goalkeeper","Simon MIGNOLET","Belgium","193","26","06.03.1988","14","0","England","Liverpool FC","12"
"Goalkeeper","Daniel DAVARI","Iran","193","26","06.01.1988","4","0","Germany","Eintracht Braunschweig","22"
"Goalkeeper","Tim KRUL","Netherlands","193","26","03.04.1988","5","0","England","Newcastle United FC","23"
"Goalkeeper","Adam KWARASEY","Ghana","190","26","12.12.1987","21","0","Norway","Stromsgodset IF","12"
"Forward","EDER","Portugal","190","26","22.12.1987","7","0","Portugal","Sporting Braga","11"
"Goalkeeper","RUI PATRICIO","Portugal","189","26","15.02.1988","29","0","Portugal","Sporting CP","12"
"Midfielder","Ricardo ALVAREZ","Argentina","188","26","12.04.1988","5","0","Italy","FC Internazionale","19"
"Defender","Liassine CADAMURO","Algeria","187","26","05.03.1988","6","0","Spain","RCD Mallorca","17"
"Defender","Sokratis PAPASTATHOPOULOS","Greece","186","26","09.06.1988","47","0","Germany","Borussia Dortmund","19"
"Defender","LUIS NETO","Portugal","186","26","26.05.1988","7","0","Russia","FC Zenit St. Petersburg","14"
"Midfielder","Panagiotis KONE","Greece","184","26","26.07.1987","15","0","Italy","Bologna FC","8"
"Defender","Georgios TZAVELAS","Greece","183","26","26.11.1987","13","0","Greece","PAOK FC","3"
"Midfielder","Alexandre SONG","Cameroon","183","26","09.09.1987","46","0","Spain","FC Barcelona","6"
"Goalkeeper","Cristopher TOSELLI","Chile","181","26","15.06.1988","4","0","Chile","CD Universidad Catolica","12"
"Defender","Ivan FRANJIC","Australia","180","26","10.09.1987","8","0","Australia","Brisbane Roar FC","2"
"Defender","Juan PAREDES","Ecuador","179","26","08.07.1987","37","0","Ecuador","Barcelona SC","4"
"Midfielder","Adam LALLANA","England","179","26","10.05.1988","4","0","England","Southampton FC","20"
"Forward","Alessio CERCI","Italy","177","26","23.07.1987","11","0","Italy","Torino FC","11"
"Midfielder","Jonathan DE GUZMAN","Netherlands","174","26","13.09.1987","10","0","England","Swansea City AFC","8"
"Defender","Allan NYOM","Cameroon","170","26","10.05.1988","9","0","Spain","Granada CF","22"
"Midfielder","Jose VAZQUEZ","Mexico","164","26","14.03.1988","4","0","Mexico","Club Leon","23"
"Defender","Omar GONZALEZ","USA","195","25","11.10.1988","19","0","USA","Los Angeles Galaxy","3"
"Defender","Jerome BOATENG","Germany","192","25","03.09.1988","38","0","Germany","FC Bayern Muenchen","20"
"Defender","Toni SUNJIC","Bosnia & Herzegovina","192","25","15.12.1988","7","0","Ukraine","FC Zorya Lugansk","15"
"Defender","Andrey SEMENOV","Russia","191","25","24.03.1989","1","0","Russia","FC Terek Grozny","5"
"Goalkeeper","Mitch LANGERAK","Australia","191","25","22.08.1988","3","0","Germany","Borussia Dortmund","12"
"Midfielder","Reza HAGHIGHI","Iran","190","25","01.02.1989","7","0","Iran","Perspolis FC","8"
"Midfielder","Andreas SAMARIS","Greece","190","25","13.06.1989","4","0","Greece","Olympiacos Piraeus FC","22"
"Midfielder","Javi MARTINEZ","Spain","190","25","02.09.1988","16","0","Germany","FC Bayern Muenchen","4"
"Goalkeeper","Sylvain GBOHOUO","Ivory Coast","190","25","29.10.1988","2","0","Ivory Coast","Sewe Sport","16"
"Midfielder","Sergio BUSQUETS","Spain","189","25","16.07.1988","65","0","Spain","FC Barcelona","16"
"Defender","Matthew SPIRANOVIC","Australia","188","25","27.06.1988","17","0","Australia","Western Sydney Wanderers FC","6"
"Goalkeeper","Adrian BONE","Ecuador","188","25","08.09.1988","3","0","Ecuador","CD El Nacional","12"
"Forward","Diego COSTA","Spain","188","25","07.10.1988","3","0","Spain","Atletico Madrid","19"
"Goalkeeper","Shuichi GONDA","Japan","187","25","03.03.1989","2","0","Japan","FC Tokyo","23"
"Goalkeeper","Ron-Robert ZIELER","Germany","187","25","12.02.1989","3","0","Germany","Hannover 96","12"
"Goalkeeper","Jasper CILLESSEN","Netherlands","187","25","22.04.1989","7","0","Netherlands","AFC Ajax","1"
"Defender","Kevin GROSSKREUTZ","Germany","186","25","19.07.1988","4","0","Germany","Borussia Dortmund","2"
"Defender","Oscar DUARTE","Costa Rica","184","25","03.06.1989","10","0","Belgium","Club Brugge KV","6"
"Goalkeeper","David OSPINA","Columbia","183","25","31.08.1988","43","0","France","OGC Nice","1"
"Goalkeeper","Yann SOMMER","Switzerland","183","25","17.12.1988","6","0","Switzerland","FC Basel","12"
"Midfielder","James HOLLAND","Australia","180","25","15.05.1989","13","0","Austria","FK Austria Wien","16"
"Midfielder","PARK Jongwoo","South Korea","180","25","10.03.1989","10","0","China","Guangzhou R&F FC","15"
"Forward","Giovanni SIO","Ivory Coast","180","25","31.03.1989","7","0","Switzerland","FC Basel","21"
"Midfielder","Alexander MEJIA","Columbia","179","25","11.07.1988","8","0","Columbia","Atletico Nacional","15"
"Forward","Alexey IONOV","Russia","178","25","18.02.1989","5","0","Russia","FC Dynamo Moscow","21"
"Defender","Miguel PONCE","Mexico","175","25","12.04.1989","7","0","Mexico","Deportivo Toluca FC","16"
"Midfielder","Oliver BOZANIC","Australia","167","25","08.01.1989","3","0","Switzerland","FC Luzern","13"
"Defender","Chris SMALLING","England","194","24","22.11.1989","11","0","England","Manchester United FC","12"
"Defender","Marcos ROJO","Argentina","189","24","20.03.1990","20","0","Portugal","Sporting CP","16"
"Midfielder","Mohammed RABIU","Ghana","189","24","31.12.1989","16","0","Russia","Kuban Krasnodar","17"
"Midfielder","Leroy FER","Netherlands","188","24","05.01.1990","5","0","England","Norwich City FC","18"
"Midfielder","Moussa SISSOKO","France","187","24","16.08.1989","16","0","England","Newcastle United FC","18"
"Midfielder","Jordan HENDERSON","England","187","24","17.06.1990","9","0","England","Liverpool FC","14"
"Defender","Daryl JANMAAT","Netherlands","186","24","22.07.1989","15","0","Netherlands","Feyenoord Rotterdam","7"
"Goalkeeper","Yury LODYGIN","Russia","186","24","26.05.1990","2","0","Russia","FC Zenit St. Petersburg","12"
"Defender","Ognjen VRANJES","Bosnia & Herzegovina","186","24","24.10.1989","13","0","Turkey","Elazigspor","6"
"Defender","Timmy CHANDLER","USA","186","24","29.03.1990","12","0","Germany","1. FC Nuernberg","21"
"Defender","Ryan McGOWAN","Australia","185","24","15.08.1989","9","0","China","Shandong Luneng Taishan FC","19"
"Defender","Nicolas NKOULOU","Cameroon","185","24","27.03.1990","47","0","France","Olympique Marseille","3"
"Defender","Hiroki SAKAI","Japan","185","24","12.04.1990","17","0","Germany","Hannover 96","21"
"Forward","Ciro IMMOBILE","Italy","184","24","20.02.1990","2","0","Italy","Torino FC","17"
"Midfielder","Anel HADZIC","Bosnia & Herzegovina","184","24","16.08.1989","2","0","Austria","SK Sturm Graz","21"
"Midfielder","HAN Kookyoung","South Korea","183","24","19.04.1990","9","0","Japan","Kashiwa Reysol","14"
"Defender","YUN Sukyoung","South Korea","182","24","13.02.1990","3","0","England","Queens Park Rangers FC","3"
"Defender","HWANG Seokho","South Korea","182","24","27.06.1989","3","0","Japan","Sanfrecce Hiroshima","6"
"Defender","Matteo DARMIAN","Italy","182","24","02.12.1989","1","0","Italy","Torino FC","4"
"Midfielder","Hector HERRERA","Mexico","180","24","19.04.1990","12","0","Portugal","FC Porto","6"
"Defender","Daley BLIND","Netherlands","180","24","09.03.1990","11","0","Netherlands","AFC Ajax","5"
"Goalkeeper","Sammy NDJOCK","Cameroon","178","24","25.02.1990","2","0","Turkey","Fethiyespor","23"
"Midfielder","Cesar AZPILICUETA","Spain","178","24","28.08.1989","6","0","England","Chelsea FC","22"
"Goalkeeper","Stephen ADAMS","Ghana","177","24","28.09.1989","6","0","Ghana","Aduana Stars","1"
"Forward","Edin VISCA","Bosnia & Herzegovina","172","24","17.02.1990","10","0","Turkey","Istanbul BBSK","19"
"Midfielder","Yacine BRAHIMI","Algeria","171","24","08.02.1990","5","0","Spain","Granada CF","11"
"Midfielder","Javier AQUINO","Mexico","166","24","11.02.1990","21","0","Spain","Villarreal CF","20"
"Defender","Sebastian COATES","Uruguay","196","23","07.10.1990","14","0","Uruguay","Club Nacional de Football","19"
"Midfielder","Panagiotis TACHTSIDIS","Greece","194","23","15.02.1991","5","0","Italy","Torino FC","23"
"Midfielder","Christoph KRAMER","Germany","189","23","19.02.1991","2","0","Germany","Borussia Moenchengladbach","23"
"Defender","Eliaquim MANGALA","France","188","23","13.02.1991","3","0","Portugal","FC Porto","13"
"Goalkeeper","KIM Seunggyu","South Korea","187","23","30.09.1990","5","0","South Korea","Ulsan Hyundai FC","21"
"Defender","Ebenezer ODUNLAMI","Nigeria","187","23","30.04.1991","11","0","Nigeria","Sunshine Stars FC","12"
"Midfielder","Clement GRENIER","France","186","23","07.01.1991","5","0","France","Olympique Lyonnais","22"
"Defender","Konstantinos MANOLAS","Greece","186","23","14.06.1991","8","0","Greece","Olympiacos Piraeus FC","4"
"Midfielder","Mathis BOLLY","Ivory Coast","185","23","14.11.1990","3","0","Germany","Fortuna Duesseldorf","6"
"Defender","ANDRE ALMEIDA","Portugal","185","23","10.09.1990","3","0","Portugal","SL Benfica","19"
"Midfielder","Ruben GABRIEL","Nigeria","184","23","25.09.1990","10","0","Belgium","KV Waasland-Beveren","4"
"Defender","Faouzi GHOULAM","Algeria","184","23","01.02.1991","5","0","Italy","SSC Napoli","3"
"Defender","Juwon OSHANIWA","Nigeria","184","23","14.09.1990","9","0","Israel","FC Ashdod","13"
"Midfielder","Gaston RAMIREZ","Uruguay","183","23","02.12.1990","28","0","England","Southampton FC","18"
"Defender","Georgy SHCHENNIKOV","Russia","179","23","27.04.1991","3","0","Russia","CSKA Moscow","3"
"Forward","Riyad MAHREZ","Algeria","179","23","21.02.1991","1","0","England","Leicester City FC","21"
"Defender","Gotoku SAKAI","Japan","176","23","14.03.1991","12","0","Germany","VfB Stuttgart","3"
"Defender","Waylon FRANCIS","Costa Rica","175","23","20.09.1990","1","0","USA","Columbus Crew","12"
"Midfielder","Hotaru YAMAGUCHI","Japan","173","23","06.10.1990","11","0","Japan","Cerezo Osaka","16"
"Midfielder","Isaac BRIZUELA","Mexico","173","23","28.08.1990","7","0","Mexico","Deportivo Toluca FC","17"
"Defender","Daniel OPARE","Ghana","172","23","18.10.1990","16","0","Belgium","Standard Liege","4"
"Midfielder","Alex IBARRA","Ecuador","171","23","20.01.1991","17","0","Netherlands","Vitesse Arnheim","5"
"Midfielder","Luis GARRIDO","Honduras","170","23","05.11.1990","19","0","Honduras","CD Olimpia","19"
"Goalkeeper","Thibaut COURTOIS","Belgium","198","22","11.05.1992","16","0","Spain","Atletico Madrid","1"
"Midfielder","Joel MATIP","Cameroon","194","22","08.08.1991","22","0","Germany","FC Schalke 04","21"
"Defender","Stefan DE VRIJ","Netherlands","190","22","05.02.1992","11","0","Netherlands","Feyenoord Rotterdam","3"
"Midfielder","Tino Sven SUSIC","Bosnia & Herzegovina","186","22","13.02.1992","2","0","Croatia","HNK Hajduk Split","14"
"Midfielder","WILLIAM","Portugal","185","22","07.04.1992","3","0","Portugal","Sporting CP","6"
"Defender","Phil JONES","England","185","22","21.02.1992","9","0","England","Manchester United FC","16"
"Defender","Aissa MANDI","Algeria","184","22","22.10.1991","2","0","France","Stade de Reims","20"
"Forward","Maksim KANUNNIKOV","Russia","184","22","14.07.1991","2","0","Russia","FK Amkar Perm","6"
"Defender","Sime VRSALJKO","Croatia","183","22","10.01.1992","6","0","Italy","Genoa CFC","2"
"Defender","Erik DURM","Germany","183","22","12.05.1992","1","0","Germany","Borussia Dortmund","15"
"Defender","Joel VELTMAN","Netherlands","183","22","15.01.1992","2","0","Netherlands","AFC Ajax","13"
"Goalkeeper","Maty RYAN","Australia","181","22","08.04.1992","6","0","Belgium","Club Brugge KV","1"
"Forward","Ben HALLORAN","Australia","180","22","14.06.1992","1","0","Germany","Fortuna Duesseldorf","10"
"Defender","Jason DAVIDSON","Australia","179","22","29.06.1991","6","0","Netherlands","SC Heracles Almelo","3"
"Midfielder","Bakhtiar RAHMANI","Iran","179","22","23.09.1991","3","0","Iran","Foolad Khuzestan FC","18"
"Midfielder","Yeltsin TEJEDA","Costa Rica","179","22","17.03.1992","22","0","Costa Rica","Deportivo Saprissa","17"
"Goalkeeper","Loic FEUDJOU","Cameroon","178","22","14.04.1992","1","0","Cameroon","Coton Sport FC","1"
"Midfielder","KOKE","Spain","178","22","08.01.1992","7","0","Spain","Atletico Madrid","17"
"Midfielder","Jack WILSHERE","England","172","22","01.01.1992","16","0","England","Arsenal FC","7"
"Defender","Santiago ARIAS","Columbia","171","22","13.01.1992","5","0","Netherlands","PSV Eindhoven","4"
"Midfielder","Jordy CLASIE","Netherlands","169","22","27.06.1991","8","0","Netherlands","Feyenoord Rotterdam","16"
"Goalkeeper","Sayouba MANDE","Ivory Coast","193","21","15.06.1993","1","0","Norway","Stabaek IF","23"
"Defender","John BROOKS","USA","193","21","28.01.1993","4","0","Germany","Hertha BSC","6"
"Defender","Raphael VARANE","France","191","21","25.04.1993","5","0","Spain","Real Madrid CF","4"
"Defender","Diego REYES","Mexico","189","21","19.09.1992","14","0","Portugal","FC Porto","5"
"Defender","Eder BALANTA","Columbia","181","21","28.02.1993","2","0","Argentina","CA River Plate","16"
"Defender","Ricardo RODRIGUEZ","Switzerland","180","21","25.08.1992","21","0","Germany","VfL Wolfsburg","13"
"Midfielder","Ismael DIOMANDE","Ivory Coast","180","21","28.08.1992","1","0","France","AS Saint-Etienne","14"
"Defender","Jean Daniel AKPA","Ivory Coast","180","21","11.10.1992","1","0","France","Toulouse FC","7"
"Defender","Mattia DE SCIGLIO","Italy","179","21","20.10.1992","10","0","Italy","AC Milan","2"
"Midfielder","Muhamed BESIC","Bosnia & Herzegovina","177","21","10.09.1992","9","0","Hungary","Ferencvarosi TC","7"
"Defender","Serge AURIER","Ivory Coast","176","21","24.12.1992","7","0","France","Toulouse FC","17"
"Midfielder","Massimo LUONGO","Australia","176","21","25.09.1992","1","0","England","Swindon Town FC","21"
"Defender","Cedric DJEUGOUE","Cameroon","175","21","28.08.1992","3","0","Cameroon","Coton Sport FC","4"
"Forward","RAFA","Portugal","173","21","17.05.1993","2","0","Portugal","Sporting Braga","15"
"Midfielder","Ramon AZEEZ","Nigeria","170","21","12.12.1992","1","0","Spain","UD Almeria","15"
"Midfielder","Juan QUINTERO","Columbia","168","21","18.01.1993","4","0","Portugal","FC Porto","20"
"Forward","Michael BABATUNDE","Nigeria","165","21","24.12.1992","4","0","Ukraine","FC Volyn Lutsk","18"
"Midfielder","Edgar SALLI","Cameroon","163","21","17.08.1992","8","0","France","RC Lens","20"
"Defender","Rashid SUMAILA","Ghana","160","21","18.12.1992","8","0","South Africa","Mamelodi Sundowns FC","15"
"Goalkeeper","Stefanos KAPINO","Greece","196","20","18.03.1994","2","0","Greece","Panathinaikos FC","13"
"Defender","Matthias GINTER","Germany","187","20","19.01.1994","2","0","Germany","SC Freiburg","3"
"Midfielder","Ross BARKLEY","England","185","20","05.12.1993","4","0","England","Everton FC","21"
"Defender","Kenneth OMERUO","Nigeria","185","20","17.10.1993","17","0","England","Middlesbrough FC","22"
"Defender","Sead KOLASINAC","Bosnia & Herzegovina","183","20","20.06.1993","4","0","Germany","FC Schalke 04","5"
"Defender","Terence KONGOLO","Netherlands","183","20","14.02.1994","1","0","Netherlands","Feyenoord Rotterdam","14"
"Midfielder","Mateo KOVACIC","Croatia","181","20","06.05.1994","9","0","Italy","FC Internazionale","20"
"Defender","Lucas DIGNE","France","179","20","20.07.1993","2","0","France","Paris Saint-Germain FC","17"
"Forward","Memphis DEPAY","Netherlands","178","20","13.02.1994","6","0","Netherlands","PSV Eindhoven","21"
"Defender","DeAndre YEDLIN","USA","175","20","09.07.1993","4","0","USA","Seattle Sounders FC","2"
"Midfielder","Nabil BENTALEB","Algeria","189","19","24.11.1994","2","0","England","Tottenham Hotspur FC","14"
"Forward","Divock ORIGI","Belgium","185","19","18.04.1995","1","0","France","Lille OSC","17"
"Defender","Jose GIMENEZ","Uruguay","184","19","20.01.1995","5","0","Spain","Atletico Madrid","13"
"Midfielder","Julian GREEN","USA","172","19","06.06.1995","2","0","Germany","FC Bayern Muenchen","16"
"Midfielder","Carlos GRUEZO","Ecuador","171","19","19.04.1995","2","0","Germany","VfB Stuttgart","23"
"Midfielder","Raheem STERLING","England","170","19","08.12.1994","3","0","England","Liverpool FC","19"
"Defender","Luke SHAW","England","184","18","12.07.1995","1","0","England","Southampton FC","23"
"Goalkeeper","Rodrigo MUNOZ","Uruguay","185","32","22.01.1982","0","0","Paraguay","Club Libertad","12"
"Goalkeeper","Jasmin FEJZIC","Bosnia & Herzegovina","198","28","15.05.1986","0","0","Germany","VfR Aalen","12"
"Goalkeeper","Sammy BOSSUT","Belgium","187","28","11.08.1985","0","0","Belgium","SV Zulte Waregem","13"
"Goalkeeper","LEE Bumyoung","South Korea","199","25","02.04.1989","0","0","South Korea","Busan IPark FC","23"
"Goalkeeper","Camilo VARGAS","Columbia","185","25","09.03.1989","0","0","Columbia","Independiente Santa Fe","12"
"Goalkeeper","David DE GEA","Spain","190","23","07.11.1990","0","0","England","Manchester United FC","12"
"Goalkeeper","Roman BUERKI","Switzerland","188","23","14.11.1990","0","0","Switzerland","Grasshopper Club","21"
"Goalkeeper","Oliver ZELENIKA","Croatia","192","21","14.05.1993","0","0","Croatia","NK Lokomotiva Zagreb","12"
"Goalkeeper","Mattia PERIN","Italy","188","21","10.11.1992","0","0","Italy","Genoa CFC","13"
"Defender","Bailey WRIGHT","Australia","184","21","28.07.1992","0","0","England","Preston North End FC","8"
"Midfielder","Ivan MOCINIC","Croatia","180","21","30.04.1993","0","0","Croatia","HNK Rijeka","15"
"Midfielder","Marcelo BROZOVIC","Croatia","180","21","16.11.1992","0","0","Croatia","GNK Dinamo Zagreb","14"
"Goalkeeper","Luis LOPEZ","Honduras","182","20","13.09.1993","0","0","Honduras","Real Espana","1"
"Midfielder","Adnan JANUZAJ","Belgium","180","19","05.02.1995","0","0","England","Manchester United FC","20"
