" Shirt Name"," Date of Birth"," Last Name"," First Name"," FIFA Display Name","Country"," Height"," #"," Position"," Club"," Club Country"
"Player---alternateName","Player---birthDate","Player---familyName","Player---givenName","Player---name","SportsTeam---name","Player---height","Player---tag","Player---playPosition","SportsClub---name","League---name"
" GAOUAOUI"," 28 Sep 1977"," GAOUAOUI"," Lounes"," Lounes GAOUAOUI","Algeria"," 188"," 1"," Goalkeeper"," Chlef"," ALG"
" BOUGHERRA"," 07 Oct 1982"," BOUGHERRA"," Madjid"," Madjid BOUGHERRA","Algeria"," 190"," 2"," Defender"," Rangers"," SCO"
" BELHADJ"," 18 Jun 1982"," BELHADJ"," Nadir"," Nadir BELHADJ","Algeria"," 180"," 3"," Defender"," Portsmouth"," ENG"
" YAHIA"," 21 Mar 1982"," YAHIA"," Anther"," Anther YAHIA","Algeria"," 185"," 4"," Defender"," Bochum"," GER"
" HALLICHE"," 02 Sep 1986"," HALLICHE"," Rafik"," Rafik HALLICHE","Algeria"," 187"," 5"," Defender"," Nacional Madeira"," POR"
" MANSOURI"," 25 Feb 1978"," MANSOURI"," Yazid"," Yazid MANSOURI","Algeria"," 175"," 6"," Midfielder"," Lorient"," FRA"
" BOUDEBOUZ"," 19 Feb 1990"," BOUDEBOUZ"," Ryad"," Ryad BOUDEBOUZ","Algeria"," 178"," 7"," Midfielder"," Sochaux"," FRA"
" LACEN"," 15 Mar 1984"," LACEN"," Medhi Gregory Guiseppe"," Medhi LACEN","Algeria"," 178"," 8"," Midfielder"," Racing Santander"," ESP"
" GHEZZAL"," 05 Dec 1984"," GHEZZAL"," Abdelkader Mohamed"," Abdelkader GHEZZAL","Algeria"," 186"," 9"," Forward"," Siena"," ITA"
" SAIFI"," 07 Feb 1975"," SAIFI"," Rafik"," Rafik SAIFI","Algeria"," 178"," 10"," Forward"," Istres"," FRA"
" DJEBBOUR"," 08 Mar 1984"," DJEBBOUR"," Rafik Zoheir"," Rafik DJEBBOUR","Algeria"," 185"," 11"," Forward"," AEK Athens"," GRE"
" BELLAID"," 28 Mar 1986"," BELLAID"," Habib Mohamed"," Habib BELLAID","Algeria"," 189"," 12"," Defender"," Boulogne"," FRA"
" MATMOUR"," 25 Jun 1985"," MATMOUR"," Karim"," Karim MATMOUR","Algeria"," 181"," 13"," Midfielder"," Borussia Moenchengladbach"," GER"
" LAIFAOUI"," 29 Jul 1981"," LAIFAOUI"," Abdelkader"," Abdelkader LAIFAOUI","Algeria"," 177"," 14"," Defender"," Setif"," ALG"
" ZIANI"," 17 Aug 1982"," ZIANI"," Karim Koceila Yanis"," Karim ZIANI","Algeria"," 168"," 15"," Midfielder"," Wolfsburg"," GER"
" CHAOUCHI"," 05 Dec 1984"," CHAOUCHI"," Faouzi"," Faouzi CHAOUCHI","Algeria"," 180"," 16"," Goalkeeper"," Setif"," ALG"
" GUEDIOURA"," 12 Nov 1985"," GUEDIOURA"," Adlane"," Adlane GUEDIOURA","Algeria"," 183"," 17"," Midfielder"," Wolverhampton"," ENG"
" MEDJANI"," 15 May 1985"," MEDJANI"," Carl"," Carl MEDJANI","Algeria"," 184"," 18"," Defender"," Ajaccio"," FRA"
" YEBDA"," 14 May 1984"," YEBDA"," Hassan"," Hassan YEBDA","Algeria"," 188"," 19"," Midfielder"," Portsmouth"," ENG"
" Eddine"," MESBAH 09 Oct 1984"," MESBAH"," Djamel"," Djamel MESBAH","Algeria"," 180"," 20"," Defender"," Lecce"," ITA"
" KADIR"," 05 Dec 1983"," KADIR"," Foued"," Foued KADIR","Algeria"," 180"," 21"," Midfielder"," Valenciennes"," FRA"
" ABDOUN"," 14 Feb 1986"," ABDOUN"," Djamal"," Djamal ABDOUN","Algeria"," 180"," 22"," Midfielder"," Nantes"," FRA"
" MBOLHI"," 25 Apr 1986"," M'BOLHI"," Adi Rais Cobos Adrien"," Rais M BOLHI","Algeria"," 190"," 23"," Goalkeeper"," Slavia Sofia"," BUL"
" POZO"," 16 Feb 1978"," POZO"," Diego"," Diego POZO","Argentina"," 183"," 1"," Goalkeeper"," Atletico Colon"," ARG"
" DEMICHELIS"," 20 Dec 1980"," DEMICHELIS"," Martin Gaston"," Martin DEMICHELIS","Argentina"," 184"," 2"," Defender"," Bayern Munich"," GER"
" RODRIGUEZ C."," 31 Jul 1981"," RODRIGUEZ"," Clemente Juan"," Clemente RODRIGUEZ","Argentina"," 166"," 3"," Defender"," Estudiantes La Plata"," ARG"
" BURDISSO"," 12 Apr 1981"," BURDISSO"," Nicolas Andres"," Nicolas BURDISSO","Argentina"," 174"," 4"," Defender"," AS Roma"," ITA"
" BOLATTI"," 17 Feb 1985"," BOLATTI"," Mario Ariel"," Mario BOLATTI","Argentina"," 189"," 5"," Midfielder"," Fiorentina"," ITA"
" HEINZE"," 19 Apr 1978"," HEINZE"," Gabriel Ivan"," Gabriel HEINZE","Argentina"," 178"," 6"," Defender"," Marseille"," FRA"
" DI MARIA"," 14 Feb 1988"," DI MARIA"," Angel Fabian"," Angel DI MARIA","Argentina"," 180"," 7"," Midfielder"," Benfica"," POR"
" VERON"," 09 Mar 1975"," VERON"," Juan Sebastian"," Juan VERON","Argentina"," 183"," 8"," Midfielder"," Estudiantes La Plata"," ARG"
" HIGUAIN"," 10 Dec 1987"," HIGUAIN"," Gonzalo Gerardo"," Gonzalo HIGUAIN","Argentina"," 182"," 9"," Forward"," Real Madrid"," ESP"
" MESSI"," 24 Jun 1987"," MESSI CUCCITTINI"," Lionel Andres"," Lionel MESSI","Argentina"," 170"," 10"," Forward"," Barcelona"," ESP"
" CARLITOS"," 05 Feb 1984"," TEVEZ"," Carlos Alberto"," Carlos TEVEZ","Argentina"," 173"," 11"," Forward"," Manchester City"," ENG"
" GARCE"," 14 Jul 1979"," GARCE"," Ariel Hernan"," Ariel GARCE","Argentina"," 175"," 12"," Defender"," Atletico Colon"," ARG"
" SAMUEL"," 23 Mar 1978"," SAMUEL"," Walter Adrian"," Walter SAMUEL","Argentina"," 182"," 13"," Defender"," Inter"," ITA"
" MASCHERANO"," 08 Jun 1984"," MASCHERANO"," Javier Alejandro"," Javier MASCHERANO","Argentina"," 171"," 14"," Midfielder"," Liverpool"," ENG"
" OTAMENDI"," 12 Feb 1988"," OTAMENDI"," Nicolas Hernan"," Nicolas OTAMENDI","Argentina"," 171"," 15"," Defender"," Velez Sarsfield"," ARG"
" KUN AGUERO"," 02 Jun 1988"," AGÜERO"," Sergio Leonel"," Sergio AGUERO","Argentina"," 170"," 16"," Forward"," Atletico Madrid"," ESP"
" JONAS"," 05 Jul 1983"," GUTIERREZ"," Jonas Manuel"," Jonas GUTIERREZ","Argentina"," 182"," 17"," Midfielder"," Newcastle Utd."," ENG"
" PALERMO"," 07 Nov 1973"," PALERMO"," Martin"," Martin PALERMO","Argentina"," 188"," 18"," Forward"," Boca Juniors"," ARG"
" MILITO D."," 12 Jun 1979"," MILITO"," Diego"," Diego MILITO","Argentina"," 177"," 19"," Forward"," Inter"," ITA"
" RODRIGUEZ M."," 02 Jan 1981"," RODRIGUEZ"," Maximiliano Ruben"," Maxi RODRIGUEZ","Argentina"," 173"," 20"," Midfielder"," Liverpool"," ENG"
" ANDUJAR"," 30 Jul 1983"," ANDUJAR"," Mariano"," Mariano ANDUJAR","Argentina"," 180"," 21"," Goalkeeper"," Catania"," ITA"
" ROMERO"," 22 Feb 1987"," ROMERO"," Sergio German"," Sergio ROMERO","Argentina"," 191"," 22"," Goalkeeper"," AZ Alkmaar"," NED"
" PASTORE"," 20 Jun 1989"," PASTORE"," Javier"," Javier PASTORE","Argentina"," 173"," 23"," Midfielder"," Palermo"," ITA"
" SCHWARZER"," 06 Oct 1972"," SCHWARZER"," Mark"," Mark SCHWARZER","Australia"," 196"," 1"," Goalkeeper"," Fulham"," ENG"
" NEILL"," 09 Mar 1978"," NEILL"," Lucas Edward"," Lucas NEILL","Australia"," 185"," 2"," Defender"," Galatasaray"," TUR"
" MOORE"," 12 Dec 1975"," MOORE"," Craig Andrew"," Craig MOORE","Australia"," 186"," 3"," Defender"," No club affiliation"," UNK"
" CAHILL"," 06 Dec 1979"," CAHILL"," Timothy Filiga"," Tim CAHILL","Australia"," 180"," 4"," Forward"," Everton"," ENG"
" CULINA"," 05 Aug 1980"," CULINA"," Jason"," Jason CULINA","Australia"," 175"," 5"," Midfielder"," Gold Coast United"," AUS"
" BEAUCHAMP"," 08 Mar 1981"," BEAUCHAMP"," Michael Francis"," Michael BEAUCHAMP","Australia"," 191"," 6"," Defender"," Al Jazira"," UAE"
" EMERTON"," 22 Feb 1979"," EMERTON"," Brett Michael"," Brett EMERTON","Australia"," 185"," 7"," Midfielder"," Blackburn Rovers"," ENG"
" WILKSHIRE"," 02 Oct 1981"," WILKSHIRE"," Luke"," Luke WILKSHIRE","Australia"," 177"," 8"," Defender"," Dynamo Moscow"," RUS"
" KENNEDY"," 20 Aug 1982"," KENNEDY"," Joshua Blake"," Joshua KENNEDY","Australia"," 192"," 9"," Forward"," Nagoya Grampus Eight"," JPN"
" KEWELL"," 22 Sep 1978"," KEWELL"," Harry"," Harry KEWELL","Australia"," 183"," 10"," Forward"," Galatasaray"," TUR"
" CHIPPERFIELD"," 30 Dec 1975"," CHIPPERFIELD"," Scott Kenneth"," Scott CHIPPERFIELD","Australia"," 180"," 11"," Defender"," Basel"," SUI"
" FEDERICI"," 31 Jan 1985"," FEDERICI"," Adam Jay"," Adam FEDERICI","Australia"," 188"," 12"," Goalkeeper"," Reading"," ENG"
" GRELLA"," 05 Oct 1979"," GRELLA"," Vincenzo"," Vince GRELLA","Australia"," 183"," 13"," Midfielder"," Blackburn Rovers"," ENG"
" HOLMAN"," 27 Mar 1984"," HOLMAN"," Brett Trevor"," Brett HOLMAN","Australia"," 176"," 14"," Forward"," AZ Alkmaar"," NED"
" JEDINAK"," 03 Aug 1984"," JEDINAK"," Michael John"," Mile JEDINAK","Australia"," 188"," 15"," Midfielder"," Antalyaspor"," TUR"
" VALERI"," 14 Aug 1984"," VALERI"," Carl"," Carl VALERI","Australia"," 180"," 16"," Midfielder"," Sassuolo"," ITA"
" RUKAVYTSYA"," 22 Jun 1987"," RUKAVYTSYA"," Nikita"," Nikita RUKAVYTSYA","Australia"," 183"," 17"," Forward"," Twente Enschede"," NED"
" JONES"," 19 Mar 1982"," JONES"," Bradley Scott"," Brad JONES","Australia"," 193"," 18"," Goalkeeper"," Middlesbrough"," ENG"
" GARCIA"," 04 Sep 1981"," GARCIA"," Richard"," Richard GARCIA","Australia"," 180"," 19"," Forward"," Hull City"," ENG"
" MILLIGAN"," 04 Aug 1985"," MILLIGAN"," Mark Daniel"," Mark MILLIGAN","Australia"," 178"," 20"," Defender"," JEF United Ichihara"," JPN"
" CARNEY"," 30 Nov 1983"," CARNEY"," David Raymond"," David CARNEY","Australia"," 181"," 21"," Defender"," Twente Enschede"," NED"
" VIDOSIC"," 08 Apr 1987"," VIDOSIC"," Dario"," Dario VIDOSIC","Australia"," 185"," 22"," Midfielder"," MSV Duisburg"," GER"
" BRESCIANO"," 11 Feb 1980"," BRESCIANO"," Mark"," Marco BRESCIANO","Australia"," 182"," 23"," Forward"," Palermo"," ITA"
" JULIO CESAR"," 03 Sep 1979"," SOARES DE ESPINDOLA"," Julio Cesar"," JULIO CESAR","Brazil"," 186"," 1"," Goalkeeper"," Inter"," ITA"
" MAICON"," 26 Jul 1981"," SISENANDO"," Maicon Douglas"," MAICON","Brazil"," 186"," 2"," Defender"," Inter"," ITA"
" LÚCIO"," 08 May 1978"," DA SILVA FERREIRA"," Lucimar"," LUCIO","Brazil"," 188"," 3"," Defender"," Inter"," ITA"
" JUAN"," 01 Feb 1979"," SILVEIRA DOS SANTOS"," Juan"," JUAN","Brazil"," 182"," 4"," Defender"," AS Roma"," ITA"
" FELIPE MELO"," 26 Jun 1983"," MELO DE CARVALHO"," Felipe"," FELIPE MELO","Brazil"," 183"," 5"," Midfielder"," Juventus"," ITA"
" BASTOS"," 02 Aug 1983"," FERNANDES BASTOS"," Michel M."," MICHEL BASTOS","Brazil"," 179"," 6"," Defender"," Lyon"," FRA"
" ELANO"," 14 Jun 1981"," BLUMER"," Elano"," ELANO","Brazil"," 174"," 7"," Midfielder"," Galatasaray"," TUR"
" G. SILVA"," 07 Oct 1976"," DA SILVA"," Gilberto Aparecido"," GILBERTO SILVA","Brazil"," 184"," 8"," Midfielder"," Panathinaikos"," GRE"
" L. FABIANO"," 08 Nov 1980"," CLEMENTE"," Luis Fabiano"," LUIS FABIANO","Brazil"," 186"," 9"," Forward"," Sevilla FC"," ESP"
" KAKÁ"," 22 Apr 1982"," IZECSON DOS SANTOS LEITE"," Ricardo"," KAKA","Brazil"," 186"," 10"," Midfielder"," Real Madrid"," ESP"
" ROBINHO"," 25 Jan 1984"," DE SOUZA"," Robson"," ROBINHO","Brazil"," 175"," 11"," Forward"," Santos"," BRA"
" GOMES"," 15 Feb 1981"," DA SILVA GOMES"," Heurelho"," GOMES","Brazil"," 191"," 12"," Goalkeeper"," Tottenham Hotspur"," ENG"
" ALVES"," 06 May 1983"," ALVES DA SILVA"," Daniel D."," DANI ALVES","Brazil"," 173"," 13"," Defender"," Barcelona"," ESP"
" LUISÃO"," 13 Feb 1981"," DA SILVA"," Anderson Luis"," LUISAO","Brazil"," 193"," 14"," Defender"," Benfica"," POR"
" T. SILVA"," 22 Sep 1984"," DA SILVA"," Thiago Emiliano"," THIAGO SILVA","Brazil"," 183"," 15"," Defender"," AC Milan"," ITA"
" GILBERTO"," 25 Apr 1976"," DA SILVA MELO"," Gilberto"," GILBERTO MELO","Brazil"," 180"," 16"," Defender"," Cruzeiro"," BRA"
" JOSUÉ"," 19 Jul 1979"," DE OLIVEIRA"," Josué Anunciado"," JOSUE","Brazil"," 169"," 17"," Midfielder"," Wolfsburg"," GER"
" RAMIRES"," 24 Mar 1987"," SANTOS DO NASCIMENTO"," Ramires"," RAMIRES","Brazil"," 179"," 18"," Midfielder"," Benfica"," POR"
" BAPTISTA"," 01 Oct 1981"," BAPTISTA"," Julio Cesar J."," JULIO BAPTISTA","Brazil"," 185"," 19"," Midfielder"," AS Roma"," ITA"
" KLEBERSON"," 19 Jun 1979"," PEREIRA"," José Kleberson"," KLEBERSON","Brazil"," 175"," 20"," Midfielder"," Flamengo"," BRA"
" NILMAR"," 14 Jul 1984"," HONORATO DA SILVA"," Nilmar"," NILMAR","Brazil"," 180"," 21"," Forward"," Villarreal"," ESP"
" DONI"," 22 Oct 1979"," MARANGON"," Donieber Alexander"," DONI","Brazil"," 194"," 22"," Goalkeeper"," AS Roma"," ITA"
" GRAFITE"," 02 Apr 1979"," LIBANIO BATISTA"," Edinaldo"," GRAFITE","Brazil"," 189"," 23"," Forward"," Wolfsburg"," GER"
" KAMENI"," 18 Feb 1984"," KAMENI"," Idris Carlos"," Idriss KAMENI","Cameroon"," 185"," 1"," Goalkeeper"," Espanyol"," ESP"
" ASSOU EKOTTO"," 24 Mar 1984"," ASSOU-EKOTTO"," Benoit"," Benoit ASSOU-EKOTTO","Cameroon"," 178"," 2"," Defender"," Tottenham Hotspur"," ENG"
" NKOULOU"," 27 Mar 1990"," NKOULOU NDOUBENA"," Nicolas Julio"," Nicolas NKOULOU","Cameroon"," 185"," 3"," Defender"," Monaco"," FRA"
" SONG"," 01 Jul 1976"," SONG BAHANAG"," Rigobert"," Rigobert SONG","Cameroon"," 185"," 4"," Defender"," Trabzonspor"," TUR"
" BASSONG"," 09 Jul 1986"," BASSONG NGUEMA"," Sebastien Aymer"," Sebastien BASSONG","Cameroon"," 187"," 5"," Defender"," Tottenham Hotspur"," ENG"
" A. SONG"," 09 Sep 1987"," SONG BILONG"," Alexandre Dimitri"," Alexandre SONG","Cameroon"," 183"," 6"," Midfielder"," Arsenal"," ENG"
" NGUEMO"," 28 Nov 1985"," TSAFACK NGUEMO"," Joel Landry"," Landry NGUEMO","Cameroon"," 172"," 7"," Midfielder"," Celtic"," SCO"
" NJITAP"," 20 Dec 1978"," NJITAP FOTSO"," Geremi Sorelle"," GEREMI","Cameroon"," 177"," 8"," Defender"," Ankaragucu"," TUR"
" ETO'O"," 10 Mar 1981"," ETO'O FILS"," Samuel"," Samuel ETOO","Cameroon"," 178"," 9"," Forward"," Inter"," ITA"
" EMANA"," 05 Jun 1982"," EMANA EDZIMBI"," Achille"," Achille EMANA","Cameroon"," 180"," 10"," Forward"," Betis Sevilla"," ESP"
" MAKOUN"," 29 May 1983"," MAKOUN"," Jean II"," Jean MAKOUN","Cameroon"," 170"," 11"," Midfielder"," Lyon"," FRA"
" BONG"," 25 Apr 1988"," BONG"," Thomas Gaëtan"," Gaetan BONG","Cameroon"," 183"," 12"," Defender"," Valenciennes"," FRA"
" CHOUPO - MOTING"," 23 Mar 1989"," CHOUPO MOTING"," Eric Maxim"," Eric CHOUPO MOTING","Cameroon"," 190"," 13"," Forward"," Nuremberg"," GER"
" CHEDJOU"," 20 Jun 1985"," CHEDJOU FONGANG"," Aurelien Bayard"," Aurelien CHEDJOU","Cameroon"," 185"," 14"," Defender"," Lille"," FRA"
" WEBO"," 20 Jan 1982"," WEBO KOUAMO"," Pierre Achille"," Pierre WEBO","Cameroon"," 180"," 15"," Forward"," Mallorca"," ESP"
" SOULEYMANOU"," 22 Nov 1973"," HAMIDOU"," Souleymanou"," Souleymanou HAMIDOU","Cameroon"," 187"," 16"," Goalkeeper"," Kayserispor"," TUR"
" IDRISSOU"," 08 Mar 1980"," IDRISSOU"," Mohamadou"," Mohamadou IDRISSOU","Cameroon"," 190"," 17"," Forward"," SC Freiburg"," GER"
" EYONG"," 23 Mar 1986"," TARKANG ENOH"," Eyong"," Eyong ENOH","Cameroon"," 180"," 18"," Midfielder"," Ajax"," NED"
" MBIA"," 20 May 1986"," MBIA ETOUNDI"," Stephane"," Stephane MBIA","Cameroon"," 190"," 19"," Defender"," Marseille"," FRA"
" MANDJECK"," 09 Dec 1988"," MANDJECK"," Georges Constant"," Georges MANDJECK","Cameroon"," 181"," 20"," Midfielder"," Kaiserslautern"," GER"
" MATIP"," 08 Aug 1991"," MATIP JOB"," Joel Andre"," Joel MATIP","Cameroon"," 194"," 21"," Midfielder"," Schalke 04"," GER"
" NDY ASSEMBE"," 28 Feb 1986"," NDY ASSEMBE"," Guy Roland"," Guy NDY","Cameroon"," 185"," 22"," Goalkeeper"," Valenciennes"," FRA"
" ABOUBAKAR"," 22 Jan 1992"," ABOUBAKAR"," Vincent"," Vincent ABOUBAKAR","Cameroon"," 176"," 23"," Forward"," Coton Sport"," CMR"
" BRAVO"," 13 Apr 1983"," BRAVO MUNOZ"," Claudio Andres"," Claudio BRAVO","Chile"," 183"," 1"," Goalkeeper"," Real Sociedad"," ESP"
" FUENTES"," 04 Aug 1981"," FUENTES CASTRO"," Ismael Ignacio"," Ismael FUENTES","Chile"," 181"," 2"," Defender"," Univ. Catolica"," CHI"
" PONCE"," 04 Dec 1982"," PONCE CARRIZO"," Waldo Alonso"," Waldo PONCE","Chile"," 183"," 3"," Defender"," Univ. Catolica"," CHI"
" ISLA"," 12 Jun 1988"," ISLA ISLA"," Mauricio Anibal"," Mauricio ISLA","Chile"," 177"," 4"," Defender"," Udinese"," ITA"
" CONTRERAS"," 11 Sep 1978"," CONTRERAS FICA"," Pablo Andres"," Pablo CONTRERAS","Chile"," 178"," 5"," Defender"," PAOK"," GRE"
" CARMONA"," 21 Feb 1987"," CARMONA TELLO"," Carlos Emilio"," Carlos CARMONA","Chile"," 179"," 6"," Midfielder"," Reggina"," ITA"
" SANCHEZ"," 19 Dec 1988"," SANCHEZ SANCHEZ"," Alexis Alejandro"," Alexis SANCHEZ","Chile"," 168"," 7"," Forward"," Udinese"," ITA"
" VIDAL"," 22 May 1987"," VIDAL PARDO"," Arturo Erasmo"," Arturo VIDAL","Chile"," 178"," 8"," Midfielder"," Bayer Leverkusen"," GER"
" SUAZO"," 10 May 1981"," SUAZO PONTIVO"," Humberto Andres"," Humberto SUAZO","Chile"," 171"," 9"," Forward"," Zaragoza"," ESP"
" VALDIVIA"," 19 Oct 1983"," VALDIVIA TORO"," Jorge Luis"," Jorge VALDIVIA","Chile"," 173"," 10"," Midfielder"," Al Ain"," UAE"
" GONZALEZ"," 10 Jul 1984"," GONZALEZ HOFFMANN"," Mark Dennis M."," Mark GONZALEZ","Chile"," 175"," 11"," Forward"," CSKA Moscow"," RUS"
" PINTO"," 04 Jul 1983"," PINTO JEREZ"," Miguel Angel"," Miguel PINTO","Chile"," 180"," 12"," Goalkeeper"," Univ. de Chile"," CHI"
" ESTRADA"," 28 May 1983"," ESTRADA QUINTEROS"," Marco Andres"," Marco ESTRADA","Chile"," 174"," 13"," Midfielder"," Univ. de Chile"," CHI"
" FERNANDEZ"," 15 May 1986"," FERNANDEZ FERNANDEZ"," Matias Ariel"," Matias FERNANDEZ","Chile"," 176"," 14"," Midfielder"," Sporting Lisbon"," POR"
" BEAUSEJOUR"," 01 Jun 1984"," BEAUSEJOUR COLIQUEO"," Jean Andre"," Jean BEAUSEJOUR","Chile"," 178"," 15"," Forward"," America"," MEX"
" ORELLANA"," 27 Jan 1986"," ORELLANA VALENZUELA"," Fabian Ariel"," Fabian ORELLANA","Chile"," 168"," 16"," Forward"," Xerez"," ESP"
" MEDEL"," 03 Aug 1987"," MEDEL SOTO"," Gary Alexis"," Gary MEDEL","Chile"," 171"," 17"," Defender"," Boca Juniors"," ARG"
" JARA"," 29 Aug 1985"," JARA REYES"," Gonzalo Alejandro"," Gonzalo JARA","Chile"," 177"," 18"," Defender"," West Bromwich Albion"," ENG"
" FIERRO"," 21 Mar 1983"," FIERRO CANIULLAN"," Gonzalo Antonio"," Gonzalo FIERRO","Chile"," 171"," 19"," Midfielder"," Flamengo"," BRA"
" MILLAR"," 03 Nov 1981"," MILLAR CARVAJAL"," Rodrigo Javier"," Rodrigo MILLAR","Chile"," 182"," 20"," Midfielder"," Colo Colo"," CHI"
" TELLO"," 14 Oct 1979"," TELLO VALENZUELA"," Rodrigo Alvaro"," Rodrigo TELLO","Chile"," 171"," 21"," Midfielder"," Besiktas"," TUR"
" PAREDES"," 01 Aug 1980"," PAREDES QUINTANILLA"," Esteban Efrain"," Esteban PAREDES","Chile"," 179"," 22"," Forward"," Colo Colo"," CHI"
" MARIN"," 18 May 1983"," MARIN BARAHONA"," Luis Antonio"," Luis MARIN","Chile"," 186"," 23"," Goalkeeper"," Union Espanola"," CHI"
" BARRY"," 30 Dec 1979"," BARRY"," Boubacar"," Boubacar BARRY","Côte d'Ivoire"," 180"," 1"," Goalkeeper"," Lokeren"," BEL"
" ANGOUA"," 28 Nov 1986"," ANGOUA"," Brou Benjamin"," Brou ANGOUA","Côte d'Ivoire"," 178"," 2"," Defender"," Valenciennes"," FRA"
" BOKA"," 02 Apr 1983"," BOKA"," Etienne Arthur"," Arthur BOKA","Côte d'Ivoire"," 166"," 3"," Defender"," VfB Stuttgart"," GER"
" TOURE KOLO"," 19 Mar 1981"," TOURE"," Kolo Habib"," Kolo TOURE","Côte d'Ivoire"," 183"," 4"," Defender"," Manchester City"," ENG"
" ZOKORA"," 14 Dec 1980"," ZOKORA"," Alain Didier Deguy"," Didier ZOKORA","Côte d'Ivoire"," 183"," 5"," Midfielder"," Sevilla FC"," ESP"
" GOHOURI"," 08 Feb 1981"," GOHOURI"," Lohore Steve Ulrich"," Steve GOHOURI","Côte d'Ivoire"," 187"," 6"," Defender"," Wigan"," ENG"
" DOUMBIA"," 31 Dec 1987"," DOUMBIA"," Seydou"," Seydou DOUMBIA","Côte d'Ivoire"," 183"," 7"," Forward"," Young Boys"," SUI"
" KALOU"," 05 Aug 1985"," KALOU"," Salomon Armand Magloire"," Salomon KALOU","Côte d'Ivoire"," 175"," 8"," Forward"," Chelsea"," ENG"
" TIOTE"," 21 Jun 1986"," TIOTE CHEIK"," Ismael"," Ismael TIOTE","Côte d'Ivoire"," 175"," 9"," Midfielder"," Twente Enschede"," NED"
" GERVINHO"," 27 May 1987"," YAO KOUASSI"," Gervais"," GERVINHO","Côte d'Ivoire"," 179"," 10"," Forward"," Lille"," FRA"
" DROGBA"," 11 Mar 1978"," DROGBA TEBILY"," Didier Yves"," Didier DROGBA","Côte d'Ivoire"," 180"," 11"," Forward"," Chelsea"," ENG"
" GOSSO"," 15 Mar 1983"," GOSSO"," Jean Jacques"," Jean Jacques GOSSO","Côte d'Ivoire"," 177"," 12"," Midfielder"," Monaco"," FRA"
" ROMARIC"," 04 Jun 1983"," N'DRI"," Koffi Christian Romaric"," ROMARIC","Côte d'Ivoire"," 187"," 13"," Midfielder"," Sevilla FC"," ESP"
" KONE"," 31 Dec 1986"," KONE KOUAMATIEN"," Emmanuel"," Emmanuel KONE","Côte d'Ivoire"," 177"," 14"," Midfielder"," International"," ROU"
" DINDANE"," 26 Nov 1980"," DINDANE"," Aruna"," Aruna DINDANE","Côte d'Ivoire"," 174"," 15"," Forward"," Portsmouth"," ENG"
" ZOGBO"," 30 Dec 1981"," ZOGBO"," Aristide Benoit"," Aristide ZOGBO","Côte d'Ivoire"," 183"," 16"," Goalkeeper"," Maccabi Netanya"," ISR"
" TIENE"," 22 Feb 1982"," TIENE"," Siaka"," Siaka TIENE","Côte d'Ivoire"," 176"," 17"," Defender"," Valenciennes"," FRA"
" KEITA"," 06 Aug 1981"," KEITA"," Abdul Kader"," Kader KEITA","Côte d'Ivoire"," 184"," 18"," Forward"," Lyon"," FRA"
" TOURE YAYA"," 13 May 1983"," TOURE"," Yaya Gnegneri"," Yaya TOURE","Côte d'Ivoire"," 189"," 19"," Midfielder"," Barcelona"," ESP"
" DEMEL"," 13 Jun 1981"," DEMEL"," Guy"," Guy DEMEL","Côte d'Ivoire"," 191"," 20"," Defender"," Hamburger SV"," GER"
" EBOUE"," 04 Jun 1983"," EBOUE"," Emmanuel"," Emmanuel EBOUE","Côte d'Ivoire"," 178"," 21"," Defender"," Arsenal"," ENG"
" BAMBA"," 13 Jan 1985"," BAMBA"," Souleman"," Souleymane BAMBA","Côte d'Ivoire"," 190"," 22"," Defender"," Hibernian"," SCO"
" YEBOAH"," 13 Nov 1984"," YEBOAH"," Daniel Techi"," Daniel YEBOAH","Côte d'Ivoire"," 187"," 23"," Goalkeeper"," ASEC Mimosas"," CIV"
" SØRENSEN"," 12 Jun 1976"," SORENSEN"," Thomas Løvendahl"," Thomas SORENSEN","Denmark"," 185"," 1"," Goalkeeper"," Stoke City"," ENG"
" C. POULSEN"," 28 Feb 1980"," POULSEN"," Christian Bjørnshøj"," Christian POULSEN","Denmark"," 182"," 2"," Midfielder"," Juventus"," ITA"
" KJÆR"," 26 Mar 1989"," KJAER"," Simon Thorup"," Simon KJAER","Denmark"," 191"," 3"," Defender"," Palermo"," ITA"
" AGGER"," 12 Dec 1984"," AGGER"," Daniel Munthe"," Daniel AGGER","Denmark"," 188"," 4"," Defender"," Liverpool"," ENG"
" KVIST"," 24 Feb 1985"," KVIST JØRGENSEN"," William"," William KVIST","Denmark"," 185"," 5"," Midfielder"," Copenhagen"," DEN"
" L. JACOBSEN"," 20 Sep 1979"," JACOBSEN"," Lars Christian"," Lars JACOBSEN","Denmark"," 184"," 6"," Defender"," Blackburn Rovers"," ENG"
" JENSEN"," 25 Jun 1979"," JENSEN"," Daniel Monberg"," Daniel JENSEN","Denmark"," 180"," 7"," Midfielder"," Werder Bremen"," GER"
" GRØNKJÆR"," 12 Aug 1977"," GRONKJAER"," Jesper"," Jesper GRONKJAER","Denmark"," 187"," 8"," Forward"," Copenhagen"," DEN"
" TOMASSON"," 29 Aug 1976"," TOMASSON"," Jon Dahl"," Jon Dahl TOMASSON","Denmark"," 182"," 9"," Forward"," Feyenoord"," NED"
" JØRGENSEN"," 06 Oct 1976"," JORGENSEN"," Lars Martin"," Martin JORGENSEN","Denmark"," 180"," 10"," Midfielder"," AGF Aarhus"," DEN"
" BENDTNER"," 16 Jan 1988"," BENDTNER"," Nicklas"," Nicklas BENDTNER","Denmark"," 194"," 11"," Forward"," Arsenal"," ENG"
" KAHLENBERG"," 20 Mar 1983"," KAHLENBERG"," Thomas"," Thomas KAHLENBERG","Denmark"," 185"," 12"," Midfielder"," Wolfsburg"," GER"
" KRØLDRUP"," 31 Jul 1979"," KROLDRUP"," Per Billeskov"," Per KROLDRUP","Denmark"," 194"," 13"," Defender"," Fiorentina"," ITA"
" J. POULSEN"," 07 Jul 1983"," POULSEN"," Jakob Bendix Uhd"," Jakob POULSEN","Denmark"," 185"," 14"," Midfielder"," AGF Aarhus"," DEN"
" S.B. POULSEN"," 07 Apr 1984"," BUSK POULSEN"," Simon"," Simon POULSEN","Denmark"," 187"," 15"," Defender"," AZ Alkmaar"," NED"
" ANDERSEN"," 26 Nov 1981"," ANDERSEN"," Stephan Maigaard"," Stephan ANDERSEN","Denmark"," 188"," 16"," Goalkeeper"," Brondby"," DEN"
" BECKMANN"," 24 Oct 1983"," BECKMANN"," Mikkel"," Mikkel BECKMANN","Denmark"," 178"," 17"," Forward"," Randers"," DEN"
" LARSEN"," 06 Sep 1981"," LARSEN"," Soren"," Soren LARSEN","Denmark"," 194"," 18"," Forward"," MSV Duisburg"," GER"
" ROMMEDAHL"," 22 Jul 1978"," ROMMEDAHL"," Dennis"," Dennis ROMMEDAHL","Denmark"," 178"," 19"," Forward"," Ajax"," NED"
" ENEVOLDSEN"," 27 Jul 1987"," ENEVOLDSEN"," Thomas"," Thomas ENEVOLDSEN","Denmark"," 182"," 20"," Midfielder"," Groningen"," NED"
" ERIKSEN"," 14 Feb 1992"," ERIKSEN"," Christian Dannemann"," Christian ERIKSEN","Denmark"," 181"," 21"," Midfielder"," Ajax"," NED"
" CHRISTIANSEN"," 24 Apr 1978"," RINGSBORG CHRISTIANSEN"," Jesper"," Jesper CHRISTIANSEN","Denmark"," 192"," 22"," Goalkeeper"," Copenhagen"," DEN"
" MTILIGA"," 28 Jan 1981"," MTILIGA"," Patrick Jan"," Patrick MTILIGA","Denmark"," 170"," 23"," Defender"," Malaga"," ESP"
" JAMES"," 01 Aug 1970"," JAMES"," David Benjamin"," David JAMES","England"," 196"," 1"," Goalkeeper"," Portsmouth"," ENG"
" JOHNSON"," 23 Aug 1984"," JOHNSON"," Glen"," Glen JOHNSON","England"," 178"," 2"," Defender"," Liverpool"," ENG"
" A COLE"," 20 Dec 1980"," COLE"," Ashley"," Ashley COLE","England"," 173"," 3"," Defender"," Chelsea"," ENG"
" GERRARD"," 30 May 1980"," GERRARD"," Steven George"," Steven GERRARD","England"," 185"," 4"," Midfielder"," Liverpool"," ENG"
" FERDINAND"," 07 Nov 1978"," FERDINAND"," Rio Gavin"," Rio FERDINAND","England"," 188"," 5"," Defender"," Manchester Utd."," ENG"
" TERRY"," 07 Dec 1980"," TERRY"," John George"," John TERRY","England"," 188"," 6"," Defender"," Chelsea"," ENG"
" LENNON"," 16 Apr 1987"," LENNON"," Aaron"," Aaron LENNON","England"," 165"," 7"," Midfielder"," Tottenham Hotspur"," ENG"
" LAMPARD"," 20 Jun 1978"," LAMPARD"," Frank James"," Frank LAMPARD","England"," 183"," 8"," Midfielder"," Chelsea"," ENG"
" CROUCH"," 30 Jan 1981"," CROUCH"," Peter James"," Peter CROUCH","England"," 201"," 9"," Forward"," Tottenham Hotspur"," ENG"
" ROONEY"," 24 Oct 1985"," ROONEY"," Wayne Mark"," Wayne ROONEY","England"," 178"," 10"," Forward"," Manchester Utd."," ENG"
" J COLE"," 08 Nov 1981"," COLE"," Joseph John"," Joe COLE","England"," 175"," 11"," Midfielder"," Chelsea"," ENG"
" GREEN"," 18 Jan 1980"," GREEN"," Robert Paul"," Robert GREEN","England"," 187"," 12"," Goalkeeper"," West Ham Utd."," ENG"
" WARNOCK"," 12 Dec 1981"," WARNOCK"," Stephen"," Stephen WARNOCK","England"," 175"," 13"," Defender"," Aston Villa"," ENG"
" BARRY"," 23 Feb 1981"," BARRY"," Gareth"," Gareth BARRY","England"," 180"," 14"," Midfielder"," Manchester City"," ENG"
" UPSON"," 18 Apr 1979"," UPSON"," Matthew"," Matt UPSON","England"," 185"," 15"," Defender"," West Ham Utd."," ENG"
" MILNER"," 04 Jan 1986"," MILNER"," James"," James MILNER","England"," 170"," 16"," Midfielder"," Aston Villa"," ENG"
" WRIGHT-PHILLIPS"," 25 Oct 1981"," WRIGHT-PHILLIPS"," Shaun Cameron"," Shaun WRIGHT-PHILLIPS","England"," 168"," 17"," Midfielder"," Manchester City"," ENG"
" CARRAGHER"," 28 Jan 1978"," CARRAGHER"," James Lee"," Jamie CARRAGHER","England"," 185"," 18"," Defender"," Liverpool"," ENG"
" DEFOE"," 07 Oct 1982"," DEFOE"," Jermain Colin"," Jermain DEFOE","England"," 170"," 19"," Forward"," Tottenham Hotspur"," ENG"
" KING"," 12 Oct 1980"," KING"," Ledley Brenton"," Ledley KING","England"," 188"," 20"," Defender"," Tottenham Hotspur"," ENG"
" HESKEY"," 11 Jan 1978"," HESKEY"," Emile William Ivanhoe"," Emile HESKEY","England"," 188"," 21"," Forward"," Aston Villa"," ENG"
" CARRICK"," 28 Jul 1981"," CARRICK"," Michael"," Michael CARRICK","England"," 183"," 22"," Midfielder"," Manchester Utd."," ENG"
" HART"," 19 Apr 1987"," HART"," Joe"," Joe HART","England"," 191"," 23"," Goalkeeper"," Birmingham City"," ENG"
" LLORIS"," 26 Dec 1986"," LLORIS"," Hugo"," Hugo LLORIS","France"," 188"," 1"," Goalkeeper"," Lyon"," FRA"
" SAGNA"," 14 Feb 1983"," SAGNA"," Bakari"," Bakari SAGNA","France"," 175"," 2"," Defender"," Arsenal"," ENG"
" ABIDAL"," 11 Sep 1979"," ABIDAL"," Eric Sylvain"," Eric ABIDAL","France"," 180"," 3"," Defender"," Barcelona"," ESP"
" REVEILLERE"," 10 Nov 1979"," REVEILLERE"," Anthony"," Anthony REVEILLERE","France"," 181"," 4"," Defender"," Lyon"," FRA"
" GALLAS"," 17 Aug 1977"," GALLAS"," William Eric"," William GALLAS","France"," 181"," 5"," Defender"," Arsenal"," ENG"
" PLANUS"," 07 Mar 1982"," PLANUS"," Marc"," Marc PLANUS","France"," 183"," 6"," Defender"," Bordeaux"," FRA"
" RIBERY"," 07 Apr 1983"," RIBÉRY"," Franck"," Franck RIBERY","France"," 175"," 7"," Forward"," Bayern Munich"," GER"
" GOURCUFF"," 11 Jul 1986"," GOURCUFF"," Yoann Miguel"," Yoann GOURCUFF","France"," 185"," 8"," Midfielder"," Bordeaux"," FRA"
" CISSE"," 12 Aug 1981"," CISSE"," Djibril"," Djibril CISSE","France"," 182"," 9"," Forward"," Panathinaikos"," GRE"
" GOVOU"," 27 Jul 1979"," GOVOU"," Sidney Rodrigue Noukpo"," Sidney GOVOU","France"," 175"," 10"," Forward"," Lyon"," FRA"
" GIGNAC"," 05 Dec 1985"," GIGNAC"," André Pierre"," Andre Pierre GIGNAC","France"," 187"," 11"," Forward"," Toulouse"," FRA"
" HENRY"," 17 Aug 1977"," HENRY"," Thierry Daniel"," Thierry HENRY","France"," 188"," 12"," Forward"," Barcelona"," ESP"
" EVRA"," 15 May 1981"," EVRA"," Patrice Latyr"," Patrice EVRA","France"," 171"," 13"," Defender"," Manchester Utd."," ENG"
" TOULALAN"," 10 Sep 1983"," TOULALAN"," Jeremy"," Jeremy TOULALAN","France"," 183"," 14"," Midfielder"," Lyon"," FRA"
" MALOUDA"," 13 Jun 1980"," MALOUDA"," Florent"," Florent MALOUDA","France"," 184"," 15"," Midfielder"," Chelsea"," ENG"
" MANDANDA"," 28 Mar 1985"," MANDANDA"," Steve"," Steve MANDANDA","France"," 185"," 16"," Goalkeeper"," Marseille"," FRA"
" SQUILLACI"," 11 Aug 1980"," SQUILLACI"," Sébastien"," Sebastien SQUILLACI","France"," 184"," 17"," Defender"," Sevilla FC"," ESP"
" A. DIARRA"," 15 Jul 1981"," DIARRA"," Alou"," Alou DIARRA","France"," 190"," 18"," Midfielder"," Bordeaux"," FRA"
" DIABY"," 11 May 1986"," DIABY"," Abou"," Abou DIABY","France"," 188"," 19"," Midfielder"," Arsenal"," ENG"
" VALBUENA"," 28 Sep 1984"," VALBUENA"," Mathieu"," Mathieu VALBUENA","France"," 167"," 20"," Forward"," Marseille"," FRA"
" ANELKA"," 14 Mar 1979"," ANELKA"," Nicolas Sebastien"," Nicolas ANELKA","France"," 185"," 21"," Forward"," Chelsea"," ENG"
" CLICHY"," 26 Jul 1985"," CLICHY"," Gael"," Gael CLICHY","France"," 181"," 22"," Defender"," Arsenal"," ENG"
" CARRASSO"," 30 Dec 1981"," CARRASSO"," Cedric"," Cedric CARRASSO","France"," 187"," 23"," Goalkeeper"," Bordeaux"," FRA"
" NEUER"," 27 Mar 1986"," NEUER"," Manuel"," Manuel NEUER","Germany"," 190"," 1"," Goalkeeper"," Schalke 04"," GER"
" JANSEN"," 04 Nov 1985"," JANSEN"," Marcell"," Marcell JANSEN","Germany"," 190"," 2"," Midfielder"," Hamburger SV"," GER"
" FRIEDRICH"," 29 May 1979"," FRIEDRICH"," Arne"," Arne FRIEDRICH","Germany"," 185"," 3"," Defender"," Hertha Berlin"," GER"
" AOGO"," 14 Jan 1987"," AOGO"," Dennis"," Dennis AOGO","Germany"," 184"," 4"," Defender"," Hamburger SV"," GER"
" TASCI"," 24 Apr 1987"," TASCI"," Serdar"," Serdar TASCI","Germany"," 186"," 5"," Defender"," VfB Stuttgart"," GER"
" KHEDIRA"," 04 Apr 1987"," KHEDIRA"," Sami"," Sami KHEDIRA","Germany"," 189"," 6"," Midfielder"," VfB Stuttgart"," GER"
" SCHWEINSTEIGER"," 01 Aug 1984"," SCHWEINSTEIGER"," Bastian"," Bastian SCHWEINSTEIGER","Germany"," 180"," 7"," Midfielder"," Bayern Munich"," GER"
" ÖZIL"," 15 Oct 1988"," ÖZIL"," Mesut"," Mesut OEZIL","Germany"," 182"," 8"," Midfielder"," Werder Bremen"," GER"
" KIESSLING"," 25 Jan 1984"," KIESSLING"," Stefan"," Stefan KIESSLING","Germany"," 191"," 9"," Forward"," Bayer Leverkusen"," GER"
" PODOLSKI"," 04 Jun 1985"," PODOLSKI"," Lukas Josef"," Lukas PODOLSKI","Germany"," 180"," 10"," Forward"," FC Cologne"," GER"
" KLOSE"," 09 Jun 1978"," KLOSE"," Miroslaw Josef"," Miroslav KLOSE","Germany"," 182"," 11"," Forward"," Bayern Munich"," GER"
" WIESE"," 17 Dec 1981"," WIESE"," Tim"," Tim WIESE","Germany"," 193"," 12"," Goalkeeper"," Werder Bremen"," GER"
" MÜLLER"," 13 Sep 1989"," MÜLLER"," Thomas"," Thomas MUELLER","Germany"," 186"," 13"," Midfielder"," Bayern Munich"," GER"
" BADSTUBER"," 13 Mar 1989"," BADSTUBER"," Holger"," Holger BADSTUBER","Germany"," 190"," 14"," Defender"," Bayern Munich"," GER"
" TROCHOWSKI"," 22 Mar 1984"," TROCHOWSKI"," Piotr Artur"," Piotr TROCHOWSKI","Germany"," 168"," 15"," Midfielder"," Hamburger SV"," GER"
" LAHM"," 11 Nov 1983"," LAHM"," Philipp"," Philipp LAHM","Germany"," 170"," 16"," Defender"," Bayern Munich"," GER"
" MERTESACKER"," 29 Sep 1984"," MERTESACKER"," Per"," Per MERTESACKER","Germany"," 196"," 17"," Defender"," Werder Bremen"," GER"
" KROOS"," 04 Jan 1990"," KROOS"," Toni"," Toni KROOS","Germany"," 180"," 18"," Midfielder"," Bayer Leverkusen"," GER"
" CACAU"," 27 Mar 1981"," BARRETO"," Claudemir Jeronimo"," CACAU","Germany"," 180"," 19"," Forward"," VfB Stuttgart"," GER"
" BOATENG"," 03 Sep 1988"," BOATENG"," Jerome"," Jerome BOATENG","Germany"," 192"," 20"," Defender"," Hamburger SV"," GER"
" MARIN"," 13 Mar 1989"," MARIN"," Marko"," Marko MARIN","Germany"," 169"," 21"," Midfielder"," Werder Bremen"," GER"
" BUTT"," 28 May 1974"," BUTT"," Hans Jörg"," Hans Joerg BUTT","Germany"," 191"," 22"," Goalkeeper"," Bayern Munich"," GER"
" GOMEZ"," 10 Jul 1985"," GOMEZ GARCIA"," Mario"," Mario GOMEZ","Germany"," 189"," 23"," Forward"," Bayern Munich"," GER"
" AGYEI"," 10 Nov 1989"," AGYEI"," Daniel"," Daniel AGYEI","Ghana"," 186"," 1"," Goalkeeper"," Liberty"," GHA"
" SARPEI"," 28 Jun 1976"," SARPEI"," Hans Adu"," Hans SARPEI","Ghana"," 178"," 2"," Defender"," Bayer Leverkusen"," GER"
" A. GYAN"," 22 Nov 1985"," GYAN"," Asamoah"," Asamoah GYAN","Ghana"," 186"," 3"," Forward"," Rennes"," FRA"
" PANTSIL"," 15 Jun 1981"," PANTSIL"," John"," John PANTSIL","Ghana"," 178"," 4"," Defender"," Fulham"," ENG"
" MENSAH"," 29 Nov 1982"," MENSAH"," John"," John MENSAH","Ghana"," 177"," 5"," Defender"," Sunderland"," ENG"
" ANNAN"," 21 Jul 1986"," ANNAN"," Anthony"," Anthony ANNAN","Ghana"," 171"," 6"," Midfielder"," Rosenborg"," NOR"
" INKOOM"," 01 Jun 1989"," INKOOM"," Samuel"," Samuel INKOOM","Ghana"," 179"," 7"," Defender"," Basel"," SUI"
" JONATHAN"," 13 Jul 1990"," MENSAH"," Jonathan"," Jonathan MENSAH","Ghana"," 182"," 8"," Defender"," Free State Stars"," RSA"
" D. BOATENG"," 02 May 1983"," BOATENG"," Derek Owusu"," Derek BOATENG","Ghana"," 185"," 9"," Midfielder"," Getafe"," ESP"
" S. APPIAH"," 24 Dec 1980"," APPIAH"," Stephen"," Stephen APPIAH","Ghana"," 178"," 10"," Midfielder"," Bologna"," ITA"
" MUNTARI"," 27 Aug 1984"," MUNTARI"," Sulley Ali"," Sulley MUNTARI","Ghana"," 180"," 11"," Midfielder"," Inter"," ITA"
" TAGOE"," 09 Nov 1986"," TAGOE"," Prince"," Prince TAGOE","Ghana"," 179"," 12"," Forward"," Hoffenheim"," GER"
" A. AYEW"," 17 Dec 1989"," AYEW"," Andre Morgan Rami"," Andre AYEW","Ghana"," 175"," 13"," Midfielder"," Arles"," FRA"
" AMOAH"," 24 Oct 1980"," AMOAH"," Matthew"," Matthew AMOAH","Ghana"," 175"," 14"," Forward"," NAC Breda"," NED"
" VORSAH"," 21 Jun 1988"," VORSAH"," Isaac"," Isaac VORSAH","Ghana"," 180"," 15"," Defender"," Hoffenheim"," GER"
" AHORLU"," 05 Sep 1988"," AHORLU"," Stephen"," Stephen AHORLU","Ghana"," 179"," 16"," Goalkeeper"," Heart of Lions"," GHA"
" I. AYEW"," 16 Apr 1988"," AYEW"," Ibrahim"," Ibrahim AYEW","Ghana"," 176"," 17"," Defender"," Zamalek"," EGY"
" ADIYIAH"," 29 Nov 1989"," ADIYIAH"," Dominic"," Dominic ADIYIAH","Ghana"," 170"," 18"," Forward"," AC Milan"," ITA"
" ADDY"," 26 Sep 1985"," ADDY"," Lee"," Lee ADDY","Ghana"," 178"," 19"," Defender"," Bechem Chelsea"," GHA"
" OWUSU ABEYIE"," 15 Apr 1986"," OWUSU-ABEYIE"," Quincy Jamie"," Quincy OWUSU-ABEYIE","Ghana"," 180"," 20"," Forward"," Al Sadd"," QAT"
" K. ASAMOAH"," 09 Dec 1988"," ASAMOAH"," Kwadwo"," Kwadwo ASAMOAH","Ghana"," 168"," 21"," Midfielder"," Udinese"," ITA"
" KINGSON"," 13 Jun 1978"," KINGSON"," Richard"," Richard KINGSON","Ghana"," 182"," 22"," Goalkeeper"," Wigan"," ENG"
" PRINCE"," 06 Mar 1987"," BOATENG"," Kevin Prince"," Kevin Prince BOATENG","Ghana"," 182"," 23"," Forward"," Portsmouth"," ENG"
" CHALKIAS"," 30 May 1974"," CHALKIAS"," Konstantinos"," Konstantinos CHALKIAS","Greece"," 198"," 1"," Goalkeeper"," PAOK"," GRE"
" GIOURKAS"," 04 Jun 1981"," SEITARIDIS"," Georgios"," Giourkas SEITARIDIS","Greece"," 185"," 2"," Defender"," Panathinaikos"," GRE"
" PATSA"," 19 Mar 1979"," PATSATZOGLOU"," Christos"," Christos PATSATZOGLOU","Greece"," 183"," 3"," Defender"," Omonia"," CYP"
" SPYROPOULOS"," 10 Oct 1983"," SPYROPOULOS"," Nikolaos"," Nikos SPIROPOULOS","Greece"," 171"," 4"," Defender"," Panathinaikos"," GRE"
" MORAS"," 26 Aug 1981"," MORAS"," Evangelos"," Vangelis MORAS","Greece"," 193"," 5"," Defender"," Bologna"," ITA"
" TZIOLIS"," 13 Feb 1985"," TZIOLIS"," Alexandros"," Alexandros TZIOLIS","Greece"," 190"," 6"," Midfielder"," Siena"," ITA"
" SAMARAS"," 21 Feb 1985"," SAMARAS"," Georgios"," Georgios SAMARAS","Greece"," 192"," 7"," Forward"," Celtic"," SCO"
" PAPADOPOULOS"," 03 Dec 1984"," PAPADOPOULOS"," Avraam"," Avraam PAPADOPOULOS","Greece"," 186"," 8"," Defender"," Olympiacos"," GRE"
" CHARISTEAS"," 09 Feb 1980"," CHARISTEAS"," Angelos"," Angelos CHARISTEAS","Greece"," 191"," 9"," Forward"," Nuremberg"," GER"
" KARAGOUNIS"," 06 Mar 1977"," KARAGKOUNIS"," Georgios"," Georgios KARAGOUNIS","Greece"," 176"," 10"," Midfielder"," Panathinaikos"," GRE"
" VYNTRA"," 05 Feb 1981"," VYNTRA"," Loukas"," Loukas VYNTRA","Greece"," 184"," 11"," Defender"," Panathinaikos"," GRE"
" TZORVAS"," 12 Aug 1982"," TZORVAS"," Alexandros"," Alexandros TZORVAS","Greece"," 190"," 12"," Goalkeeper"," Panathinaikos"," GRE"
" SIFAKIS"," 09 Sep 1984"," SIFAKIS"," Michail"," Michail SIFAKIS","Greece"," 186"," 13"," Goalkeeper"," Aris Thessaloniki"," GRE"
" SALPINGIDIS"," 18 Aug 1981"," SALPINGIDIS"," Dimitrios"," Dimitrios SALPINGIDIS","Greece"," 171"," 14"," Forward"," Panathinaikos"," GRE"
" TOROSIDIS"," 10 Jun 1985"," TOROSIDIS"," Vasileios"," Vasileios TOROSIDIS","Greece"," 185"," 15"," Defender"," Olympiacos"," GRE"
" KYRGIAKOS"," 23 Jul 1979"," KYRGIAKOS"," Sotirios"," Sotirios KYRGIAKOS","Greece"," 192"," 16"," Defender"," Liverpool"," ENG"
" GEKAS"," 23 May 1980"," GKEKAS"," Theofanis"," Theofanis GEKAS","Greece"," 179"," 17"," Forward"," Hertha Berlin"," GER"
" NINIS"," 03 Apr 1990"," NINIS"," Sotiris"," Sotiris NINIS","Greece"," 173"," 18"," Midfielder"," Panathinaikos"," GRE"
" SOKRATIS"," 09 Jun 1988"," PAPASTATHOPOULOS"," Sokratis"," Sokratis PAPASTATHOPOULOS","Greece"," 186"," 19"," Defender"," Genoa"," ITA"
" KAPETANOS"," 08 Jun 1983"," KAPETANOS"," Pantelis"," Pantelis KAPETANOS","Greece"," 190"," 20"," Forward"," Steaua"," ROU"
" KATSOURANIS"," 21 Jun 1979"," KATSOURANIS"," Konstantinos"," Konstantinos KATSOURANIS","Greece"," 183"," 21"," Midfielder"," Panathinaikos"," GRE"
" MALEZAS"," 11 Mar 1985"," MALEZAS"," Stylianos"," Stelios MALEZAS","Greece"," 192"," 22"," Defender"," PAOK"," GRE"
" PRITTAS"," 09 Jan 1979"," PRITTAS"," Athanasios"," Athanasios PRITTAS","Greece"," 185"," 23"," Midfielder"," Aris Thessaloniki"," GRE"
" CANALES"," 30 May 1982"," CANALES LANZA"," Ricardo Gabriel"," Ricardo CANALES","Honduras"," 180"," 1"," Goalkeeper"," Motagua"," HON"
" CHAVEZ"," 29 Jul 1984"," CHAVEZ GUITY"," Osman Danilo"," Osman CHAVEZ","Honduras"," 187"," 2"," Defender"," Platense"," HON"
" FIGUEROA"," 02 May 1983"," FIGUEROA ROCHEZ"," Maynor Alexis"," Maynor FIGUEROA","Honduras"," 182"," 3"," Defender"," Wigan"," ENG"
" J. PALACIOS"," 20 Dec 1986"," PALACIOS CACHO"," Jhony Eulogio"," Jhony PALACIOS","Honduras"," 182"," 4"," Defender"," Olimpia Tegucigalpa"," HON"
" BERNARDEZ"," 24 May 1982"," BERNARDEZ BLANCO"," Victor Salvador"," Victor BERNARDEZ","Honduras"," 187"," 5"," Defender"," Anderlecht"," BEL"
" THOMAS"," 23 Feb 1985"," THOMAS SUAZO"," Hendry Bernardo"," Hendry THOMAS","Honduras"," 180"," 6"," Midfielder"," Wigan"," ENG"
" NUÑEZ"," 14 Nov 1985"," NUNEZ"," Ramon Fernando"," Ramon NUNEZ","Honduras"," 169"," 7"," Midfielder"," Olimpia Tegucigalpa"," HON"
" W. PALACIOS"," 29 Jul 1984"," PALACIOS SUAZO"," Wilson Roberto"," Wilson PALACIOS","Honduras"," 176"," 8"," Midfielder"," Tottenham Hotspur"," ENG"
" PAVON"," 09 Oct 1973"," PLUMMER PAVON"," Carlos Alberto"," Carlos PAVON","Honduras"," 180"," 9"," Forward"," Real Espana"," HON"
" LEON"," 13 Sep 1979"," DE LEON DAILEY"," Julio Cesar"," Julio Cesar DE LEON","Honduras"," 170"," 10"," Midfielder"," Torino"," ITA"
" SUAZO"," 05 Nov 1979"," SUAZO VELASQUEZ"," Oscar David"," David SUAZO","Honduras"," 183"," 11"," Forward"," Genoa"," ITA"
" WELCOME"," 09 Mar 1985"," WELCOME COLLINS"," George Wilson"," George WELCOME","Honduras"," 192"," 12"," Forward"," Motagua"," HON"
" ESPINOZA"," 25 Oct 1986"," ESPINOZA RAMIREZ"," Roger Anibal"," Roger ESPINOZA","Honduras"," 178"," 13"," Forward"," Kansas City Wizards"," USA"
" GARCIA"," 04 Sep 1984"," GARCIA RAMIREZ"," Oscar Boniek"," Oscar GARCIA","Honduras"," 176"," 14"," Defender"," Olimpia Tegucigalpa"," HON"
" MARTINEZ"," 24 Mar 1982"," MARTINEZ RAMOS"," Walter Julian"," Walter MARTINEZ","Honduras"," 166"," 15"," Forward"," Marathon"," HON"
" SABILLON"," 11 Nov 1978"," SABILLON PEÑA"," Mauricio Alberto"," Mauricio SABILLON","Honduras"," 180"," 16"," Defender"," Hangzhou Greentown"," CHN"
" ALVAREZ"," 18 Jan 1980"," ALVAREZ REYES"," Edgar Anthony"," Edgar ALVAREZ","Honduras"," 170"," 17"," Midfielder"," Bari"," ITA"
" VALLADARES"," 03 May 1977"," VALLADARES BONILLA"," Noel Eduardo"," Noel VALLADARES","Honduras"," 179"," 18"," Goalkeeper"," Olimpia Tegucigalpa"," HON"
" TURCIOS"," 08 May 1978"," TURCIOS FUNEZ"," Elvis Danilo"," Danilo TURCIOS","Honduras"," 166"," 19"," Midfielder"," Olimpia Tegucigalpa"," HON"
" GUEVARRA"," 02 May 1976"," GUEVARA"," Amado"," Amado GUEVARA","Honduras"," 176"," 20"," Midfielder"," Motagua"," HON"
" IZAGUIRRE"," 10 May 1986"," IZAGUIRRE GIRON"," Emilio Arturo"," Emilio IZAGUIRRE","Honduras"," 178"," 21"," Defender"," Motagua"," HON"
" ESCOBER"," 03 Feb 1981"," ESCOBER IZAGUIRRE"," Donis Salatiel"," Donis ESCOBER","Honduras"," 180"," 22"," Goalkeeper"," Olimpia Tegucigalpa"," HON"
" MENDOZA"," 23 May 1981"," MENDOZA ESCOBAR"," Sergio Giovany"," Sergio MENDOZA","Honduras"," 177"," 23"," Defender"," Motagua"," HON"
" BUFFON"," 28 Jan 1978"," BUFFON"," Gianluigi"," Gianluigi BUFFON","Italy"," 190"," 1"," Goalkeeper"," Juventus"," ITA"
" MAGGIO"," 11 Feb 1982"," MAGGIO"," Christian"," Christian MAGGIO","Italy"," 184"," 2"," Defender"," Napoli"," ITA"
" CRISCITO"," 30 Dec 1986"," CRISCITO"," Domenico"," Domenico CRISCITO","Italy"," 175"," 3"," Defender"," Genoa"," ITA"
" CHIELLINI"," 14 Aug 1984"," CHIELLINI"," Giorgio"," Giorgio CHIELLINI","Italy"," 192"," 4"," Defender"," Juventus"," ITA"
" CANNAVARO"," 13 Sep 1973"," CANNAVARO"," Fabio"," Fabio CANNAVARO","Italy"," 175"," 5"," Defender"," Juventus"," ITA"
" DE ROSSI"," 24 Jul 1983"," DE ROSSI"," Daniele"," Daniele DE ROSSI","Italy"," 182"," 6"," Midfielder"," AS Roma"," ITA"
" PEPE"," 30 Aug 1983"," PEPE"," Simone"," Simone PEPE","Italy"," 179"," 7"," Midfielder"," Udinese"," ITA"
" GATTUSO"," 09 Jan 1978"," GATTUSO"," Gennaro Ivan"," Gennaro GATTUSO","Italy"," 177"," 8"," Midfielder"," AC Milan"," ITA"
" IAQUINTA"," 21 Nov 1979"," IAQUINTA"," Vincenzo"," Vincenzo IAQUINTA","Italy"," 186"," 9"," Forward"," Juventus"," ITA"
" DI NATALE"," 13 Oct 1977"," DI NATALE"," Antonio"," Antonio DI NATALE","Italy"," 170"," 10"," Forward"," Udinese"," ITA"
" GILARDINO"," 05 Jul 1982"," GILARDINO"," Alberto"," Alberto GILARDINO","Italy"," 184"," 11"," Forward"," Fiorentina"," ITA"
" MARCHETTI"," 07 Feb 1983"," MARCHETTI"," Federico"," Federico MARCHETTI","Italy"," 188"," 12"," Goalkeeper"," Cagliari"," ITA"
" BOCCHETTI"," 30 Nov 1986"," BOCCHETTI"," Salvatore"," Salvatore BOCCHETTI","Italy"," 178"," 13"," Defender"," Genoa"," ITA"
" DE SANCTIS"," 26 Mar 1977"," DE SANCTIS"," Morgan"," Morgan DE SANCTIS","Italy"," 190"," 14"," Goalkeeper"," Napoli"," ITA"
" MARCHISIO"," 19 Jan 1986"," MARCHISIO"," Claudio"," Claudio MARCHISIO","Italy"," 179"," 15"," Midfielder"," Juventus"," ITA"
" CAMORANESI"," 04 Oct 1976"," CAMORANESI"," Mauro German"," Mauro CAMORANESI","Italy"," 174"," 16"," Midfielder"," Juventus"," ITA"
" PALOMBO"," 25 Sep 1981"," PALOMBO"," Angelo"," Angelo PALOMBO","Italy"," 177"," 17"," Midfielder"," Sampdoria"," ITA"
" QUAGLIARELLA"," 31 Jan 1983"," QUAGLIARELLA"," Fabio"," Fabio QUAGLIARELLA","Italy"," 180"," 18"," Forward"," Napoli"," ITA"
" ZAMBROTTA"," 19 Feb 1977"," ZAMBROTTA"," Gianluca"," Gianluca ZAMBROTTA","Italy"," 181"," 19"," Defender"," AC Milan"," ITA"
" PAZZINI"," 02 Aug 1984"," PAZZINI"," Giampaolo"," Giampaolo PAZZINI","Italy"," 180"," 20"," Forward"," Sampdoria"," ITA"
" PIRLO"," 19 May 1979"," PIRLO"," Andrea"," Andrea PIRLO","Italy"," 177"," 21"," Midfielder"," AC Milan"," ITA"
" MONTOLIVO"," 18 Jan 1985"," MONTOLIVO"," Riccardo"," Riccardo MONTOLIVO","Italy"," 181"," 22"," Midfielder"," Fiorentina"," ITA"
" BONUCCI"," 01 May 1987"," BONUCCI"," Leonardo"," Leonardo BONUCCI","Italy"," 190"," 23"," Defender"," Bari"," ITA"
" NARAZAKI"," 15 Apr 1976"," NARAZAKI"," Seigo"," Seigo NARAZAKI","Japan"," 187"," 1"," Goalkeeper"," Nagoya Grampus Eight"," JPN"
" ABE"," 06 Sep 1981"," ABE"," Yuki"," Yuki ABE","Japan"," 177"," 2"," Midfielder"," Urawa Reds"," JPN"
" KOMANO"," 25 Jul 1981"," KOMANO"," Yuichi"," Yuichi KOMANO","Japan"," 172"," 3"," Defender"," Jubilo Iwata"," JPN"
" TULIO"," 24 Apr 1981"," TANAKA"," Marcus Tulio Lyuji Murzani"," Marcus Tulio TANAKA","Japan"," 185"," 4"," Defender"," Nagoya Grampus Eight"," JPN"
" NAGATOMO"," 12 Sep 1986"," NAGATOMO"," Yuto"," Yuto NAGATOMO","Japan"," 170"," 5"," Defender"," FC Tokyo"," JPN"
" UCHIDA"," 27 Mar 1988"," UCHIDA"," Atsuto"," Atsuto UCHIDA","Japan"," 176"," 6"," Defender"," Kashima Antlers"," JPN"
" ENDO"," 28 Jan 1980"," ENDO"," Yasuhito"," Yasuhito ENDO","Japan"," 178"," 7"," Midfielder"," Gamba Osaka"," JPN"
" MATSUI"," 11 May 1981"," MATSUI"," Daisuke"," Daisuke MATSUI","Japan"," 175"," 8"," Midfielder"," Grenoble"," FRA"
" OKAZAKI"," 16 Apr 1986"," OKAZAKI"," Shinji"," Shinji OKAZAKI","Japan"," 174"," 9"," Forward"," Shimizu S-Pulse"," JPN"
" NAKAMURA"," 24 Jun 1978"," NAKAMURA"," Shunsuke"," Shunsuke NAKAMURA","Japan"," 178"," 10"," Midfielder"," Yokohama F Marinos"," JPN"
" TAMADA"," 11 Apr 1980"," TAMADA"," Keiji"," Keiji TAMADA","Japan"," 173"," 11"," Forward"," Nagoya Grampus Eight"," JPN"
" YANO"," 05 Apr 1984"," YANO"," Kisho"," Kisho YANO","Japan"," 185"," 12"," Forward"," Albirex Niigata"," JPN"
" IWAMASA"," 30 Jan 1982"," IWAMASA"," Daiki"," Daiki IWAMASA","Japan"," 187"," 13"," Defender"," Kashima Antlers"," JPN"
" NAKAMURA"," 31 Oct 1980"," NAKAMURA"," Kengo"," Kengo NAKAMURA","Japan"," 175"," 14"," Midfielder"," Kawasaki Frontale"," JPN"
" KONNO"," 25 Jan 1983"," KONNO"," Yasuyuki"," Yasuyuki KONNO","Japan"," 178"," 15"," Defender"," FC Tokyo"," JPN"
" OKUBO"," 09 Jun 1982"," OKUBO"," Yoshito"," Yoshito OKUBO","Japan"," 170"," 16"," Forward"," Vissel Kobe"," JPN"
" HASEBE"," 18 Jan 1984"," HASEBE"," Makoto"," Makoto HASEBE","Japan"," 177"," 17"," Midfielder"," Wolfsburg"," GER"
" HONDA"," 13 Jun 1986"," HONDA"," Keisuke"," Keisuke HONDA","Japan"," 182"," 18"," Midfielder"," CSKA Moscow"," RUS"
" MORIMOTO"," 07 May 1988"," MORIMOTO"," Takayuki"," Takayuki MORIMOTO","Japan"," 180"," 19"," Forward"," Catania"," ITA"
" INAMOTO"," 18 Sep 1979"," INAMOTO"," Junichi"," Junichi INAMOTO","Japan"," 181"," 20"," Midfielder"," Kawasaki Frontale"," JPN"
" KAWASHIMA"," 20 Mar 1983"," KAWASHIMA"," Eiji"," Eiji KAWASHIMA","Japan"," 185"," 21"," Goalkeeper"," Kawasaki Frontale"," JPN"
" NAKAZAWA"," 25 Feb 1978"," NAKAZAWA"," Yuji"," Yuji NAKAZAWA","Japan"," 187"," 22"," Defender"," Yokohama F Marinos"," JPN"
" KAWAGUCHI"," 15 Aug 1975"," KAWAGUCHI"," Yoshikatsu"," Yoshikatsu KAWAGUCHI","Japan"," 180"," 23"," Goalkeeper"," Jubilo Iwata"," JPN"
" R. MYONG GUK"," 09 Sep 1986"," RI"," Myong Guk"," RI Myong Guk","Korea DPR"," 187"," 1"," Goalkeeper"," Pyongyang City"," PRK"
" C. JONG HYOK"," 25 Sep 1985"," CHA"," Jong Hyok"," CHA Jong Hyok","Korea DPR"," 178"," 2"," Defender"," Amrokgang"," PRK"
" R. JUN IL"," 24 Aug 1987"," RI"," Jun Il"," RI Jun Il","Korea DPR"," 178"," 3"," Defender"," Sobaeksu"," PRK"
" P. NAM CHOL"," 02 Jul 1985"," PAK"," Nam Chol"," PAK Nam Chol","Korea DPR"," 172"," 4"," Midfielder"," April 25"," PRK"
" R. KWANG CHON"," 04 Sep 1985"," RI"," Kwang Chon"," RI Kwang Chon","Korea DPR"," 183"," 5"," Defender"," April 25"," PRK"
" K. KUM IL"," 10 Oct 1987"," KIM"," Kum Il"," KIM Kum Il","Korea DPR"," 170"," 6"," Midfielder"," April 25"," PRK"
" A. CHOL HYOK"," 27 Jun 1987"," AN"," Chol Hyok"," AN Chol Hyok","Korea DPR"," 178"," 7"," Forward"," Rimyongsu"," PRK"
" J. YUN NAM"," 20 Nov 1976"," JI"," Yun Nam"," JI Yun Nam","Korea DPR"," 172"," 8"," Defender"," April 25"," PRK"
" J. TAE SE"," 02 Mar 1984"," JONG"," Tae Se"," JONG Tae Se","Korea DPR"," 181"," 9"," Defender"," Kawasaki Frontale"," JPN"
" H. YONG JO"," 22 May 1982"," HONG"," Yong Jo"," HONG Yong Jo","Korea DPR"," 174"," 10"," Forward"," FK Rostov"," RUS"
" M. IN GUK"," 29 Sep 1978"," MUN"," In Guk"," MUN In Guk","Korea DPR"," 167"," 11"," Midfielder"," April 25"," PRK"
" C. KUM CHOL"," 09 Feb 1987"," CHOE"," Kum Chol"," CHOE Kum Chol","Korea DPR"," 178"," 12"," Forward"," April 25"," PRK"
" P. CHOL JIN"," 05 Sep 1985"," PAK"," Chol Jin"," PAK Chol Jin","Korea DPR"," 184"," 13"," Defender"," Amrokgang"," PRK"
" P. NAM CHOL"," 03 Oct 1988"," PAK"," Nam Chol"," PAK Nam Chol","Korea DPR"," 183"," 14"," Defender"," Amrokgang"," PRK"
" K. YONG JUN"," 19 Jul 1983"," KIM"," Yong Jun"," KIM Yong Jun","Korea DPR"," 182"," 15"," Midfielder"," Pyongyang City"," PRK"
" N. SONG CHOL"," 07 May 1982"," NAM"," Song Chol"," NAM Song Chol","Korea DPR"," 178"," 16"," Defender"," April 25"," PRK"
" A. YONG HAK"," 25 Oct 1978"," AN"," Yong Hak"," AN Yong Hak","Korea DPR"," 182"," 17"," Midfielder"," Omiya Ardija"," JPN"
" K. MYONG GIL"," 16 Oct 1984"," KIM"," Myong Gil"," KIM Myong Gil","Korea DPR"," 181"," 18"," Goalkeeper"," Amrokgang"," PRK"
" R. CHOL MYONG"," 18 Feb 1988"," RI"," Chol Myong"," RI Chol Myong","Korea DPR"," 173"," 19"," Midfielder"," Pyongyang City"," PRK"
" K. MYONG WON"," 15 Jul 1983"," KIM"," Myong Won"," KIM Myong Won","Korea DPR"," 180"," 20"," Goalkeeper"," Amrokgang"," PRK"
" R. KWANG HYOK"," 17 Aug 1987"," RI"," Kwang Hyok"," RI Kwang Hyok","Korea DPR"," 178"," 21"," Defender"," Kyonggongop"," PRK"
" K. KYONG IL"," 11 Dec 1988"," KIM"," Kyong Il"," KIM Kyong Il","Korea DPR"," 174"," 22"," Midfielder"," Rimyongsu"," PRK"
" P. SUNG HYOK"," 30 May 1990"," PAK"," Sung Hyok"," PAK Sung Hyok","Korea DPR"," 175"," 23"," Midfielder"," Sobaeksu"," PRK"
" WOONJAE"," 26 Apr 1973"," LEE"," Woon Jae"," LEE Woon Jae","Korea Republic"," 182"," 1"," Goalkeeper"," Suwon Bluewings"," KOR"
" BEOMSEOK"," 29 Jul 1984"," OH"," Beom Seok"," OH Beom Seok","Korea Republic"," 181"," 2"," Defender"," Ulsan Hyundai"," KOR"
" HYUNGIL"," 27 Apr 1984"," KIM"," Hyung Il"," KIM Hyung Il","Korea Republic"," 187"," 3"," Defender"," Pohang Steelers"," KOR"
" YONGHYUNG"," 03 Nov 1983"," CHO"," Yong Hyung"," CHO Yong Hyung","Korea Republic"," 182"," 4"," Defender"," Jeju Utd."," KOR"
" NAMIL"," 14 Mar 1977"," KIM"," Nam Il"," KIM Nam Il","Korea Republic"," 180"," 5"," Midfielder"," Tom Tomsk"," RUS"
" BOKYUNG"," 06 Oct 1989"," KIM"," Bo Kyung"," KIM Bo Kyung","Korea Republic"," 178"," 6"," Midfielder"," Oita Trinita"," JPN"
" JISUNG"," 25 Feb 1981"," PARK"," Ji Sung"," PARK Ji Sung","Korea Republic"," 178"," 7"," Midfielder"," Manchester Utd."," ENG"
" JUNGWOO"," 09 May 1982"," KIM"," Jung Woo"," KIM Jung Woo","Korea Republic"," 183"," 8"," Midfielder"," Gwangju Sangmu"," KOR"
" JUNGHWAN"," 27 Jan 1976"," AHN"," Jung Hwan"," AHN Jung Hwan","Korea Republic"," 177"," 9"," Forward"," Dalian Shide"," CHN"
" CHUYOUNG"," 10 Jul 1985"," PARK"," Chu Young"," PARK Chu Young","Korea Republic"," 183"," 10"," Forward"," Monaco"," FRA"
" SEUNGYEOUL"," 06 Mar 1989"," LEE"," Seung Yeoul"," LEE Seung Yeoul","Korea Republic"," 183"," 11"," Forward"," FC Seoul"," KOR"
" YOUNGPYO"," 23 Apr 1977"," LEE"," Young Pyo"," LEE Young Pyo","Korea Republic"," 177"," 12"," Defender"," Al Hilal"," KSA"
" JAESUNG"," 03 Oct 1983"," KIM"," Jae Sung"," KIM Jae Sung","Korea Republic"," 180"," 13"," Midfielder"," Pohang Steelers"," KOR"
" JUNGSOO"," 08 Jan 1980"," LEE"," Jung Soo"," LEE Jung Soo","Korea Republic"," 185"," 14"," Defender"," Kashima Antlers"," JPN"
" DONGJIN"," 29 Jan 1982"," KIM"," Dong Jin"," KIM Dong Jin","Korea Republic"," 184"," 15"," Defender"," Ulsan Hyundai"," KOR"
" SUNGYUENG"," 24 Jan 1989"," KI"," Sung Yueng"," KI Sung Yueng","Korea Republic"," 187"," 16"," Midfielder"," Celtic"," SCO"
" CHUNGYONG"," 02 Jul 1988"," LEE"," Chung Yong"," LEE Chung Yong","Korea Republic"," 180"," 17"," Midfielder"," Bolton Wanderers"," ENG"
" SUNGRYONG"," 04 Jan 1985"," JUNG"," Sung Ryong"," JUNG Sung Ryong","Korea Republic"," 190"," 18"," Goalkeeper"," Seongnam Ilhwa Chunma"," KOR"
" KIHUN"," 30 Mar 1983"," YEOM"," Ki Hun"," YEOM Ki Hun","Korea Republic"," 182"," 19"," Midfielder"," Suwon Bluewings"," KOR"
" DONGGOOK"," 29 Apr 1979"," LEE"," Dong Gook"," LEE Dong Gook","Korea Republic"," 187"," 20"," Forward"," Jeonbuk Motors"," KOR"
" YOUNGKWANG"," 28 Jun 1983"," KIM"," Young Kwang"," KIM Young Kwang","Korea Republic"," 184"," 21"," Goalkeeper"," Ulsan Hyundai"," KOR"
" DURI"," 25 Jul 1980"," CHA"," Du Ri"," CHA Du Ri","Korea Republic"," 181"," 22"," Defender"," SC Freiburg"," GER"
" MINSOO"," 14 Feb 1986"," KANG"," Min Soo"," KANG Min Soo","Korea Republic"," 186"," 23"," Defender"," Suwon Bluewings"," KOR"
" O PEREZ"," 01 Feb 1973"," PEREZ ROJAS"," Oscar"," Oscar PEREZ","Mexico"," 174"," 1"," Goalkeeper"," Jaguares"," MEX"
" F RODRIGUEZ"," 20 Oct 1981"," RODRIGUEZ PINEDO"," Francisco Javier"," Francisco RODRIGUEZ","Mexico"," 191"," 2"," Defender"," PSV Eindhoven"," NED"
" C SALCIDO"," 02 Apr 1980"," SALCIDO FLORES"," Carlos Arnoldo"," Carlos SALCIDO","Mexico"," 176"," 3"," Defender"," PSV Eindhoven"," NED"
" R MARQUEZ"," 13 Feb 1979"," MÁRQUEZ ALVAREZ"," Rafael"," Rafael MARQUEZ","Mexico"," 182"," 4"," Defender"," Barcelona"," ESP"
" R OSORIO"," 30 Mar 1980"," OSORIO MENDOZA"," Ricardo"," Ricardo OSORIO","Mexico"," 173"," 5"," Defender"," VfB Stuttgart"," GER"
" G TORRADO"," 30 Apr 1979"," TORRADO DIEZ DE BONILLA"," Gerardo"," Gerardo TORRADO","Mexico"," 174"," 6"," Midfielder"," Cruz Azul"," MEX"
" P BARRERA"," 21 Jun 1987"," BARRERA ACOSTA"," Pablo Edson"," Pablo BARRERA","Mexico"," 172"," 7"," Forward"," Pumas UNAM"," MEX"
" I CASTRO"," 20 Dec 1980"," CASTRO MARCIAS"," Israel"," Israel CASTRO","Mexico"," 175"," 8"," Midfielder"," Pumas UNAM"," MEX"
" G FRANCO"," 03 Nov 1976"," FRANCO FARQUARSON"," Guillermo Luis"," Guillermo FRANCO","Mexico"," 182"," 9"," Forward"," West Ham Utd."," ENG"
" C BLANCO"," 17 Jan 1973"," BLANCO BRAVO"," Cuauhtemoc"," Cuauhtemoc BLANCO","Mexico"," 177"," 10"," Forward"," Veracruz"," MEX"
" C VELA"," 01 Mar 1989"," VELA GARRIDO"," Carlos Alberto"," Carlos VELA","Mexico"," 179"," 11"," Forward"," Arsenal"," ENG"
" P AGUILAR"," 06 Mar 1986"," AGUILAR ROJAS"," Paul Nicolas"," Paul AGUILAR","Mexico"," 178"," 12"," Defender"," Pachuca"," MEX"
" G OCHOA"," 13 Jul 1985"," OCHOA MAGAÑA"," Francisco Guillermo"," Guillermo OCHOA","Mexico"," 183"," 13"," Goalkeeper"," America"," MEX"
" J HERNANDEZ"," 01 Jun 1988"," HERNANDEZ BALCAZAR"," Javier"," Javier HERNANDEZ","Mexico"," 175"," 14"," Forward"," Chivas"," MEX"
" H MORENO"," 17 Jan 1988"," MORENO HERRERA"," Hector Alfredo"," Hector MORENO","Mexico"," 184"," 15"," Defender"," AZ Alkmaar"," NED"
" E JUAREZ"," 22 Feb 1988"," JUAREZ VALDEZ"," Efrain"," Efrain JUAREZ","Mexico"," 175"," 16"," Defender"," Pumas UNAM"," MEX"
" G DOS SANTOS"," 11 May 1989"," DOS SANTOS RAMIREZ"," Giovani"," Giovani DOS SANTOS","Mexico"," 175"," 17"," Forward"," Galatasaray"," TUR"
" A GUARDADO"," 28 Sep 1986"," GUARDADO HERNANDEZ"," José Andrés"," Andres GUARDADO","Mexico"," 169"," 18"," Midfielder"," Deportivo La Coruna"," ESP"
" J MAGALLON"," 21 Nov 1981"," MAGALLON OLIVA"," Jose Jonny"," Jonny MAGALLON","Mexico"," 178"," 19"," Defender"," Chivas"," MEX"
" J TORRES"," 16 Jan 1988"," TORRES NILO"," Jorge Emmanuel"," Jorge TORRES","Mexico"," 182"," 20"," Midfielder"," Atlas"," MEX"
" A BAUTISTA"," 15 May 1979"," BAUTISTA HERRERA"," Adolfo"," Adolfo BAUTISTA","Mexico"," 185"," 21"," Forward"," Chivas"," MEX"
" A MEDINA"," 29 May 1983"," MEDINA BRISENO"," Alberto"," Alberto MEDINA","Mexico"," 172"," 22"," Forward"," Chivas"," MEX"
" L MICHEL"," 21 Jul 1979"," MICHEL VERGARA"," Luis Ernesto"," Luis MICHEL","Mexico"," 183"," 23"," Goalkeeper"," Chivas"," MEX"
" STEKELENBURG"," 22 Sep 1982"," STEKELENBURG"," Maarten"," Maarten STEKELENBURG","Netherlands"," 197"," 1"," Goalkeeper"," Ajax"," NED"
" VAN DER WIEL"," 03 Feb 1988"," VAN DER WIEL"," Gregory Kurtley"," Gregory VAN DER WIEL","Netherlands"," 180"," 2"," Defender"," Ajax"," NED"
" HEITINGA"," 15 Nov 1983"," HEITINGA"," John Gijsbert Alan"," John HEITINGA","Netherlands"," 182"," 3"," Defender"," Everton"," ENG"
" MATHIJSEN"," 05 Apr 1980"," MATHIJSEN"," Joris"," Joris MATHIJSEN","Netherlands"," 182"," 4"," Defender"," Hamburger SV"," GER"
" V. BRONCKHORST"," 05 Feb 1975"," VAN BRONCKHORST"," Giovanni Christiaan"," Giovanni VAN BRONCKHORST","Netherlands"," 176"," 5"," Defender"," Feyenoord"," NED"
" V. BOMMEL"," 22 Apr 1977"," VAN BOMMEL"," Mark Peter Gertruda Andreas"," Mark VAN BOMMEL","Netherlands"," 187"," 6"," Midfielder"," Bayern Munich"," GER"
" KUYT"," 22 Jul 1980"," KUIJT"," Dirk"," Dirk KUYT","Netherlands"," 183"," 7"," Forward"," Liverpool"," ENG"
" DE JONG"," 30 Nov 1984"," DE JONG"," Nigel"," Nigel DE JONG","Netherlands"," 174"," 8"," Midfielder"," Manchester City"," ENG"
" V. PERSIE"," 06 Aug 1983"," VAN PERSIE"," Robin"," Robin VAN PERSIE","Netherlands"," 184"," 9"," Forward"," Arsenal"," ENG"
" SNEIJDER"," 09 Jun 1984"," SNEIJDER"," Wesley"," Wesley SNEIJDER","Netherlands"," 170"," 10"," Midfielder"," Inter"," ITA"
" ROBBEN"," 23 Jan 1984"," ROBBEN"," Arjen"," Arjen ROBBEN","Netherlands"," 180"," 11"," Forward"," Bayern Munich"," GER"
" BOULAHROUZ"," 28 Dec 1981"," BOULAHROUZ"," Khalid"," Khalid BOULAHROUZ","Netherlands"," 184"," 12"," Defender"," VfB Stuttgart"," GER"
" OOIJER"," 11 Jul 1974"," OOIJER"," Andre Antonius Maria"," Andre OOIJER","Netherlands"," 184"," 13"," Defender"," PSV Eindhoven"," NED"
" DE ZEEUW"," 26 May 1983"," DE ZEEUW"," Demy Patrick René"," Demy DE ZEEUW","Netherlands"," 174"," 14"," Midfielder"," Ajax"," NED"
" BRAAFHEID"," 08 Apr 1983"," BRAAFHEID"," Edson René"," Edson BRAAFHEID","Netherlands"," 174"," 15"," Defender"," Celtic"," SCO"
" VORM"," 20 Oct 1983"," VORM"," Michel"," Michel VORM","Netherlands"," 182"," 16"," Goalkeeper"," Utrecht"," NED"
" ELIA"," 13 Feb 1987"," ELIA"," Eljero George Rinaldo"," Eljero ELIA","Netherlands"," 177"," 17"," Forward"," Hamburger SV"," GER"
" SCHAARS"," 11 Jan 1984"," SCHAARS"," Stephanus Johannes"," Stijn SCHAARS","Netherlands"," 178"," 18"," Midfielder"," AZ Alkmaar"," NED"
" BABEL"," 19 Dec 1986"," BABEL"," Ryan Guno"," Ryan BABEL","Netherlands"," 185"," 19"," Forward"," Liverpool"," ENG"
" AFELLAY"," 02 Apr 1986"," AFELLAY"," Ibrahim"," Ibrahim AFELLAY","Netherlands"," 184"," 20"," Midfielder"," PSV Eindhoven"," NED"
" HUNTELAAR"," 12 Aug 1983"," HUNTELAAR"," Dirk Klaas Jan"," Klaas Jan HUNTELAAR","Netherlands"," 185"," 21"," Forward"," AC Milan"," ITA"
" BOSCHKER"," 20 Oct 1970"," BOSCHKER"," Sander Bernard Jozef"," Sander BOSCHKER","Netherlands"," 185"," 22"," Goalkeeper"," Twente Enschede"," NED"
" VAN DER VAART"," 11 Feb 1983"," VAN DER VAART"," Rafael Ferdinand"," Rafael VAN DER VAART","Netherlands"," 178"," 23"," Midfielder"," Real Madrid"," ESP"
" PASTON"," 13 Dec 1976"," PASTON"," Mark Nelson"," Mark PASTON","New Zealand"," 195"," 1"," Goalkeeper"," Wellington Phoenix"," NZL"
" SIGMUND"," 03 Feb 1981"," SIGMUND"," Benjamin Robert"," Ben SIGMUND","New Zealand"," 187"," 2"," Defender"," Wellington Phoenix"," NZL"
" LOCHHEAD"," 12 Jan 1982"," LOCHHEAD"," Tony James"," Tony LOCHHEAD","New Zealand"," 183"," 3"," Defender"," Wellington Phoenix"," NZL"
" REID"," 03 Jul 1988"," REID"," Winston Wiremu"," Winston REID","New Zealand"," 190"," 4"," Defender"," Midtjylland"," DEN"
" VICELICH"," 03 Sep 1976"," VICELICH"," Ivan Robert"," Ivan VICELICH","New Zealand"," 193"," 5"," Defender"," Auckland City"," NZL"
" NELSEN"," 18 Oct 1977"," NELSEN"," Ryan William"," Ryan NELSEN","New Zealand"," 185"," 6"," Defender"," Blackburn Rovers"," ENG"
" ELLIOTT"," 10 Jun 1974"," ELLIOTT"," Simon John"," Simon ELLIOTT","New Zealand"," 180"," 7"," Midfielder"," No club affiliation"," UNK"
" BROWN"," 06 Mar 1981"," BROWN"," Timothy Oliver"," Tim BROWN","New Zealand"," 185"," 8"," Midfielder"," Wellington Phoenix"," NZL"
" SMELTZ"," 29 Sep 1981"," SMELTZ"," Shane Edward"," Shane SMELTZ","New Zealand"," 184"," 9"," Forward"," Gold Coast United"," AUS"
" KILLEN"," 08 Oct 1981"," KILLEN"," Christopher John"," Chris KILLEN","New Zealand"," 188"," 10"," Forward"," Middlesbrough"," ENG"
" BERTOS"," 20 Dec 1981"," BERTOS"," Leonidas Christos"," Leo BERTOS","New Zealand"," 177"," 11"," Midfielder"," Wellington Phoenix"," NZL"
" MOSS"," 19 Jan 1983"," MOSS"," Glen Robert"," Glen MOSS","New Zealand"," 188"," 12"," Goalkeeper"," Melbourne Victory"," AUS"
" BARRON"," 24 Dec 1980"," BARRON"," Andrew"," Andy BARRON","New Zealand"," 178"," 13"," Midfielder"," Team Wellington"," NZL"
" FALLON"," 20 Mar 1982"," FALLON"," Rory Micheal"," Rory FALLON","New Zealand"," 191"," 14"," Forward"," Plymouth Argyle"," ENG"
" MCGLINCHEY"," 07 Jan 1987"," MC GLINCHEY"," Michael Ryan"," Michael McGLINCHEY","New Zealand"," 173"," 15"," Midfielder"," Motherwell"," SCO"
" CLAPHAM"," 15 Jan 1987"," CLAPHAM"," Aaron Daniel"," Aaron CLAPHAM","New Zealand"," 172"," 16"," Midfielder"," Canterbury Utd."," NZL"
" MULLIGAN"," 24 Mar 1982"," MULLIGAN"," David James"," Dave MULLIGAN","New Zealand"," 173"," 17"," Midfielder"," No club affiliation"," UNK"
" BOYENS"," 18 Sep 1983"," BOYENS"," Andrew Victor"," Andy BOYENS","New Zealand"," 192"," 18"," Defender"," New York Red Bulls"," USA"
" SMITH"," 31 Mar 1990"," SMITH"," Thomas Jefferson"," Tommy SMITH","New Zealand"," 187"," 19"," Defender"," Ipswich Town"," ENG"
" WOOD"," 07 Dec 1991"," WOOD"," Christopher Grant"," Chris WOOD","New Zealand"," 191"," 20"," Forward"," West Bromwich Albion"," ENG"
" CHRISTIE"," 22 May 1983"," CHRISTIE"," Jeremy John"," Jeremy CHRISTIE","New Zealand"," 180"," 21"," Midfielder"," Tampa Bay"," USA"
" BROCKIE"," 07 Oct 1987"," BROCKIE"," Jeremy Russell"," Jeremy BROCKIE","New Zealand"," 182"," 22"," Forward"," Newcastle United Jets"," AUS"
" BANNATYNE"," 30 Jun 1975"," BANNATYNE"," James Alexander"," James BANNATYNE","New Zealand"," 195"," 23"," Goalkeeper"," Team Wellington"," NZL"
" ENYEAMA"," 29 Aug 1982"," ENYEAMA"," Vincent"," Vincent ENYEAMA","Nigeria"," 185"," 1"," Goalkeeper"," Hapoel Tel-Aviv"," ISR"
" YOBO"," 06 Sep 1980"," YOBO"," Joseph"," Joseph YOBO","Nigeria"," 185"," 2"," Defender"," Everton"," ENG"
" TAIWO"," 16 Apr 1985"," ISMAILA TAIWO"," Taye"," Taye TAIWO","Nigeria"," 188"," 3"," Defender"," Marseille"," FRA"
" KANU"," 01 Aug 1976"," KANU"," Nwankwo"," Nwankwo KANU","Nigeria"," 197"," 4"," Midfielder"," Portsmouth"," ENG"
" AFOLABI"," 18 Apr 1980"," AFOLABI"," Rabiu"," Rabiu AFOLABI","Nigeria"," 183"," 5"," Defender"," Red Bull Salzburg"," AUT"
" SHITTU"," 02 Sep 1980"," SHITTU"," Daniel Olusola"," Danny SHITTU","Nigeria"," 190"," 6"," Defender"," Bolton Wanderers"," ENG"
" UTAKA"," 08 Jan 1982"," UTAKA"," John Chukwudi"," John UTAKA","Nigeria"," 179"," 7"," Forward"," Portsmouth"," ENG"
" YAKUBU"," 22 Nov 1982"," AIYEGBENI"," Yakubu"," Yakubu AIYEGBENI","Nigeria"," 188"," 8"," Forward"," Everton"," ENG"
" MARTINS"," 28 Oct 1984"," MARTINS"," Obafemi Akinwunmi"," Obafemi MARTINS","Nigeria"," 170"," 9"," Forward"," Wolfsburg"," GER"
" MIKEL"," 22 Apr 1987"," MIKEL"," John Obi"," John Obi MIKEL","Nigeria"," 191"," 10"," Midfielder"," Chelsea"," ENG"
" ODEMWINGIE"," 15 Jul 1981"," ODEMWINGIE"," Peter Osaze"," Peter ODEMWINGIE","Nigeria"," 181"," 11"," Forward"," Lokomotiv Moscow"," RUS"
" UCHE"," 15 Nov 1982"," UCHE"," Kalu"," Kalu UCHE","Nigeria"," 171"," 12"," Midfielder"," Almeria"," ESP"
" AYILA"," 04 Nov 1984"," AYILA"," Yussuf Atanda"," Yussuf AYILA","Nigeria"," 179"," 13"," Midfielder"," Dynamo Kyiv"," UKR"
" KAITA"," 02 May 1986"," KAITA"," Sani Haruna"," Sani KAITA","Nigeria"," 180"," 14"," Midfielder"," Alania Vladikavkaz"," RUS"
" HARUNA"," 04 Dec 1990"," HARUNA"," Lukman"," Lukman HARUNA","Nigeria"," 177"," 15"," Midfielder"," Monaco"," FRA"
" EJIDE"," 08 Apr 1984"," EJIDE"," Austine Amamchukwu"," Austin EJIDE","Nigeria"," 186"," 16"," Goalkeeper"," Hapoel Petah Tikva"," ISR"
" ODIAH"," 17 Dec 1983"," ODIAH"," Chidi"," Chidi ODIAH","Nigeria"," 181"," 17"," Defender"," CSKA Moscow"," RUS"
" NSOFOR"," 25 Mar 1987"," NSOFOR OBINNA"," Victor"," Victor OBINNA","Nigeria"," 178"," 18"," Forward"," Malaga"," ESP"
" OBASI"," 01 Jun 1986"," OGBUKE OBASI"," Chinedu"," Chinedu OGBUKE OBASI","Nigeria"," 181"," 19"," Forward"," Hoffenheim"," GER"
" ETUHU"," 08 Jun 1982"," ETUHU"," Dickson"," Dickson ETUHU","Nigeria"," 191"," 20"," Midfielder"," Fulham"," ENG"
" ECHIEJILE"," 20 Jan 1988"," ECHIEJILE"," Elderson Uwa"," Uwa ECHIEJILE","Nigeria"," 198"," 21"," Defender"," Rennes"," FRA"
" ADELEYE"," 25 Dec 1988"," ADELEYE"," Ayodele"," Dele ADELEYE","Nigeria"," 189"," 22"," Defender"," Sparta Rotterdam"," NED"
" AIYENUGBA"," 20 Nov 1983"," AIYENUGBA"," Dele"," Dele AIYENUGBA","Nigeria"," 186"," 23"," Goalkeeper"," Bnei Yehuda"," ISR"
" J. VILLAR"," 30 Jun 1977"," VILLAR VIVEROS"," Justo Wilmar"," Justo VILLAR","Paraguay"," 180"," 1"," Goalkeeper"," Valladolid"," ESP"
" VERON"," 26 Jul 1979"," VERON"," Dario"," Dario VERON","Paraguay"," 181"," 2"," Defender"," Pumas UNAM"," MEX"
" MOREL R."," 02 Feb 1978"," MOREL RODRIGUEZ"," Claudio Marcelo"," Claudio MOREL","Paraguay"," 175"," 3"," Defender"," Boca Juniors"," ARG"
" CANIZA"," 29 Aug 1974"," CANIZA ACUNA"," Denis Ramon"," Denis CANIZA","Paraguay"," 174"," 4"," Defender"," Leon"," MEX"
" J. CACERES"," 05 Oct 1979"," CACERES LOPEZ"," Julio Cesar"," Julio Cesar CACERES","Paraguay"," 181"," 5"," Defender"," Atletico Mineiro"," BRA"
" BONET"," 02 Oct 1977"," BONET CACERES"," Carlos"," Carlos BONET","Paraguay"," 176"," 6"," Midfielder"," Olimpia Asuncion"," PAR"
" CARDOZO"," 20 May 1983"," CARDOZO"," Oscar Rene"," Oscar CARDOZO","Paraguay"," 192"," 7"," Forward"," Benfica"," POR"
" E. BARRETO"," 15 Jul 1984"," BARRETO CACERES"," Edgar Osvaldo"," Edgar BARRETO","Paraguay"," 178"," 8"," Midfielder"," Atalanta"," ITA"
" SANTA CRUZ"," 16 Aug 1981"," SANTA CRUZ CANTERO"," Roque"," Roque SANTA CRUZ","Paraguay"," 191"," 9"," Forward"," Manchester City"," ENG"
" BENITEZ"," 08 Nov 1987"," BENITEZ SANTANDER"," Edgar"," Edgar BENITEZ","Paraguay"," 176"," 10"," Forward"," Pachuca"," MEX"
" SANTANA"," 19 Oct 1981"," SANTANA"," Jonathan"," Jonathan SANTANA","Paraguay"," 181"," 11"," Midfielder"," Wolfsburg"," GER"
" D. BARRETO"," 16 Jul 1981"," BARRETO CACERES"," Diego Daniel"," Diego BARRETO","Paraguay"," 182"," 12"," Goalkeeper"," Cerro Porteno"," PAR"
" VERA"," 10 Mar 1979"," VERA"," Enrique Daniel"," Enrique VERA","Paraguay"," 178"," 13"," Midfielder"," Liga de Quito"," ECU"
" DA SILVA"," 01 Feb 1980"," DA SILVA"," Paulo"," Paulo DA SILVA","Paraguay"," 184"," 14"," Defender"," Sunderland"," ENG"
" V. CACERES"," 25 Mar 1985"," CACERES"," Victor"," Victor CACERES","Paraguay"," 186"," 15"," Midfielder"," Libertad"," PAR"
" RIVEROS"," 16 Oct 1982"," RIVEROS"," Cristian"," Cristian RIVEROS","Paraguay"," 179"," 16"," Midfielder"," Cruz Azul"," MEX"
" TORRES"," 16 Jun 1982"," TORRES ROMAN"," Aureliano"," Aureliano TORRES","Paraguay"," 178"," 17"," Defender"," San Lorenzo"," ARG"
" H. VALDEZ"," 28 Nov 1983"," HAEDO VALDEZ"," Nelson Antonio"," Nelson VALDEZ","Paraguay"," 178"," 18"," Forward"," Borussia Dortmund"," GER"
" BARRIOS"," 13 Nov 1984"," BARRIOS CÁCERES"," Lucas Ramón"," Lucas BARRIOS","Paraguay"," 187"," 19"," Forward"," Borussia Dortmund"," GER"
" ORTIGOZA"," 07 Oct 1984"," ORTIGOZA"," Nestor Ezequiel"," Nestor ORTIGOZA","Paraguay"," 180"," 20"," Midfielder"," Argentinos Juniors"," ARG"
" ALCARAZ"," 30 Jul 1982"," ALCARAZ VIVEROS"," Antolin"," Antolin ALCARAZ","Paraguay"," 184"," 21"," Defender"," Club Brugge"," BEL"
" BOBADILLA"," 20 Apr 1976"," BOBADILLA"," Aldo Antonio"," Aldo BOBADILLA","Paraguay"," 192"," 22"," Goalkeeper"," Independiente Medellin"," COL"
" GAMARRA"," 10 Dec 1988"," GAMARRA"," Rodolfo"," Rodolfo GAMARRA","Paraguay"," 168"," 23"," Forward"," Libertad"," PAR"
" EDUARDO"," 19 Sep 1982"," REIS CARVALHO"," Eduardo"," EDUARDO","Portugal"," 187"," 1"," Goalkeeper"," Braga"," POR"
" BRUNO ALVES"," 27 Nov 1981"," REFUGE ALVES"," Bruno Eduardo"," BRUNO ALVES","Portugal"," 187"," 2"," Defender"," Porto"," POR"
" P. FERREIRA"," 18 Jan 1979"," REBOCHO FERREIRA"," Paulo Renato"," PAULO FERREIRA","Portugal"," 181"," 3"," Defender"," Chelsea"," ENG"
" ROLANDO"," 31 Aug 1985"," PIRES DA FONSECA"," Rolando Jorge"," ROLANDO","Portugal"," 189"," 4"," Defender"," Porto"," POR"
" DUDA"," 27 Jun 1980"," BARBOSA VALENTE"," Sergio Paulo"," DUDA","Portugal"," 175"," 5"," Defender"," Malaga"," ESP"
" R. CARVALHO"," 18 May 1978"," SILVEIRA DE CARVALHO"," Ricardo Alberto"," RICARDO CARVALHO","Portugal"," 183"," 6"," Defender"," Chelsea"," ENG"
" RONALDO"," 05 Feb 1985"," DOS SANTOS AVEIRO"," Cristiano Ronaldo"," CRISTIANO RONALDO","Portugal"," 185"," 7"," Forward"," Real Madrid"," ESP"
" P. MENDES"," 26 Feb 1979"," DA SILVA MENDES"," Pedro Miguel"," PEDRO MENDES","Portugal"," 177"," 8"," Midfielder"," Sporting Lisbon"," POR"
" LIEDSON"," 17 Dec 1977"," DA SILVA MUNIZ"," Liedson"," LIEDSON","Portugal"," 173"," 9"," Forward"," Sporting Lisbon"," POR"
" DANNY"," 07 Aug 1983"," ALVES GOMES"," Danny Miguel"," DANNY","Portugal"," 179"," 10"," Forward"," Zenit St Petersburg"," RUS"
" SIMÃO"," 31 Oct 1979"," DE FONSECA SABROSA"," Simao Pedro"," SIMAO","Portugal"," 170"," 11"," Forward"," Atletico Madrid"," ESP"
" BETO"," 01 May 1982"," BASTOS PIMPAREL"," Antonio Alberto"," BETO","Portugal"," 183"," 12"," Goalkeeper"," Porto"," POR"
" MIGUEL"," 04 Jan 1980"," BRITO GARCIA MONTEIRO"," Luis Miguel"," MIGUEL","Portugal"," 175"," 13"," Defender"," Valencia"," ESP"
" M. VELOSO"," 11 May 1986"," PINTO VELOSO"," Miguel Luis"," MIGUEL VELOSO","Portugal"," 181"," 14"," Midfielder"," Sporting Lisbon"," POR"
" PEPE"," 26 Feb 1983"," LIMA FERREIRA"," Kepler Laveran"," PEPE","Portugal"," 186"," 15"," Midfielder"," Real Madrid"," ESP"
" R. MEIRELES"," 17 Mar 1983"," TRINDADE MEIRELES"," Raul Jose"," RAUL MEIRELES","Portugal"," 179"," 16"," Midfielder"," Porto"," POR"
" NANI"," 17 Nov 1986"," ALMEIDA DA CUNHA"," Luís Carlos"," NANI","Portugal"," 175"," 17"," Forward"," Manchester Utd."," ENG"
" H. ALMEIDA"," 23 May 1984"," PEREIRA DE ALMEIDA"," Hugo Miguel"," HUGO ALMEIDA","Portugal"," 193"," 18"," Forward"," Werder Bremen"," GER"
" TIAGO"," 02 May 1981"," CARDOSO MENDES"," Tiago"," TIAGO","Portugal"," 183"," 19"," Midfielder"," Atletico Madrid"," ESP"
" DECO"," 27 Aug 1977"," DE SOUZA"," Anderson Luis"," DECO","Portugal"," 175"," 20"," Midfielder"," Chelsea"," ENG"
" R. COSTA"," 16 May 1981"," MOREIRA DA COSTA"," Ricardo Miguel"," RICARDO COSTA","Portugal"," 183"," 21"," Defender"," Lille"," FRA"
" D. FERNANDES"," 25 Sep 1983"," FERNANDES"," Daniel Marcio"," DANIEL FERNANDES","Portugal"," 194"," 22"," Goalkeeper"," Iraklis"," GRE"
" F. COENTRÃO"," 11 Mar 1988"," SILVA COENTRAO"," Fabio Alexandre"," FABIO COENTRAO","Portugal"," 181"," 23"," Defender"," Benfica"," POR"
" STOJKOVIĆ"," 28 Jul 1983"," STOJKOVIC"," Vladimir"," Vladimir STOJKOVIC","Serbia"," 195"," 1"," Goalkeeper"," Wigan"," ENG"
" RUKAVINA"," 26 Jan 1984"," RUKAVINA"," Antonio"," Antonio RUKAVINA","Serbia"," 177"," 2"," Defender"," Munich 1860"," GER"
" KOLAROV"," 10 Nov 1985"," KOLAROV"," Aleksandar"," Aleksandar KOLAROV","Serbia"," 187"," 3"," Defender"," Lazio"," ITA"
" KAČAR"," 26 Jan 1987"," KACAR"," Gojko"," Gojko KACAR","Serbia"," 185"," 4"," Midfielder"," Hertha Berlin"," GER"
" VIDIĆ"," 21 Oct 1981"," VIDIC"," Nemanja"," Nemanja VIDIC","Serbia"," 185"," 5"," Defender"," Manchester Utd."," ENG"
" IVANOVIĆ"," 22 Feb 1984"," IVANOVIC"," Branislav"," Branislav IVANOVIC","Serbia"," 188"," 6"," Defender"," Chelsea"," ENG"
" TOŠIĆ"," 28 Apr 1987"," TOŠIC"," Zoran"," Zoran TOSIC","Serbia"," 171"," 7"," Midfielder"," FC Cologne"," GER"
" LAZOVIĆ"," 17 May 1983"," LAZOVIC"," Danko"," Danko LAZOVIC","Serbia"," 185"," 8"," Forward"," Zenit St Petersburg"," RUS"
" PANTELIĆ"," 15 Sep 1978"," PANTELIC"," Marko"," Marko PANTELIC","Serbia"," 181"," 9"," Forward"," Ajax"," NED"
" STANKOVIĆ"," 11 Sep 1978"," STANKOVIC"," Dejan"," Dejan STANKOVIC","Serbia"," 181"," 10"," Midfielder"," Inter"," ITA"
" MILIJAŠ"," 30 Apr 1983"," MILIJAŠ"," Nenad"," Nenad MILIJAS","Serbia"," 182"," 11"," Midfielder"," Wolverhampton"," ENG"
" ISAILOVIĆ"," 25 Mar 1980"," ISAILOVIC"," Bojan"," Bojan ISAILOVIC","Serbia"," 192"," 12"," Goalkeeper"," Zaglebie Lubin"," POL"
" LUKOVIĆ"," 23 Oct 1982"," LUKOVIC"," Aleksandar"," Aleksandar LUKOVIC","Serbia"," 184"," 13"," Defender"," Udinese"," ITA"
" JOVANOVIĆ"," 18 Apr 1981"," JOVANOVIC"," Milan"," Milan JOVANOVIC","Serbia"," 183"," 14"," Midfielder"," Standard Liege"," BEL"
" ŽIGIĆ"," 25 Sep 1980"," ŽIGIC"," Nikola"," Nikola ZIGIC","Serbia"," 202"," 15"," Forward"," Valencia"," ESP"
" OBRADOVIĆ"," 25 Jul 1988"," OBRADOVIC"," Ivan"," Ivan OBRADOVIC","Serbia"," 181"," 16"," Defender"," Zaragoza"," ESP"
" KRASIĆ"," 01 Nov 1984"," KRASIC"," Miloš"," Milos KRASIC","Serbia"," 185"," 17"," Midfielder"," CSKA Moscow"," RUS"
" NINKOVIĆ"," 25 Dec 1984"," NINKOVIC"," Milos"," Milos NINKOVIC","Serbia"," 179"," 18"," Midfielder"," Dynamo Kyiv"," UKR"
" PETROVIĆ"," 08 Mar 1989"," PETROVIC"," Radosav"," Radosav PETROVIC","Serbia"," 193"," 19"," Midfielder"," Partizan"," SRB"
" SUBOTIĆ"," 10 Dec 1988"," SUBOTIC"," Neven"," Neven SUBOTIC","Serbia"," 193"," 20"," Defender"," Borussia Dortmund"," GER"
" MRDJA"," 23 Jan 1984"," MRDJA"," Dragan"," Dragan MRDJA","Serbia"," 187"," 21"," Forward"," Vojvodina Novi Sad"," SRB"
" KUZMANOVIĆ"," 22 Sep 1987"," KUZMANOVIC"," Zdravko"," Zdravko KUZMANOVIC","Serbia"," 187"," 22"," Midfielder"," VfB Stuttgart"," GER"
" ĐURIČIĆ"," 21 Nov 1980"," ÐJURICIC"," Andelko"," Andjelko DJURICIC","Serbia"," 194"," 23"," Goalkeeper"," Leiria"," POR"
" MUCHA"," 05 Dec 1982"," MUCHA"," Jan"," Jan MUCHA","Slovakia"," 189"," 1"," Goalkeeper"," Legia Warsaw"," POL"
" PEKARIK"," 30 Oct 1986"," PEKARIK"," Peter"," Peter PEKARIK","Slovakia"," 176"," 2"," Defender"," Wolfsburg"," GER"
" SKRTEL"," 15 Dec 1984"," SKRTEL"," Martin"," Martin SKRTEL","Slovakia"," 188"," 3"," Defender"," Liverpool"," ENG"
" CECH"," 26 Jan 1983"," CECH"," Marek"," Marek CECH","Slovakia"," 181"," 4"," Defender"," West Bromwich Albion"," ENG"
" ZABAVNIK"," 16 Sep 1980"," ZABAVNIK"," Radoslav"," Radoslav ZABAVNIK","Slovakia"," 180"," 5"," Defender"," Mainz 05"," GER"
" STRBA"," 09 Jun 1976"," STRBA"," Zdenko"," Zdenko STRBA","Slovakia"," 187"," 6"," Midfielder"," Xanthi"," GRE"
" WEISS"," 30 Nov 1989"," WEISS"," Vladimir"," Vladimir WEISS","Slovakia"," 176"," 7"," Midfielder"," Manchester City"," ENG"
" KOZAK"," 22 Apr 1980"," KOZAK"," Jan"," Jan KOZAK","Slovakia"," 192"," 8"," Midfielder"," Timisoara"," ROU"
" SESTAK"," 16 Dec 1982"," SESTAK"," Stanislav"," Stanislav SESTAK","Slovakia"," 178"," 9"," Forward"," Bochum"," GER"
" SAPARA"," 31 Jul 1982"," SAPARA"," Marek"," Marek SAPARA","Slovakia"," 176"," 10"," Midfielder"," Ankaragucu"," TUR"
" VITTEK"," 01 Apr 1982"," VITTEK"," Robert"," Robert VITTEK","Slovakia"," 188"," 11"," Forward"," Ankaragucu"," TUR"
" PERNIS"," 28 Nov 1984"," PERNIS"," Dusan"," Dusan PERNIS","Slovakia"," 190"," 12"," Goalkeeper"," Dundee Utd."," SCO"
" HOLOSKO"," 17 Jan 1984"," HOLOSKO"," Filip"," Filip HOLOSKO","Slovakia"," 186"," 13"," Forward"," Besiktas"," TUR"
" JAKUBKO"," 26 Feb 1980"," JAKUBKO"," Martin"," Martin JAKUBKO","Slovakia"," 193"," 14"," Forward"," FC Moscow"," RUS"
" STOCH"," 19 Oct 1989"," STOCH"," Miroslav"," Miroslav STOCH","Slovakia"," 168"," 15"," Midfielder"," Twente Enschede"," NED"
" DURICA"," 10 Dec 1981"," DURICA"," Jan"," Jan DURICA","Slovakia"," 187"," 16"," Defender"," Hannover 96"," GER"
" HAMSIK"," 27 Jul 1987"," HAMSIK"," Marek"," Marek HAMSIK","Slovakia"," 184"," 17"," Midfielder"," Napoli"," ITA"
" JENDRISEK"," 26 Oct 1986"," JENDRISEK"," Erik"," Erik JENDRISEK","Slovakia"," 176"," 18"," Forward"," Kaiserslautern"," GER"
" KUCKA"," 26 Feb 1987"," KUCKA"," Juraj"," Juraj KUCKA","Slovakia"," 186"," 19"," Midfielder"," Sparta Prague"," CZE"
" KOPUNEK"," 18 May 1984"," KOPUNEK"," Kamil"," Kamil KOPUNEK","Slovakia"," 180"," 20"," Midfielder"," Spartak Trnava"," SVK"
" SALATA"," 24 Jan 1985"," SALATA"," Kornel"," Kornel SALATA","Slovakia"," 190"," 21"," Defender"," Slovan Bratislava"," SVK"
" PETRAS"," 02 Nov 1979"," PETRAS"," Martin"," Martin PETRAS","Slovakia"," 187"," 22"," Defender"," Cesena"," ITA"
" KUCIAK"," 21 May 1985"," KUCIAK"," Dusan"," Dusan KUCIAK","Slovakia"," 195"," 23"," Goalkeeper"," Vaslui"," ROU"
" HANDANOVIĆ S."," 14 Jul 1984"," HANDANOVIC"," Samir"," Samir HANDANOVIC","Slovenia"," 193"," 1"," Goalkeeper"," Udinese"," ITA"
" BREČKO"," 01 May 1984"," BRECKO"," Mišo"," Miso BRECKO","Slovenia"," 172"," 2"," Defender"," FC Cologne"," GER"
" DŽINIĆ"," 25 Aug 1985"," DŽINIC"," Elvedin"," Elvedin DZINIC","Slovenia"," 189"," 3"," Defender"," Maribor"," SVN"
" ŠULER"," 09 Mar 1983"," ŠULER"," Marko"," Marko SULER","Slovenia"," 187"," 4"," Defender"," Gent"," BEL"
" CESAR"," 09 Jul 1982"," CESAR"," Boštjan"," Bostjan CESAR","Slovenia"," 190"," 5"," Defender"," Grenoble"," FRA"
" ILIĆ"," 06 Feb 1983"," ILIC"," Branko"," Branko ILIC","Slovenia"," 186"," 6"," Defender"," FC Moscow"," RUS"
" PEČNIK"," 03 Jan 1986"," PECNIK"," Nejc"," Nejc PECNIK","Slovenia"," 187"," 7"," Forward"," Nacional Madeira"," POR"
" KOREN"," 20 Sep 1980"," KOREN"," Robert"," Robert KOREN","Slovenia"," 173"," 8"," Midfielder"," West Bromwich Albion"," ENG"
" LJUBIJANKIĆ"," 15 Dec 1983"," LJUBIJANKIC"," Zlatan"," Zlatan LJUBIJANKIC","Slovenia"," 185"," 9"," Forward"," Gent"," BEL"
" BIRSA"," 07 Aug 1986"," BIRSA"," Valter"," Valter BIRSA","Slovenia"," 180"," 10"," Midfielder"," Auxerre"," FRA"
" NOVAKOVIĆ"," 18 May 1979"," NOVAKOVIC"," Milivoje"," Milivoje NOVAKOVIC","Slovenia"," 191"," 11"," Forward"," FC Cologne"," GER"
" HANDANOVIĆ J."," 28 Jan 1978"," HANDANOVIC"," Jasmin"," Jasmin HANDANOVIC","Slovenia"," 197"," 12"," Goalkeeper"," Mantova"," ITA"
" JOKIĆ"," 17 May 1986"," JOKIC"," Bojan"," Bojan JOKIC","Slovenia"," 171"," 13"," Defender"," Chievo"," ITA"
" DEDIĆ"," 05 Oct 1984"," DEDIC"," Zlatko"," Zlatko DEDIC","Slovenia"," 172"," 14"," Forward"," Bochum"," GER"
" KRHIN"," 21 May 1990"," KRHIN"," Rene"," Rene KRHIN","Slovenia"," 184"," 15"," Midfielder"," Inter"," ITA"
" ŠELIGA"," 01 Feb 1980"," ŠELIGA"," Aleksander"," Aleksander SELIGA","Slovenia"," 187"," 16"," Goalkeeper"," Sparta Rotterdam"," NED"
" KIRM"," 06 Sep 1984"," KIRM"," Andraz"," Andraz KIRM","Slovenia"," 185"," 17"," Midfielder"," Wisla Krakow"," POL"
" RADOSAVLJEVIĆ"," 25 Apr 1979"," RADOSAVLJEVIC"," Aleksandar"," Aleksandar RADOSAVLJEVIC","Slovenia"," 181"," 18"," Midfielder"," Larissa"," GRE"
" FILEKOVIĆ"," 16 Sep 1978"," FILEKOVIC"," Suad"," Suad FILEKOVIC","Slovenia"," 190"," 19"," Defender"," Maribor"," SVN"
" KOMAC"," 04 Dec 1979"," KOMAC"," Andrej"," Andrej KOMAC","Slovenia"," 170"," 20"," Midfielder"," Maccabi Tel-Aviv"," ISR"
" STEVANOVIĆ"," 27 Sep 1984"," STEVANOVIC"," Dalibor"," Dalibor STEVANOVIC","Slovenia"," 183"," 21"," Midfielder"," Vitesse Arnhem"," NED"
" MAVRIČ"," 29 Jan 1979"," ROŽIC MAVRIC"," Matej"," Matej MAVRIC","Slovenia"," 186"," 22"," Defender"," TuS Koblenz"," GER"
" MATAVŽ"," 13 Jan 1989"," MATAVŽ"," Tim"," Tim MATAVZ","Slovenia"," 190"," 23"," Forward"," Groningen"," NED"
" JOSEPHS"," 19 May 1980"," JOSEPHS"," Moneeb"," Moneeb JOSEPHS","South Africa"," 184"," 1"," Goalkeeper"," Orlando Pirates"," RSA"
" GAXA"," 06 Apr 1984"," GAXA"," Siboniso"," Siboniso GAXA","South Africa"," 178"," 2"," Defender"," Mamelodi Sundowns"," RSA"
" MASILELA"," 05 May 1985"," MASILELA"," Tsepo"," Tsepo MASILELA","South Africa"," 174"," 3"," Defender"," Maccabi Haifa"," ISR"
" MOKOENA"," 25 Nov 1980"," MOKOENA"," Teboho Aaron"," Aaron MOKOENA","South Africa"," 183"," 4"," Defender"," Portsmouth"," ENG"
" NGCONGCA"," 20 Oct 1987"," NGCONGCA"," Anele Calvin"," Anele NGCONGCA","South Africa"," 177"," 5"," Defender"," Racing Genk"," BEL"
" SIBAYA"," 25 Nov 1977"," SIBAYA"," Ntuthuko MacBeth-Mao"," MacBeth SIBAYA","South Africa"," 176"," 6"," Midfielder"," Rubin Kazan"," RUS"
" DAVIDS"," 11 Apr 1985"," DAVIDS"," Lance"," Lance DAVIDS","South Africa"," 171"," 7"," Midfielder"," Ajax Cape Town"," RSA"
" TSHABALALA"," 25 Sep 1984"," TSHABALALA"," Siphiwe"," Siphiwe TSHABALALA","South Africa"," 170"," 8"," Midfielder"," Kaizer Chiefs"," RSA"
" MPHELA"," 29 Nov 1984"," MPHELA"," Katlego"," Katlego MPHELA","South Africa"," 180"," 9"," Forward"," Mamelodi Sundowns"," RSA"
" PIENAAR"," 17 Mar 1982"," PIENAAR"," Steven Jerome"," Steven PIENAAR","South Africa"," 173"," 10"," Midfielder"," Everton"," ENG"
" MODISE"," 22 Dec 1982"," MODISE"," Teko"," Teko MODISE","South Africa"," 172"," 11"," Midfielder"," Orlando Pirates"," RSA"
" LETSHOLONYANE"," 09 Jun 1982"," LETSHOLONYANE"," Reneilwe"," Reneilwe LETSHOLONYANE","South Africa"," 173"," 12"," Midfielder"," Kaizer Chiefs"," RSA"
" DIKGACOI"," 24 Nov 1984"," DIKGACOI"," Kagisho"," Kagisho DIKGACOI","South Africa"," 180"," 13"," Midfielder"," Fulham"," ENG"
" BOOTH"," 14 Mar 1977"," BOOTH"," Matthew Paul"," Matthew BOOTH","South Africa"," 198"," 14"," Defender"," Mamelodi Sundowns"," RSA"
" THWALA"," 19 Oct 1981"," THWALA"," Lucas"," Lucas THWALA","South Africa"," 170"," 15"," Defender"," Orlando Pirates"," RSA"
" KHUNE"," 20 Jun 1987"," KHUNE"," Itumeleng"," Itumeleng KHUNE","South Africa"," 180"," 16"," Goalkeeper"," Kaizer Chiefs"," RSA"
" PARKER"," 16 Mar 1986"," PARKER"," Bernard Melvin"," Bernard PARKER","South Africa"," 172"," 17"," Forward"," Twente Enschede"," NED"
" NOMVETHE"," 02 Dec 1977"," NOMVETHE"," Siyabonga Eugene"," Siyabonga NOMVETHE","South Africa"," 173"," 18"," Forward"," Moroka Swallows"," RSA"
" MORIRI"," 20 Mar 1980"," MORIRI"," Surprise"," Surprise MORIRI","South Africa"," 173"," 19"," Midfielder"," Mamelodi Sundowns"," RSA"
" KHUMALO"," 06 Jan 1987"," KHUMALO"," Bongani"," Bongani KHUMALO","South Africa"," 184"," 20"," Defender"," SuperSport Utd."," RSA"
" SANGWENI"," 29 Sep 1981"," SANGWENI"," Siyabonga"," Siyabonga SANGWENI","South Africa"," 182"," 21"," Defender"," Golden Arrows"," RSA"
" WALTERS"," 26 Dec 1981"," WALTERS"," Shu-Aib"," Shu-Aib WALTERS","South Africa"," 188"," 22"," Goalkeeper"," Maritzburg Utd."," RSA"
" KHUBONI"," 23 May 1986"," KHUBONI"," Thanduyise"," Thanduyise KHUBONI","South Africa"," 181"," 23"," Midfielder"," Golden Arrows"," RSA"
" CASILLAS"," 20 May 1981"," CASILLAS FERNANDEZ"," Iker"," Iker CASILLAS","Spain"," 184"," 1"," Goalkeeper"," Real Madrid"," ESP"
" R.ALBIOL"," 04 Sep 1985"," ALBIOL TORTAJADA"," Raul"," Raul ALBIOL","Spain"," 187"," 2"," Defender"," Real Madrid"," ESP"
" PIQUÉ"," 02 Feb 1987"," PIQUE BERNABEU"," Gerard"," Gerard PIQUE","Spain"," 192"," 3"," Defender"," Barcelona"," ESP"
" C.MARCHENA"," 31 Jul 1979"," MARCHENA LOPEZ"," Carlos"," Carlos MARCHENA","Spain"," 182"," 4"," Defender"," Valencia"," ESP"
" PUYOL"," 13 Apr 1978"," PUYOL SAFORCADA"," Carlos"," Carles PUYOL","Spain"," 178"," 5"," Defender"," Barcelona"," ESP"
" A.INIESTA"," 11 May 1984"," INIESTA LUJAN"," Andres"," Andres INIESTA","Spain"," 170"," 6"," Midfielder"," Barcelona"," ESP"
" DAVID VILLA"," 03 Dec 1981"," VILLA SANCHEZ"," David"," David VILLA","Spain"," 175"," 7"," Forward"," Valencia"," ESP"
" XAVI"," 25 Jan 1980"," HERNANDEZ CREUS"," Xavier"," XAVI","Spain"," 170"," 8"," Midfielder"," Barcelona"," ESP"
" TORRES"," 20 Mar 1984"," TORRES SANZ"," Fernando José"," Fernando TORRES","Spain"," 181"," 9"," Forward"," Liverpool"," ENG"
" FABREGAS"," 04 May 1987"," FABREGAS SOLER"," Francesc"," Cesc FABREGAS","Spain"," 175"," 10"," Midfielder"," Arsenal"," ENG"
" CAPDEVILA"," 03 Feb 1978"," CAPDEVILA MENDEZ"," Joan"," Joan CAPDEVILA","Spain"," 182"," 11"," Defender"," Villarreal"," ESP"
" V.VALDES"," 14 Jan 1982"," VALDES ARRIBAS"," Victor"," Victor VALDES","Spain"," 183"," 12"," Goalkeeper"," Barcelona"," ESP"
" MATA"," 28 Apr 1988"," MATA GARCIA"," Juan Manuel"," Juan Manuel MATA","Spain"," 174"," 13"," Forward"," Valencia"," ESP"
" ALONSO"," 25 Nov 1981"," ALONSO OLANO"," Xabier"," XABI ALONSO","Spain"," 183"," 14"," Midfielder"," Real Madrid"," ESP"
" RAMOS"," 30 Mar 1986"," RAMOS GARCIA"," Sergio"," SERGIO RAMOS","Spain"," 183"," 15"," Defender"," Real Madrid"," ESP"
" SERGIO"," 16 Jul 1988"," BUSQUETS BURGOS"," Sergio"," Sergio BUSQUETS","Spain"," 189"," 16"," Midfielder"," Barcelona"," ESP"
" ARBELOA"," 17 Jan 1983"," ARBELOA COCA"," Alvaro"," Alvaro ARBELOA","Spain"," 184"," 17"," Defender"," Real Madrid"," ESP"
" PEDRO"," 28 Jul 1987"," RODRIGUE LEDESMA"," Pedro Eliezer"," PEDRO","Spain"," 169"," 18"," Forward"," Barcelona"," ESP"
" LLORENTE"," 26 Feb 1985"," LLORENTE TORRES"," Fernando Javier"," Fernando LLORENTE","Spain"," 194"," 19"," Forward"," Athletic Bilbao"," ESP"
" J.MARTINEZ"," 02 Sep 1988"," MARTINEZ AGUINAGA"," Javier"," Javier MARTINEZ","Spain"," 190"," 20"," Midfielder"," Athletic Bilbao"," ESP"
" SILVA"," 08 Jan 1986"," JIMENEZ SILVA"," David Josue"," DAVID SILVA","Spain"," 177"," 21"," Midfielder"," Valencia"," ESP"
" J.NAVAS"," 21 Nov 1985"," NAVAS GONZALEZ"," Jesus"," Jesus NAVAS","Spain"," 172"," 22"," Forward"," Sevilla FC"," ESP"
" REINA"," 31 Aug 1982"," REINA PAEZ"," José Manuel"," Pepe REINA","Spain"," 187"," 23"," Goalkeeper"," Liverpool"," ENG"
" BENAGLIO"," 08 Sep 1983"," BENAGLIO"," Diego"," Diego BENAGLIO","Switzerland"," 193"," 1"," Goalkeeper"," Wolfsburg"," GER"
" LICHTSTEINER"," 16 Jan 1984"," LICHTSTEINER"," Stephan"," Stephan LICHTSTEINER","Switzerland"," 180"," 2"," Defender"," Lazio"," ITA"
" MAGNIN"," 20 Apr 1979"," MAGNIN"," Ludovic"," Ludovic MAGNIN","Switzerland"," 186"," 3"," Defender"," FC Zurich"," SUI"
" SENDEROS"," 14 Feb 1985"," SENDEROS"," Philippe"," Philippe SENDEROS","Switzerland"," 190"," 4"," Defender"," Everton"," ENG"
" VON BERGEN"," 10 Jun 1983"," VON BERGEN"," Steve"," Steve VON BERGEN","Switzerland"," 183"," 5"," Defender"," Hertha Berlin"," GER"
" HUGGEL"," 07 Jul 1977"," HUGGEL"," Benjamin"," Benjamin HUGGEL","Switzerland"," 190"," 6"," Midfielder"," Basel"," SUI"
" BARNETTA"," 22 May 1985"," BARNETTA"," Tranquillo"," Tranquillo BARNETTA","Switzerland"," 178"," 7"," Midfielder"," Bayer Leverkusen"," GER"
" INLER"," 27 Jun 1984"," INLER"," Gokhan"," Gokhan INLER","Switzerland"," 183"," 8"," Midfielder"," Udinese"," ITA"
" FREI"," 15 Jul 1979"," FREI"," Alexander"," Alexander FREI","Switzerland"," 180"," 9"," Forward"," Basel"," SUI"
" NKUFO"," 25 May 1975"," NKUFO"," Blaise"," Blaise NKUFO","Switzerland"," 186"," 10"," Forward"," Twente Enschede"," NED"
" BEHRAMI"," 19 Apr 1985"," BEHRAMI"," Valon"," Valon BEHRAMI","Switzerland"," 184"," 11"," Midfielder"," West Ham Utd."," ENG"
" WÖLFLI"," 22 Aug 1982"," WÖLFLI"," Marco"," Marco WOELFLI","Switzerland"," 185"," 12"," Goalkeeper"," Young Boys"," SUI"
" GRICHTING"," 30 Mar 1979"," GRICHTING"," Stephane"," Stephane GRICHTING","Switzerland"," 186"," 13"," Defender"," Auxerre"," FRA"
" PADALINO"," 08 Dec 1983"," PADALINO"," Marco"," Marco PADALINO","Switzerland"," 177"," 14"," Midfielder"," Sampdoria"," ITA"
" YAKIN"," 22 Feb 1977"," YAKIN"," Hakan"," Hakan YAKIN","Switzerland"," 180"," 15"," Midfielder"," Lucerne"," SUI"
" FERNANDES"," 02 Sep 1986"," TAVARES FERNANDES"," Gelson"," Gelson FERNANDES","Switzerland"," 183"," 16"," Midfielder"," Saint-Etienne"," FRA"
" ZIEGLER"," 16 Jan 1986"," ZIEGLER"," Reto"," Reto ZIEGLER","Switzerland"," 183"," 17"," Defender"," Sampdoria"," ITA"
" BUNJAKU"," 29 Nov 1983"," BUNJAKU"," Albert"," Albert BUNJAKU","Switzerland"," 178"," 18"," Forward"," Nuremberg"," GER"
" DERDIYOK"," 12 Jun 1988"," DERDIYOK"," Eren"," Eren DERDIYOK","Switzerland"," 190"," 19"," Forward"," Bayer Leverkusen"," GER"
" SCHWEGLER"," 09 Mar 1987"," SCHWEGLER"," Pirmin"," Pirmin SCHWEGLER","Switzerland"," 178"," 20"," Midfielder"," Eintracht Frankfurt"," GER"
" LEONI"," 30 Jun 1984"," LEONI"," Johnny"," Johnny LEONI","Switzerland"," 189"," 21"," Goalkeeper"," FC Zurich"," SUI"
" EGGIMANN"," 24 Jan 1981"," EGGIMANN"," Mario"," Mario EGGIMANN","Switzerland"," 184"," 22"," Defender"," Hannover 96"," GER"
" SHAQIRI"," 10 Oct 1991"," SHAQIRI"," Xherdan"," Xherdan SHAQIRI","Switzerland"," 169"," 23"," Midfielder"," Basel"," SUI"
" MUSLERA"," 16 Jun 1986"," MUSLERA MICOL"," Nestor Fernando"," Fernando MUSLERA","Uruguay"," 190"," 1"," Goalkeeper"," Lazio"," ITA"
" LUGANO"," 02 Nov 1980"," LUGANO MORENO"," Diego Alfredo"," Diego LUGANO","Uruguay"," 188"," 2"," Defender"," Fenerbahce"," TUR"
" GODIN"," 16 Feb 1986"," GODIN LEAL"," Diego Roberto"," Diego GODIN","Uruguay"," 185"," 3"," Defender"," Villarreal"," ESP"
" FUCILE"," 19 Nov 1984"," FUCILE PERDOMO"," Jorge Ciro"," Jorge FUCILE","Uruguay"," 177"," 4"," Defender"," Porto"," POR"
" GARGANO"," 23 Jul 1984"," GARGANO GUEVARA"," Walter Alejandro"," Walter GARGANO","Uruguay"," 168"," 5"," Midfielder"," Napoli"," ITA"
" VICTORINO"," 11 Oct 1982"," VICTORINO DANSILIO"," Mauricio Bernardo"," Mauricio VICTORINO","Uruguay"," 182"," 6"," Defender"," Univ. de Chile"," CHI"
" CAVANI"," 14 Feb 1987"," CAVANI GOMEZ"," Edinson Roberto"," Edinson CAVANI","Uruguay"," 188"," 7"," Forward"," Palermo"," ITA"
" EGUREN"," 08 Jan 1981"," EGUREN LEDESMA"," Sebastian"," Sebastian EGUREN","Uruguay"," 186"," 8"," Midfielder"," AIK Stockholm"," SWE"
" SUAREZ"," 24 Jan 1987"," SUAREZ DIAZ"," Luis Alberto"," Luis SUAREZ","Uruguay"," 181"," 9"," Forward"," Ajax"," NED"
" FORLAN"," 19 May 1979"," FORLÁN CORAZO"," Diego"," Diego FORLAN","Uruguay"," 181"," 10"," Forward"," Atletico Madrid"," ESP"
" A.PEREIRA"," 28 Nov 1985"," PEREIRA BARRAGAN"," Alvaro Daniel"," Alvaro PEREIRA","Uruguay"," 182"," 11"," Midfielder"," Porto"," POR"
" CASTILLO"," 17 Apr 1978"," CASTILLO IRIART"," Juan Guillermo"," Juan CASTILLO","Uruguay"," 181"," 12"," Goalkeeper"," Deportivo Cali"," COL"
" W.S.ABREU.G"," 17 Oct 1976"," ABREU GALLO"," Washington Sebastian"," Sebastian ABREU","Uruguay"," 193"," 13"," Forward"," Botafogo"," BRA"
" LODEIRO"," 21 Mar 1989"," LODEIRO BENITEZ"," Marcelo Nicolas"," Nicolas LODEIRO","Uruguay"," 173"," 14"," Midfielder"," Ajax"," NED"
" PEREZ"," 18 May 1980"," PEREZ AGUADO"," Diego Fernando"," Diego PEREZ","Uruguay"," 176"," 15"," Midfielder"," Monaco"," FRA"
" M.PEREIRA"," 08 Jun 1984"," PEREIRA PAEZ"," Victorio Maximiliano"," Maximiliano PEREIRA","Uruguay"," 173"," 16"," Defender"," Benfica"," POR"
" AREVALO RIOS"," 01 Jan 1982"," AREVALO RIOS"," Egidio Raul"," Egidio AREVALO","Uruguay"," 168"," 17"," Midfielder"," Penarol"," URU"
" I.GONZALEZ"," 14 May 1982"," GONZALEZ GATTI"," Ignacio Maria"," Ignacio GONZALEZ","Uruguay"," 180"," 18"," Midfielder"," Valencia"," ESP"
" SCOTTI"," 14 Dec 1975"," SCOTTI PONCE DE LEON"," Andres"," Andres SCOTTI","Uruguay"," 183"," 19"," Defender"," Colo Colo"," CHI"
" FERNANDEZ"," 11 Oct 1985"," FERNANDEZ GAY"," Alvaro A."," Alvaro FERNANDEZ","Uruguay"," 185"," 20"," Midfielder"," Univ. de Chile"," CHI"
" S.FERNANDEZ"," 23 May 1985"," FERNANDEZ MIGLIERINA"," Sebastián Bruno"," Sebastian FERNANDEZ","Uruguay"," 167"," 21"," Forward"," Banfield"," ARG"
" CACERES"," 07 Apr 1987"," CACERES SILVA"," José Martín"," Martin CACERES","Uruguay"," 178"," 22"," Defender"," Juventus"," ITA"
" SILVA"," 25 Mar 1983"," SILVA LEITES"," Martin Andres"," Martin SILVA","Uruguay"," 187"," 23"," Goalkeeper"," Defensor Sporting"," URU"
" HOWARD"," 06 Mar 1979"," HOWARD"," Timothy Matthew"," Tim HOWARD","USA"," 187"," 1"," Goalkeeper"," Everton"," ENG"
" SPECTOR"," 01 Mar 1986"," SPECTOR"," Jonathan Michael Paul"," Jonathan SPECTOR","USA"," 183"," 2"," Defender"," West Ham Utd."," ENG"
" BOCANEGRA"," 25 May 1979"," BOCANEGRA"," Carlos Manuel"," Carlos BOCANEGRA","USA"," 184"," 3"," Defender"," Rennes"," FRA"
" BRADLEY"," 31 Jul 1987"," BRADLEY"," Michael Sheehan"," Michael BRADLEY","USA"," 185"," 4"," Midfielder"," Borussia Moenchengladbach"," GER"
" ONYEWU"," 13 May 1982"," ONYEWU"," Oguchialu Chijioke"," Oguchi ONYEWU","USA"," 192"," 5"," Defender"," AC Milan"," ITA"
" CHERUNDOLO"," 19 Feb 1979"," CHERUNDOLO"," Steven Emil"," Steve CHERUNDOLO","USA"," 168"," 6"," Defender"," Hannover 96"," GER"
" BEASLEY"," 24 May 1982"," BEASLEY"," DaMarcus Lamont"," DaMarcus BEASLEY","USA"," 170"," 7"," Midfielder"," Rangers"," SCO"
" DEMPSEY"," 09 Mar 1983"," DEMPSEY"," Clinton"," Clint DEMPSEY","USA"," 185"," 8"," Midfielder"," Fulham"," ENG"
" GOMEZ"," 06 Apr 1982"," GOMEZ"," Herculez"," Herculez GOMEZ","USA"," 178"," 9"," Forward"," Puebla"," MEX"
" DONOVAN"," 04 Mar 1982"," DONOVAN"," Landon Timothy"," Landon DONOVAN","USA"," 173"," 10"," Midfielder"," Los Angeles Galaxy"," USA"
" HOLDEN"," 01 Aug 1985"," HOLDEN"," Stuart Alistair"," Stuart HOLDEN","USA"," 178"," 11"," Midfielder"," Bolton Wanderers"," ENG"
" BORNSTEIN"," 07 Nov 1984"," BORNSTEIN"," Jonathan Rey"," Jonathan BORNSTEIN","USA"," 175"," 12"," Defender"," Chivas USA"," USA"
" CLARK"," 10 Feb 1983"," CLARK"," Ricardo Anthony"," Ricardo CLARK","USA"," 178"," 13"," Midfielder"," Eintracht Frankfurt"," GER"
" BUDDLE"," 21 May 1981"," BUDDLE"," Edson Michael"," Edson BUDDLE","USA"," 185"," 14"," Forward"," Los Angeles Galaxy"," USA"
" DEMERIT"," 04 Dec 1979"," DE MERIT"," Jay Michael"," Jay DeMERIT","USA"," 180"," 15"," Defender"," Watford"," ENG"
" TORRES"," 29 Oct 1987"," TORRES MEZZELL"," Jose Francisco"," Francisco TORRES","USA"," 168"," 16"," Midfielder"," Pachuca"," MEX"
" ALTIDORE"," 06 Nov 1989"," ALTIDORE"," Josmer Volmy"," Jozy ALTIDORE","USA"," 185"," 17"," Forward"," Hull City"," ENG"
" GUZAN"," 09 Sep 1984"," GUZAN"," Bradley Edwin"," Brad GUZAN","USA"," 193"," 18"," Goalkeeper"," Aston Villa"," ENG"
" EDU"," 18 Apr 1986"," EDU"," Maurice"," Maurice EDU","USA"," 183"," 19"," Midfielder"," Rangers"," SCO"
" FINDLEY"," 04 Aug 1985"," FINDLEY"," Robert"," Robbie FINDLEY","USA"," 175"," 20"," Forward"," Real Salt Lake"," USA"
" GOODSON"," 17 May 1982"," GOODSON IV"," Clarence Edgar"," Clarence GOODSON","USA"," 193"," 21"," Defender"," IK Start"," NOR"
" FEILHABER"," 19 Jan 1985"," FEILHABER"," Benny"," Benny FEILHABER","USA"," 175"," 22"," Midfielder"," AGF Aarhus"," DEN"
" HAHNEMANN"," 15 Jun 1972"," HAHNEMANN"," Marcus"," Marcus HAHNEMANN","USA"," 192"," 23"," Goalkeeper"," Wolverhampton"," ENG"
