"Number","Team","FullName","Position","ClubCountry","Club","IsCaptain","DateOfBirth"
"Player---tag","SportsTeam---name","Player---name","Player---playPosition","League---name","SportsClub---name","Player---isCaptain","Player---birthDate"
"1","South Africa","Moeneeb Josephs","GK","RSA","Orlando Pirates FC","FALSE","5/19/1980"
"2","South Africa","Siboniso Gaxa","DF","RSA","Mamelodi Sundowns F.C.","FALSE","4/6/1984"
"3","South Africa","Tsepo Masilela","DF","ISR","Maccabi Haifa F.C.","FALSE","5/5/1985"
"4","South Africa","Aaron Mokoena","DF","ENG","Portsmouth F.C.","TRUE","11/25/1980"
"5","South Africa","Anele Ngcongca","DF","BEL","K.R.C. Genk","FALSE","10/20/1987"
"6","South Africa","MacBeth Sibaya","MF","RUS","FC Rubin Kazan","FALSE","11/25/1977"
"7","South Africa","Lance Davids","MF","RSA","Ajax Cape Town FC","FALSE","4/11/1985"
"8","South Africa","Siphiwe Tshabalala","MF","RSA","Kaizer Chiefs FC","FALSE","9/25/1984"
"9","South Africa","Katlego Mphela","FW","RSA","Mamelodi Sundowns F.C.","FALSE","11/29/1984"
"10","South Africa","Steven Pienaar","MF","ENG","Everton F.C.","FALSE","3/17/1982"
"11","South Africa","Teko Modise","MF","RSA","Orlando Pirates FC","FALSE","12/22/1982"
"12","South Africa","Reneilwe Letsholonyane","MF","RSA","Kaizer Chiefs FC","FALSE","6/9/1982"
"13","South Africa","Kagisho Dikgacoi","MF","ENG","Fulham F.C.","FALSE","11/24/1984"
"14","South Africa","Matthew Booth","DF","RSA","Mamelodi Sundowns F.C.","FALSE","3/14/1977"
"15","South Africa","Lucas Thwala","DF","RSA","Orlando Pirates FC","FALSE","10/19/1981"
"16","South Africa","Itumeleng Khune","GK","RSA","Kaizer Chiefs FC","FALSE","6/20/1987"
"17","South Africa","Bernard Parker","FW","NED","FC Twente","FALSE","3/16/1986"
"18","South Africa","Siyabonga Nomvethe","FW","RSA","Moroka Swallows F.C.","FALSE","12/2/1977"
"19","South Africa","Surprise Moriri","MF","RSA","Mamelodi Sundowns F.C.","FALSE","3/20/1980"
"20","South Africa","Bongani Khumalo","DF","RSA","Supersport United F.C.","FALSE","1/6/1987"
"21","South Africa","Siyabonga Sangweni","DF","RSA","Golden Arro","FALSE","9/29/1981"
"22","South Africa","Shu-Aib Walters","GK","RSA","Maritzburg United F.C.","FALSE","12/26/1981"
"23","South Africa","Thanduyise Khuboni","MF","RSA","Golden Arro","FALSE","5/23/1986"
"1","Mexico","","GK","MEX","Chiapas F.C.","FALSE","2/1/1973"
"2","Mexico","","DF","NED","PSV Eindhov","FALSE","10/20/1981"
"3","Mexico","Carlos Salcido","DF","NED","PSV Eindhov","FALSE","4/2/1980"
"4","Mexico","","DF","ESP","FC Barcelona","TRUE","2/13/1979"
"5","Mexico","Ricardo Osorio","DF","GER","VfB Stuttga","FALSE","3/30/1980"
"6","Mexico","Gerardo Torrado","MF","MEX","Cruz Az","FALSE","4/30/1979"
"7","Mexico","Pablo Barrera","MF","MEX","Club Universidad Nacional","FALSE","6/21/1987"
"8","Mexico","Israel Castro","MF","MEX","Club Universidad Nacional","FALSE","12/29/1980"
"9","Mexico","Guillermo Franco","FW","ENG","West Ham United F.C.","FALSE","11/3/1976"
"10","Mexico","","FW","MEX","Tiburones Rojos de Veracruz","FALSE","1/17/1973"
"11","Mexico","Carlos Vela","FW","ENG","Arsenal F.C.","FALSE","3/1/1989"
"12","Mexico","Paul Aguilar","DF","MEX","C.F. Pachuca","FALSE","3/6/1986"
"13","Mexico","Guillermo Ochoa","GK","MEX","Club AmÃ©rica","FALSE","7/13/1985"
"14","Mexico","","FW","MEX","C.D. Guadalajara","FALSE","6/1/1988"
"15","Mexico","","DF","NED","AZ (football club)","FALSE","1/17/1988"
"16","Mexico","","DF","MEX","Club Universidad Nacional","FALSE","2/22/1988"
"17","Mexico","Giovani dos Santos","FW","TUR","Galatasaray S.K. (football team)","FALSE","5/11/1989"
"18","Mexico","","MF","ESP","Deportivo de La CoruÃ±a","FALSE","9/28/1986"
"19","Mexico","","DF","MEX","C.D. Guadalajara","FALSE","11/21/1981"
"20","Mexico","Jorge Torres Nilo","DF","MEX","Club Atlas","FALSE","1/16/1988"
"21","Mexico","Adolfo Bautista","FW","MEX","C.D. Guadalajara","FALSE","5/15/1979"
"22","Mexico","Alberto Medina","MF","MEX","C.D. Guadalajara","FALSE","5/29/1983"
"23","Mexico","Luis Ernesto Michel","GK","MEX","C.D. Guadalajara","FALSE","7/21/1979"
"1","Uruguay","Fernando Muslera","GK","ITA","S.S. Lazio","FALSE","6/16/1986"
"2","Uruguay","Diego Lugano","DF","TUR","FenerbahÃ§e S.K.","TRUE","11/2/1980"
"3","Uruguay","","DF","ESP","Villarreal CF","FALSE","2/16/1986"
"4","Uruguay","Jorge Fucile","DF","POR","F.C. Porto","FALSE","11/19/1984"
"5","Uruguay","Walter Gargano","MF","ITA","S.S.C. Napoli","FALSE","7/23/1984"
"6","Uruguay","Mauricio Victorino","DF","CHI","C.F. Universidad de Chile","FALSE","10/11/1982"
"7","Uruguay","Edinson Cavani","FW","ITA","U.S. CittÃ  di Palermo","FALSE","2/14/1987"
"8","Uruguay","","MF","SWE","AIK Fotboll","FALSE","1/8/1981"
"9","Uruguay","","FW","NED","AFC Ajax","FALSE","1/24/1987"
"10","Uruguay","","FW","ESP","AtlÃ©tico Madr","FALSE","5/19/1979"
"11","Uruguay","Ãlvaro Pereira","MF","POR","F.C. Porto","FALSE","11/28/1985"
"12","Uruguay","Juan Guillermo Castillo","GK","COL","Deportivo Ca","FALSE","4/17/1978"
"13","Uruguay","","FW","BRA","Botafogo de Futebol e Regatas","FALSE","10/17/1976"
"14","Uruguay","","MF","NED","AFC Ajax","FALSE","3/21/1989"
"15","Uruguay","","MF","FRA","AS Monaco FC","FALSE","5/18/1980"
"16","Uruguay","Maximiliano Pereira","DF","POR","S.L. Benfica","FALSE","6/8/1984"
"17","Uruguay","","MF","URU","C.A. PeÃ±arol","FALSE","1/1/1982"
"18","Uruguay","","MF","ESP","Valencia CF","FALSE","5/14/1982"
"19","Uruguay","","DF","CHI","Colo-Co","FALSE","12/14/1974"
"20","Uruguay","","MF","CHI","C.F. Universidad de Chile","FALSE","10/11/1985"
"21","Uruguay","","FW","ARG","Club AtlÃ©tico Banfield","FALSE","5/23/1985"
"22","Uruguay","","DF","ESP","FC Sevilla","FALSE","4/7/1987"
"23","Uruguay","","GK","URU","Defensor Sporti","FALSE","3/25/1983"
"1","France","Hugo Lloris","GK","FRA","Olympique Lyonnais","FALSE","12/26/1986"
"2","France","Bacary Sagna","DF","ENG","Arsenal F.C.","FALSE","2/14/1983"
"3","France","","DF","ESP","FC Barcelona","FALSE","9/11/1979"
"4","France","","DF","FRA","Olympique Lyonnais","FALSE","11/10/1979"
"5","France","William Gallas","DF","ENG","Arsenal F.C.","FALSE","8/17/1977"
"6","France","Marc Planus","DF","FRA","FC Girondins de Bordeaux","FALSE","3/7/1982"
"7","France","","MF","GER","FC Bayern Munich","FALSE","4/7/1983"
"8","France","Yoann Gourcuff","MF","FRA","Olympique Lyonnais","FALSE","7/11/1986"
"9","France","","FW","GRE","Panathinaikos F.C.","FALSE","8/12/1981"
"10","France","Sidney Govou","FW","FRA","Olympique Lyonnais","FALSE","7/27/1979"
"11","France","","FW","FRA","Olympique de Marseille","FALSE","12/5/1985"
"12","France","Thierry Henry","FW","ESP","FC Barcelona","FALSE","8/17/1977"
"13","France","Patrice Evra","DF","ENG","Manchester United F.C.","TRUE","5/15/1981"
"14","France","","MF","FRA","Olympique Lyonnais","FALSE","9/10/1983"
"15","France","Florent Malouda","MF","ENG","Chelsea F.C.","FALSE","6/13/1980"
"16","France","Steve Mandanda","GK","FRA","Olympique de Marseille","FALSE","3/28/1985"
"17","France","","DF","ENG","Arsenal F.C.","FALSE","8/11/1980"
"18","France","Alou Diarra","MF","FRA","FC Girondins de Bordeaux","FALSE","7/15/1981"
"19","France","Abou Diaby","MF","ENG","Arsenal F.C.","FALSE","5/11/1986"
"20","France","Mathieu Valbuena","MF","FRA","Olympique de Marseille","FALSE","9/28/1984"
"21","France","Nicolas Anelka","FW","ENG","Chelsea F.C.","FALSE","3/14/1979"
"22","France","","DF","ENG","Arsenal F.C.","FALSE","7/26/1985"
"23","France","","GK","FRA","FC Girondins de Bordeaux","FALSE","12/30/1981"
"1","Argentina","Diego Pozo","GK","ARG","Club AtlÃ©tico ColÃ³n","FALSE","2/16/1978"
"2","Argentina","","DF","GER","FC Bayern Munich","FALSE","12/20/1980"
"3","Argentina","","DF","ARG","Estudiantes de La Plata","FALSE","7/31/1981"
"4","Argentina","","DF","ITA","A.S. Roma","FALSE","4/12/1981"
"5","Argentina","Mario Bolatti","MF","ITA","ACF Fiorentina","FALSE","2/17/1985"
"6","Argentina","Gabriel Heinze","DF","FRA","Olympique de Marseille","FALSE","4/19/1978"
"7","Argentina","","MF","POR","S.L. Benfica","FALSE","2/14/1988"
"8","Argentina","","MF","ARG","Estudiantes de La Plata","FALSE","3/9/1975"
"9","Argentina","","FW","ESP","Real Madrid C.F.","FALSE","12/10/1987"
"10","Argentina","Lionel Messi","FW","ESP","FC Barcelona","FALSE","6/24/1987"
"11","Argentina","","FW","ENG","Manchester City F.C.","FALSE","2/5/1984"
"12","Argentina","","DF","ARG","Club AtlÃ©tico ColÃ³n","FALSE","7/14/1979"
"13","Argentina","Walter Samuel","DF","ITA","F.C. Internazionale Milano","FALSE","3/23/1978"
"14","Argentina","Javier Mascherano","MF","ENG","Liverpool F.C.","TRUE","6/8/1984"
"15","Argentina","","DF","ARG","Club AtlÃ©tico VÃ©lez SÃ¡rsfield","FALSE","2/12/1988"
"16","Argentina","","FW","ESP","AtlÃ©tico Madr","FALSE","6/2/1988"
"17","Argentina","","MF","ENG","Newcastle United F.C.","FALSE","7/5/1983"
"18","Argentina","","FW","ARG","Boca Junio","FALSE","11/7/1973"
"19","Argentina","Diego Milito","FW","ITA","F.C. Internazionale Milano","FALSE","6/12/1979"
"20","Argentina","","MF","ENG","Liverpool F.C.","FALSE","1/2/1981"
"21","Argentina","Mariano AndÃºjar","GK","ITA","Calcio Catania","FALSE","7/30/1983"
"22","Argentina","Sergio Romero","GK","NED","AZ (football club)","FALSE","2/22/1987"
"23","Argentina","Javier Pastore","MF","ITA","U.S. CittÃ  di Palermo","FALSE","6/20/1989"
"1","Nigeria","Vincent Enyeama","GK","ISR","Hapoel Tel Aviv F.C.","FALSE","8/29/1982"
"2","Nigeria","Joseph Yobo","DF","ENG","Everton F.C.","TRUE","9/6/1980"
"3","Nigeria","Taye Taiwo","DF","FRA","Olympique de Marseille","FALSE","4/16/1985"
"4","Nigeria","Nwankwo Kanu","FW","ENG","Portsmouth F.C.","FALSE","8/1/1976"
"5","Nigeria","Rabiu Afolabi","DF","AUT","FC Red Bull Salzburg","FALSE","4/18/1980"
"6","Nigeria","Danny Shittu","DF","ENG","Bolton Wanderers F.C.","FALSE","9/2/1980"
"7","Nigeria","John Utaka","FW","ENG","Portsmouth F.C.","FALSE","1/8/1982"
"8","Nigeria","Yakubu Aiyegbeni","FW","ENG","Everton F.C.","FALSE","11/22/1982"
"9","Nigeria","Obafemi Martins","FW","GER","VfL Wolfsbu","FALSE","10/28/1984"
"10","Nigeria","","FW","FRA","FC Sochaux-MontbÃ©liard","FALSE","10/10/1988"
"11","Nigeria","Peter Odemwingie","FW","RUS","FC Lokomotiv Moscow","FALSE","7/15/1981"
"12","Nigeria","Kalu Uche","FW","ESP","UD AlmerÃ­a","FALSE","11/15/1982"
"13","Nigeria","Ayila Yussuf","MF","UKR","FC Dynamo Kyiv","FALSE","11/4/1984"
"14","Nigeria","Sani Kaita","MF","RUS","FC Alania Vladikavkaz","FALSE","5/2/1986"
"15","Nigeria","Lukman Haruna","MF","FRA","AS Monaco FC","FALSE","4/12/1990"
"16","Nigeria","Austin Ejide","GK","ISR","Hapoel Petah Tikva F.C.","FALSE","4/8/1984"
"17","Nigeria","Chidi Odiah","DF","RUS","PFC CSKA Moscow","FALSE","12/17/1983"
"18","Nigeria","Victor Nsofor Obinna","FW","ESP","MÃ¡laga CF","FALSE","3/25/1987"
"19","Nigeria","Chinedu Obasi","FW","GER","TSG 1899 Hoffenheim","FALSE","6/1/1986"
"20","Nigeria","Dickson Etuhu","MF","ENG","Fulham F.C.","FALSE","6/8/1982"
"21","Nigeria","","DF","FRA","Stade Rennais F.C.","FALSE","1/20/1988"
"22","Nigeria","Dele Adeleye","DF","NED","Sparta Rotterd","FALSE","12/25/1988"
"23","Nigeria","Dele Aiyenugba","GK","ISR","Bnei Yehuda Tel Aviv F.C.","FALSE","11/20/1983"
"1","Korea Republic","Lee Woon-Jae","GK","KOR","Suwon Samsung Bluewin","FALSE","4/26/1973"
"2","Korea Republic","Oh Beom-Seok","DF","KOR","Ulsan Hyundai FC","FALSE","7/29/1984"
"3","Korea Republic","Kim Hyung-Il","DF","KOR","Pohang Steele","FALSE","4/27/1984"
"4","Korea Republic","Cho Yong-Hyung","MF","KOR","Jeju United FC","FALSE","11/3/1983"
"5","Korea Republic","Kim Nam-Il","MF","RUS","FC Tom Tomsk","FALSE","3/14/1977"
"6","Korea Republic","Kim Bo-Kyung","MF","JPN","Oita Trini","FALSE","10/6/1989"
"7","Korea Republic","Park Ji-Sung","MF","ENG","Manchester United F.C.","TRUE","2/25/1981"
"8","Korea Republic","Kim Jung-Woo","FW","KOR","Sangju Sangmu Phoenix","FALSE","5/9/1982"
"9","Korea Republic","Ahn Jung-Hwan","FW","CHN","Dalian Shide F.C.","FALSE","1/27/1976"
"10","Korea Republic","Park Chu-Young","FW","FRA","AS Monaco FC","FALSE","7/10/1985"
"11","Korea Republic","Lee Seung-Yeoul","FW","KOR","FC Seo","FALSE","3/6/1989"
"12","Korea Republic","Lee Young-Pyo","DF","KSA","Al-Hilal Riyadh","FALSE","4/23/1977"
"13","Korea Republic","Kim Jae-Sung","MF","KOR","Pohang Steele","FALSE","10/3/1983"
"14","Korea Republic","Lee Jung-Soo","DF","JPN","Kashima Antle","FALSE","1/8/1980"
"15","Korea Republic","Kim Dong-Jin","DF","KOR","Ulsan Hyundai FC","FALSE","1/29/1982"
"16","Korea Republic","Ki Sung-Yong","MF","SCO","Celtic F.C.","FALSE","1/24/1989"
"17","Korea Republic","Lee Chung-Yong","MF","ENG","Bolton Wanderers F.C.","FALSE","7/2/1988"
"18","Korea Republic","Jung Sung-Ryong","GK","KOR","Seongnam Ilhwa Chun","FALSE","1/4/1985"
"19","Korea Republic","Yeom Ki-Hun","FW","KOR","Suwon Samsung Bluewin","FALSE","3/30/1983"
"20","Korea Republic","Lee Dong-Gook","FW","KOR","Jeonbuk Hyundai Moto","FALSE","4/29/1979"
"21","Korea Republic","Kim Young-Kwang","GK","KOR","Ulsan Hyundai FC","FALSE","6/28/1983"
"22","Korea Republic","Cha Du-Ri","DF","GER","SC Freibu","FALSE","7/25/1980"
"23","Korea Republic","Kang Min-Soo","DF","KOR","Suwon Samsung Bluewin","FALSE","2/14/1986"
"1","Greece","Kostas Chalkias","GK","GRE","PAOK F.C.","FALSE","5/30/1974"
"2","Greece","Giourkas Seitaridis","DF","GRE","Panathinaikos F.C.","FALSE","6/4/1981"
"3","Greece","Christos Patsatzoglou","DF","CYP","AC Omonia","FALSE","3/19/1979"
"4","Greece","Nikos Spiropoulos","MF","GRE","Panathinaikos F.C.","FALSE","10/10/1983"
"5","Greece","Vangelis Moras","DF","ITA","Bologna F.C. 1909","FALSE","8/18/1981"
"6","Greece","Alexandros Tziolis","MF","ITA","A.C. Siena","FALSE","2/13/1985"
"7","Greece","Georgios Samaras","FW","SCO","Celtic F.C.","FALSE","2/21/1985"
"8","Greece","Avraam Papadopoulos","DF","GRE","Olympiacos F.C.","FALSE","1/3/1984"
"9","Greece","Angelos Charisteas","FW","GER","1. FC NÃ¼rnbe","FALSE","2/9/1980"
"10","Greece","Giorgos Karagounis","MF","GRE","Panathinaikos F.C.","TRUE","3/6/1977"
"11","Greece","Loukas Vyntra","DF","GRE","Panathinaikos F.C.","FALSE","2/5/1981"
"12","Greece","Alexandros Tzorvas","GK","GRE","Panathinaikos F.C.","FALSE","8/12/1982"
"13","Greece","Michalis Sifakis","GK","GRE","Aris Thessaloniki F.C.","FALSE","9/9/1984"
"14","Greece","Dimitris Salpingidis","FW","GRE","Panathinaikos F.C.","FALSE","8/18/1981"
"15","Greece","Vasilis Torosidis","DF","GRE","Olympiacos F.C.","FALSE","6/10/1985"
"16","Greece","Sotirios Kyrgiakos","DF","ENG","Liverpool F.C.","FALSE","7/23/1979"
"17","Greece","Theofanis Gekas","FW","GER","Hertha B","FALSE","5/23/1980"
"18","Greece","Sotiris Ninis","MF","GRE","Panathinaikos F.C.","FALSE","4/3/1990"
"19","Greece","Sokratis Papastathopoulos","DF","ITA","Genoa C.F.C.","FALSE","6/9/1988"
"20","Greece","Pantelis Kapetanos","FW","ROM","FC Steaua BucureÅŸti","FALSE","6/8/1983"
"21","Greece","Kostas Katsouranis","MF","GRE","Panathinaikos F.C.","FALSE","6/21/1979"
"22","Greece","Stelios Malezas","DF","GRE","PAOK F.C.","FALSE","3/11/1985"
"23","Greece","Athanassios Prittas","MF","GRE","Aris Thessaloniki F.C.","FALSE","1/9/1979"
"1","England","David James (footballer)","GK","ENG","Portsmouth F.C.","FALSE","8/1/1970"
"2","England","Glen Johnson (English footballer)","DF","ENG","Liverpool F.C.","FALSE","8/23/1984"
"3","England","Ashley Cole","DF","ENG","Chelsea F.C.","FALSE","12/20/1980"
"4","England","Steven Gerrard","MF","ENG","Liverpool F.C.","TRUE","5/30/1980"
"5","England","Michael Dawson (footballer)","DF","ENG","Tottenham Hotspur F.C.","FALSE","11/18/1983"
"6","England","John Terry","DF","ENG","Chelsea F.C.","FALSE","12/7/1980"
"7","England","Aaron Lennon","MF","ENG","Tottenham Hotspur F.C.","FALSE","4/16/1987"
"8","England","Frank Lampard","MF","ENG","Chelsea F.C.","FALSE","6/20/1978"
"9","England","Peter Crouch","FW","ENG","Tottenham Hotspur F.C.","FALSE","1/30/1981"
"10","England","Wayne Rooney","FW","ENG","Manchester United F.C.","FALSE","10/24/1985"
"11","England","Joe Cole","MF","ENG","Chelsea F.C.","FALSE","11/8/1981"
"12","England","Robert Green","GK","ENG","West Ham United F.C.","FALSE","1/18/1980"
"13","England","Stephen Warnock","DF","ENG","Aston Villa F.C.","FALSE","12/12/1981"
"14","England","Gareth Barry","MF","ENG","Manchester City F.C.","FALSE","2/23/1981"
"15","England","Matthew Upson","DF","ENG","West Ham United F.C.","FALSE","4/18/1979"
"16","England","James Milner","MF","ENG","Aston Villa F.C.","FALSE","1/4/1986"
"17","England","Shaun Wright-Phillips","MF","ENG","Manchester City F.C.","FALSE","10/25/1981"
"18","England","Jamie Carragher","DF","ENG","Liverpool F.C.","FALSE","1/28/1978"
"19","England","Jermain Defoe","FW","ENG","Tottenham Hotspur F.C.","FALSE","10/7/1982"
"20","England","Ledley King","DF","ENG","Tottenham Hotspur F.C.","FALSE","10/12/1980"
"21","England","Emile Heskey","FW","ENG","Aston Villa F.C.","FALSE","1/11/1978"
"22","England","Michael Carrick","MF","ENG","Manchester United F.C.","FALSE","7/28/1981"
"23","England","Joe Hart","GK","ENG","Birmingham City F.C.","FALSE","4/19/1987"
"1","United States","Tim Howard","GK","ENG","Everton F.C.","FALSE","3/6/1979"
"2","United States","Jonathan Spector","DF","ENG","West Ham United F.C.","FALSE","3/1/1986"
"3","United States","Carlos Bocanegra","DF","FRA","Stade Rennais F.C.","TRUE","5/25/1979"
"4","United States","Michael Bradley","MF","GER","Borussia MÃ¶nchengladba","FALSE","7/31/1987"
"5","United States","Oguchi Onyewu","DF","ITA","A.C. Milan","FALSE","5/13/1982"
"6","United States","Steve Cherundolo","DF","GER","Hannover ","FALSE","2/19/1979"
"7","United States","DaMarcus Beasley","MF","SCO","Rangers F.C.","FALSE","5/24/1982"
"8","United States","Clint Dempsey","MF","ENG","Fulham F.C.","FALSE","3/9/1983"
"9","United States","Herculez Gomez","FW","MEX","Puebla F.C.","FALSE","4/6/1982"
"10","United States","Landon Donovan","MF","USA","Los Angeles Gala","FALSE","3/4/1982"
"11","United States","Stuart Holden","MF","ENG","Bolton Wanderers F.C.","FALSE","8/1/1985"
"12","United States","Jonathan Bornstein","DF","USA","C.D. Chivas USA","FALSE","11/7/1984"
"13","United States","Ricardo Clark","MF","GER","Eintracht Frankfu","FALSE","3/10/1983"
"14","United States","Edson Buddle","FW","USA","Los Angeles Gala","FALSE","5/21/1981"
"15","United States","Jay DeMerit","DF","ENG","Watford F.C.","FALSE","12/4/1979"
"16","United States","","MF","MEX","C.F. Pachuca","FALSE","10/29/1987"
"17","United States","Jozy Altidore","FW","ENG","Hull City A.F.C.","FALSE","11/6/1989"
"18","United States","Brad Guzan","GK","ENG","Aston Villa F.C.","FALSE","9/9/1984"
"19","United States","Maurice Edu","MF","SCO","Rangers F.C.","FALSE","4/18/1986"
"20","United States","Robbie Findley","FW","USA","Real Salt La","FALSE","8/4/1985"
"21","United States","Clarence Goodson","DF","NOR","IK Start","FALSE","5/17/1982"
"22","United States","Benny Feilhaber","MF","DEN","Aarhus Gymnastikforening","FALSE","1/19/1985"
"23","United States","Marcus Hahnemann","GK","ENG","Wolverhampton Wanderers F.C.","FALSE","6/15/1972"
"1","United States","","GK","ALG","ASO Chl","FALSE","9/28/1977"
"2","United States","Madjid Bougherra","DF","SCO","Rangers F.C.","FALSE","10/7/1982"
"3","United States","Nadir Belhadj","DF","ENG","Portsmouth F.C.","FALSE","6/18/1982"
"4","United States","Antar Yahia","DF","GER","VfL Boch","TRUE","3/21/1982"
"5","United States","Rafik Halliche","DF","POR","C.D. Nacional","FALSE","9/2/1986"
"6","United States","Yazid Mansouri","MF","FRA","FC Lorient","FALSE","2/25/1978"
"7","United States","Ryad Boudebouz","MF","FRA","FC Sochaux-MontbÃ©liard","FALSE","2/19/1990"
"8","United States","Medhi Lacen","MF","ESP","Racing de Santander","FALSE","1984-15-5"
"9","United States","Abdelkader Ghezzal","FW","ITA","A.C. Siena","FALSE","12/5/1984"
"10","United States","","FW","FRA","FC Istres","FALSE","2/7/1975"
"11","United States","Rafik Djebbour","FW","GRE","AEK Athens F.C.","FALSE","3/8/1984"
"12","United States","","DF","GER","Eintracht Frankfu","FALSE","3/28/1986"
"13","United States","Karim Matmour","FW","GER","Borussia MÃ¶nchengladba","FALSE","6/25/1984"
"14","United States","","DF","ALG","ES SÃ©t","FALSE","7/29/1981"
"15","United States","Karim Ziani","MF","GER","VfL Wolfsbu","FALSE","8/17/1982"
"16","United States","Faouzi Chaouchi","GK","ALG","ES SÃ©t","FALSE","12/5/1984"
"17","United States","","MF","ENG","Wolverhampton Wanderers F.C.","FALSE","11/12/1985"
"18","United States","Carl Medjani","DF","FRA","AC Ajaccio","FALSE","5/15/1985"
"19","United States","Hassan Yebda","MF","ENG","Portsmouth F.C.","FALSE","4/14/1984"
"20","United States","Djamel Mesbah","DF","ITA","U.S. Lecce","FALSE","10/9/1984"
"21","United States","Foued Kadir","MF","FRA","Valenciennes FC","FALSE","12/5/1983"
"22","United States","Djamel Abdoun","MF","FRA","FC Nantes","FALSE","2/14/1986"
"23","United States","","GK","BUL","PFC Slavia Sofia","FALSE","4/25/1986"
"1","Algeria","","GK","ALG","ASO Chl","FALSE","9/28/1977"
"2","Algeria","Madjid Bougherra","DF","SCO","Rangers F.C.","FALSE","10/7/1982"
"3","Algeria","Nadir Belhadj","DF","ENG","Portsmouth F.C.","FALSE","6/18/1982"
"4","Algeria","Antar Yahia","DF","GER","VfL Boch","TRUE","3/21/1982"
"5","Algeria","Rafik Halliche","DF","POR","C.D. Nacional","FALSE","9/2/1986"
"6","Algeria","Yazid Mansouri","MF","FRA","FC Lorient","FALSE","2/25/1978"
"7","Algeria","Ryad Boudebouz","MF","FRA","FC Sochaux-MontbÃ©liard","FALSE","2/19/1990"
"8","Algeria","Medhi Lacen","MF","ESP","Racing de Santander","FALSE","1984-15-5"
"9","Algeria","Abdelkader Ghezzal","FW","ITA","A.C. Siena","FALSE","12/5/1984"
"10","Algeria","","FW","FRA","FC Istres","FALSE","2/7/1975"
"11","Algeria","Rafik Djebbour","FW","GRE","AEK Athens F.C.","FALSE","3/8/1984"
"12","Algeria","","DF","GER","Eintracht Frankfu","FALSE","3/28/1986"
"13","Algeria","Karim Matmour","FW","GER","Borussia MÃ¶nchengladba","FALSE","6/25/1984"
"14","Algeria","","DF","ALG","ES SÃ©t","FALSE","7/29/1981"
"15","Algeria","Karim Ziani","MF","GER","VfL Wolfsbu","FALSE","8/17/1982"
"16","Algeria","Faouzi Chaouchi","GK","ALG","ES SÃ©t","FALSE","12/5/1984"
"17","Algeria","","MF","ENG","Wolverhampton Wanderers F.C.","FALSE","11/12/1985"
"18","Algeria","Carl Medjani","DF","FRA","AC Ajaccio","FALSE","5/15/1985"
"19","Algeria","Hassan Yebda","MF","ENG","Portsmouth F.C.","FALSE","4/14/1984"
"20","Algeria","Djamel Mesbah","DF","ITA","U.S. Lecce","FALSE","10/9/1984"
"21","Algeria","Foued Kadir","MF","FRA","Valenciennes FC","FALSE","12/5/1983"
"22","Algeria","Djamel Abdoun","MF","FRA","FC Nantes","FALSE","2/14/1986"
"23","Algeria","","GK","BUL","PFC Slavia Sofia","FALSE","4/25/1986"
"1","Slovenia","","GK","ITA","Udinese Calcio","FALSE","7/14/1984"
"2","Slovenia","","DF","GER","1. FC KÃ¶","FALSE","5/1/1984"
"3","Slovenia","","DF","SVN","NK Maribor","FALSE","8/25/1985"
"4","Slovenia","","DF","BEL","K.A.A. Gent","FALSE","3/9/1983"
"5","Slovenia","","DF","FRA","Grenoble Foot 38","FALSE","7/9/1982"
"6","Slovenia","Branko IliÄ","DF","RUS","FC Lokomotiv Moscow","FALSE","2/6/1983"
"7","Slovenia","Nejc PeÄnik","FW","POR","C.D. Nacional","FALSE","1/3/1986"
"8","Slovenia","Robert Koren","MF","ENG","West Bromwich Albion F.C.","TRUE","9/20/1980"
"9","Slovenia","Zlatan LjubijankiÄ","FW","BEL","K.A.A. Gent","FALSE","12/15/1983"
"10","Slovenia","Valter Birsa","FW","FRA","AJ Auxerre","FALSE","8/7/1986"
"11","Slovenia","Milivoje NovakoviÄ","FW","GER","1. FC KÃ¶","FALSE","5/18/1979"
"12","Slovenia","Jasmin HandanoviÄ","GK","ITA","A.C. Mantova","FALSE","1/28/1978"
"13","Slovenia","","DF","ITA","A.C. Chievo Verona","FALSE","5/17/1986"
"14","Slovenia","Zlatko DediÄ","FW","GER","VfL Boch","FALSE","5/10/1984"
"15","Slovenia","Rene Krhin","MF","ITA","F.C. Internazionale Milano","FALSE","5/21/1990"
"16","Slovenia","","GK","NED","Sparta Rotterd","FALSE","2/1/1980"
"17","Slovenia","","MF","POL","WisÅ‚a KrakÃ","FALSE","9/6/1984"
"18","Slovenia","","MF","GRE","Larissa F.C.","FALSE","4/25/1979"
"19","Slovenia","Suad FilekoviÄ","DF","SVN","NK Maribor","FALSE","9/16/1978"
"20","Slovenia","Andrej Komac","MF","ISR","Maccabi Tel Aviv F.C.","FALSE","12/4/1979"
"21","Slovenia","Dalibor StevanoviÄ","MF","NED","Vites","FALSE","9/27/1984"
"22","Slovenia","Matej MavriÄ","DF","GER","TuS Koble","FALSE","1/29/1979"
"23","Slovenia","","FW","NED","FC Groningen","FALSE","1/13/1989"
"1","Germany","Manuel Neuer","GK","GER","FC Schalke 04","FALSE","3/27/1986"
"2","Germany","Marcell Jansen","DF","GER","Hamburger ","FALSE","11/4/1985"
"3","Germany","Arne Friedrich","DF","GER","Hertha B","FALSE","5/29/1979"
"4","Germany","Dennis Aogo","DF","GER","Hamburger ","FALSE","1/14/1987"
"5","Germany","Serdar Tasci","DF","GER","VfB Stuttga","FALSE","4/24/1987"
"6","Germany","Sami Khedira","MF","GER","VfB Stuttga","FALSE","4/4/1987"
"7","Germany","Bastian Schweinsteiger","MF","GER","FC Bayern Munich","FALSE","8/1/1984"
"8","Germany","","MF","GER","SV Werder Bremen","FALSE","10/15/1988"
"9","Germany","Stefan KieÃŸling","FW","GER","Bayer 04 Leverkusen","FALSE","1/25/1984"
"10","Germany","Lukas Podolski","MF","GER","1. FC KÃ¶","FALSE","6/4/1985"
"11","Germany","Miroslav Klose","FW","GER","FC Bayern Munich","FALSE","6/9/1978"
"12","Germany","Tim Wiese","GK","GER","SV Werder Bremen","FALSE","12/17/1981"
"13","Germany","","MF","GER","FC Bayern Munich","FALSE","9/13/1989"
"14","Germany","Holger Badstuber","DF","GER","FC Bayern Munich","FALSE","3/13/1989"
"15","Germany","Piotr Trochowski","MF","GER","Hamburger ","FALSE","3/22/1984"
"16","Germany","Philipp Lahm","DF","GER","FC Bayern Munich","TRUE","11/11/1983"
"17","Germany","Per Mertesacker","DF","GER","SV Werder Bremen","FALSE","9/29/1984"
"18","Germany","Toni Kroos","MF","GER","Bayer 04 Leverkusen","FALSE","1/4/1990"
"19","Germany","Cacau","FW","GER","VfB Stuttga","FALSE","3/27/1981"
"20","Germany","","DF","GER","Hamburger ","FALSE","9/3/1988"
"21","Germany","Marko Marin","MF","GER","SV Werder Bremen","FALSE","3/13/1989"
"22","Germany","","GK","GER","FC Bayern Munich","FALSE","5/28/1974"
"23","Germany","","FW","GER","FC Bayern Munich","FALSE","7/10/1985"
"1","Australia","Mark Schwarzer","GK","ENG","Fulham F.C.","FALSE","10/6/1972"
"2","Australia","Lucas Neill","DF","TUR","Galatasaray S.K. (football team)","TRUE","3/9/1978"
"3","Australia","Craig Moore","DF","","Free agent","FALSE","12/12/1975"
"4","Australia","Tim Cahill","MF","ENG","Everton F.C.","FALSE","12/6/1979"
"5","Australia","Jason ÄŒulina","MF","AUS","Gold Coast United FC","FALSE","8/5/1980"
"6","Australia","Michael Beauchamp","DF","UAE","Al-Jazira Club","FALSE","3/8/1981"
"7","Australia","Brett Emerton","MF","ENG","Blackburn Rovers F.C.","FALSE","2/22/1979"
"8","Australia","Luke Wilkshire","DF","RUS","FC Dynamo Moscow","FALSE","10/1/1981"
"9","Australia","Joshua Kennedy","FW","JPN","Nagoya Gramp","FALSE","8/20/1982"
"10","Australia","Harry Kewell","FW","TUR","Galatasaray S.K. (football team)","FALSE","9/22/1978"
"11","Australia","Scott Chipperfield","DF","SUI","FC Basel","FALSE","12/30/1975"
"12","Australia","Adam Federici","GK","ENG","Reading F.C.","FALSE","1/31/1985"
"13","Australia","Vince Grella","MF","ENG","Blackburn Rovers F.C.","FALSE","10/5/1979"
"14","Australia","Brett Holman","FW","NED","AZ (football club)","FALSE","3/27/1984"
"15","Australia","Mile Jedinak","MF","TUR","Antalyasp","FALSE","8/3/1984"
"16","Australia","Carl Valeri","MF","ITA","U.S. Sassuolo Calcio","FALSE","8/14/1984"
"17","Australia","Nikita Rukavytsya","FW","BEL","clubK.S.V. Roeselare","FALSE","6/22/1987"
"18","Australia","","GK","AUS","Adelaide United FC","FALSE","6/12/1981"
"19","Australia","Richard Garcia","MF","ENG","Hull City A.F.C.","FALSE","9/4/1981"
"20","Australia","Mark Milligan","DF","JPN","JEF United Ichihara Chiba","FALSE","9/4/1985"
"21","Australia","David Carney","DF","NED","FC Twente","FALSE","11/3/1983"
"22","Australia","","MF","GER","MSV Duisbu","FALSE","4/12/1987"
"23","Australia","Mark Bresciano","MF","ITA","U.S. CittÃ  di Palermo","FALSE","2/11/1980"
"1","Serbia","","GK","ENG","Wigan Athletic F.C.","FALSE","7/29/1983"
"2","Serbia","Antonio Rukavina","DF","GER","TSV 1860 MÃ¼nchen","FALSE","1/26/1984"
"3","Serbia","Aleksandar Kolarov","DF","ITA","S.S. Lazio","FALSE","11/10/1985"
"4","Serbia","Gojko KaÄar","MF","GER","Hertha B","FALSE","1/26/1987"
"5","Serbia","","DF","ENG","Manchester United F.C.","FALSE","10/21/1981"
"6","Serbia","","DF","ENG","Chelsea F.C.","FALSE","2/22/1984"
"7","Serbia","","MF","GER","1. FC KÃ¶","FALSE","4/28/1987"
"8","Serbia","","FW","RUS","FC Zenit Saint Petersburg","FALSE","5/17/1983"
"9","Serbia","","FW","NED","AFC Ajax","FALSE","9/15/1978"
"10","Serbia","","MF","ITA","F.C. Internazionale Milano","TRUE","9/11/1978"
"11","Serbia","","MF","ENG","Wolverhampton Wanderers F.C.","FALSE","4/30/1983"
"12","Serbia","","GK","POL","ZagÅ‚Ä™bie Lub","FALSE","3/25/1980"
"13","Serbia","","DF","ITA","Udinese Calcio","FALSE","10/23/1982"
"14","Serbia","","MF","BEL","Standard LiÃ¨","FALSE","4/18/1981"
"15","Serbia","","FW","ESP","Valencia CF","FALSE","9/25/1980"
"16","Serbia","","DF","ESP","Real Zarago","FALSE","7/25/1988"
"17","Serbia","","MF","RUS","PFC CSKA Moscow","FALSE","11/1/1984"
"18","Serbia","","MF","UKR","FC Dynamo Kyiv","FALSE","12/25/1984"
"19","Serbia","","MF","SRB","FK Partizan","FALSE","3/8/1989"
"20","Serbia","","DF","GER","Borussia Dortmu","FALSE","12/10/1988"
"21","Serbia","","FW","SRB","FK Vojvodina","FALSE","1/23/1984"
"22","Serbia","","MF","GER","VfB Stuttga","FALSE","9/22/1987"
"23","Serbia","","GK","POR","U.D. Leiria","FALSE","11/21/1980"
"1","Ghana","Daniel Adjei","GK","GHA","Liberty Professionals F.C.","FALSE","11/10/1989"
"2","Ghana","Hans Sarpei","DF","GER","Bayer 04 Leverkusen","FALSE","6/28/1976"
"3","Ghana","Asamoah Gyan","FW","FRA","Stade Rennais F.C.","FALSE","11/22/1985"
"4","Ghana","John Paintsil","DF","ENG","Fulham F.C.","FALSE","6/15/1981"
"5","Ghana","John Mensah","DF","ENG","Sunderland A.F.C.","TRUE","11/29/1982"
"6","Ghana","Anthony Annan","MF","NOR","Rosenborg BK","FALSE","7/21/1986"
"7","Ghana","Samuel Inkoom","DF","SUI","FC Basel","FALSE","8/22/1989"
"8","Ghana","Jonathan Mensah","DF","ESP","Granada CF","FALSE","7/13/1990"
"9","Ghana","Derek Boateng","MF","ESP","Getafe CF","FALSE","4/2/1983"
"10","Ghana","Stephen Appiah","MF","ITA","Bologna F.C. 1909","FALSE","12/24/1980"
"11","Ghana","Sulley Muntari","MF","ITA","F.C. Internazionale Milano","FALSE","8/27/1984"
"12","Ghana","Prince Tagoe","FW","GER","TSG 1899 Hoffenheim","FALSE","11/9/1986"
"13","Ghana","","MF","FRA","AC Arles-Avignon","FALSE","12/17/1989"
"14","Ghana","Matthew Amoah","FW","NED","NAC Breda","FALSE","10/24/1980"
"15","Ghana","Isaac Vorsah","DF","GER","TSG 1899 Hoffenheim","FALSE","6/21/1988"
"16","Ghana","Stephen Ahorlu","GK","GHA","Heart of Lio","FALSE","5/10/1989"
"17","Ghana","Abdul Rahim Ayew","DF","EGY","Zamalek SC","FALSE","4/16/1988"
"18","Ghana","Dominic Adiyiah","FW","ITA","A.C. Milan","FALSE","11/29/1989"
"19","Ghana","Lee Addy","DF","GHA","Bechem Chels","FALSE","9/26/1985"
"20","Ghana","Quincy Owusu-Abeyie","MF","QAT","Al-Sadd Sports Club","FALSE","4/15/1986"
"21","Ghana","Kwadwo Asamoah","MF","ITA","Udinese Calcio","FALSE","9/9/1988"
"22","Ghana","Richard Kingson","GK","ENG","Wigan Athletic F.C.","FALSE","6/13/1978"
"23","Ghana","Kevin-Prince Boateng","MF","ENG","Portsmouth F.C.","FALSE","3/6/1987"
"1","Netherlands","Maarten Stekelenburg","GK","NED","AFC Ajax","FALSE","9/22/1982"
"2","Netherlands","Gregory van der Wiel","DF","NED","AFC Ajax","FALSE","2/3/1988"
"3","Netherlands","John Heitinga","DF","ENG","Everton F.C.","FALSE","11/15/1983"
"4","Netherlands","Joris Mathijsen","DF","GER","Hamburger ","FALSE","4/5/1980"
"5","Netherlands","Giovanni van Bronckhorst","DF","NED","Feyenoo","TRUE","2/5/1975"
"6","Netherlands","Mark van Bommel","MF","GER","FC Bayern Munich","FALSE","4/22/1977"
"7","Netherlands","Dirk Kuyt","FW","ENG","Liverpool F.C.","FALSE","7/22/1980"
"8","Netherlands","Nigel de Jong","MF","ENG","Manchester City F.C.","FALSE","11/30/1984"
"9","Netherlands","Robin van Persie","FW","ENG","Arsenal F.C.","FALSE","8/6/1983"
"10","Netherlands","Wesley Sneijder","MF","ITA","F.C. Internazionale Milano","FALSE","6/9/1984"
"11","Netherlands","Arjen Robben","FW","GER","FC Bayern Munich","FALSE","1/23/1984"
"12","Netherlands","Khalid Boulahrouz","DF","GER","VfB Stuttga","FALSE","12/28/1981"
"13","Netherlands","","DF","NED","PSV Eindhov","FALSE","7/11/1974"
"14","Netherlands","Demy de Zeeuw","MF","NED","AFC Ajax","FALSE","5/26/1983"
"15","Netherlands","Edson Braafheid","DF","SCO","Celtic F.C.","FALSE","4/8/1983"
"16","Netherlands","Michel Vorm","GK","NED","FC Utrecht","FALSE","10/20/1983"
"17","Netherlands","Eljero Elia","FW","GER","Hamburger ","FALSE","2/13/1987"
"18","Netherlands","Stijn Schaars","MF","NED","AZ (football club)","FALSE","1/11/1984"
"19","Netherlands","Ryan Babel","FW","ENG","Liverpool F.C.","FALSE","12/19/1986"
"20","Netherlands","Ibrahim Afellay","MF","NED","PSV Eindhov","FALSE","4/2/1986"
"21","Netherlands","Klaas-Jan Huntelaar","FW","ITA","A.C. Milan","FALSE","8/12/1983"
"22","Netherlands","Sander Boschker","GK","NED","FC Twente","FALSE","10/20/1970"
"23","Netherlands","Rafael van der Vaart","MF","ESP","Real Madrid C.F.","FALSE","2/11/1983"
"1","Denmark","","GK","ENG","Stoke City F.C.","FALSE","6/12/1976"
"2","Denmark","Christian Poulsen","MF","ITA","Juventus F.C.","FALSE","2/28/1980"
"3","Denmark","","DF","ITA","U.S. CittÃ  di Palermo","FALSE","3/26/1989"
"4","Denmark","Daniel Agger","DF","ENG","Liverpool F.C.","FALSE","12/12/1984"
"5","Denmark","William Kvist","DF","DEN","F.C. Copenhagen","FALSE","2/24/1985"
"6","Denmark","Lars Jacobsen","DF","ENG","Blackburn Rovers F.C.","FALSE","9/20/1979"
"7","Denmark","Daniel Jensen","MF","GER","SV Werder Bremen","FALSE","6/25/1979"
"8","Denmark","","MF","DEN","F.C. Copenhagen","FALSE","8/12/1977"
"9","Denmark","Jon Dahl Tomasson","FW","NED","Feyenoo","TRUE","8/29/1976"
"10","Denmark","","MF","DEN","Aarhus Gymnastikforening","FALSE","10/6/1975"
"11","Denmark","Nicklas Bendtner","FW","ENG","Arsenal F.C.","FALSE","1/16/1988"
"12","Denmark","Thomas Kahlenberg","MF","GER","VfL Wolfsbu","FALSE","3/20/1983"
"13","Denmark","","DF","ITA","ACF Fiorentina","FALSE","7/31/1979"
"14","Denmark","Jakob Poulsen","MF","DEN","Aarhus Gymnastikforening","FALSE","7/7/1983"
"15","Denmark","Simon Poulsen","DF","NED","AZ (football club)","FALSE","10/7/1984"
"16","Denmark","Stephan Andersen","GK","DEN","BrÃ¸ndby IF","FALSE","11/26/1981"
"17","Denmark","Mikkel Beckmann","MF","DEN","Randers FC","FALSE","10/24/1983"
"18","Denmark","","FW","GER","MSV Duisbu","FALSE","9/6/1981"
"19","Denmark","Dennis Rommedahl","MF","NED","AFC Ajax","FALSE","7/22/1978"
"20","Denmark","Thomas Enevoldsen","MF","NED","FC Groningen","FALSE","7/27/1987"
"21","Denmark","Christian Eriksen","MF","NED","AFC Ajax","FALSE","2/14/1992"
"22","Denmark","Jesper Christiansen","GK","DEN","F.C. Copenhagen","FALSE","4/24/1978"
"23","Denmark","Patrick Mtiliga","DF","ESP","MÃ¡laga CF","FALSE","1/28/1981"
"1","Japan","Seigo Narazaki","GK","JPN","Nagoya Gramp","FALSE","4/15/1976"
"2","Japan","Yuki Abe","MF","JPN","Urawa Red Diamon","FALSE","9/6/1981"
"3","Japan","","DF","JPN","JÃºbilo Iwa","FALSE","7/25/1981"
"4","Japan","Marcus Tulio Tanaka","DF","JPN","Nagoya Gramp","FALSE","4/24/1981"
"5","Japan","Yuto Nagatomo","DF","JPN","FC Tok","FALSE","9/12/1986"
"6","Japan","Atsuto Uchida","DF","JPN","Kashima Antle","FALSE","3/27/1988"
"7","Japan","Yasuhito EndÅ","MF","JPN","Gamba Osa","FALSE","1/28/1980"
"8","Japan","Daisuke Matsui","FW","FRA","Grenoble Foot 38","FALSE","5/11/1981"
"9","Japan","Shinji Okazaki","FW","JPN","Shimizu S-Pul","FALSE","4/16/1986"
"10","Japan","Shunsuke Nakamura","MF","JPN","Yokohama F. Marin","FALSE","6/24/1978"
"11","Japan","Keiji Tamada","FW","JPN","Nagoya Gramp","FALSE","4/11/1980"
"12","Japan","Kisho Yano","FW","JPN","Albirex Niiga","FALSE","4/5/1984"
"13","Japan","Daiki Iwamasa","DF","JPN","Kashima Antle","FALSE","1/30/1982"
"14","Japan","Kengo Nakamura","MF","JPN","Kawasaki Fronta","FALSE","10/31/1980"
"15","Japan","Yasuyuki Konno","DF","JPN","FC Tok","FALSE","1/25/1983"
"16","Japan","Yoshito ÅŒkubo","FW","JPN","Vissel Ko","FALSE","6/9/1982"
"17","Japan","Makoto Hasebe","MF","GER","VfL Wolfsbu","FALSE","1/18/1984"
"18","Japan","Keisuke Honda","MF","RUS","PFC CSKA Moscow","FALSE","6/13/1986"
"19","Japan","Takayuki Morimoto","FW","ITA","Calcio Catania","FALSE","5/7/1988"
"20","Japan","Junichi Inamoto","MF","JPN","Kawasaki Fronta","FALSE","9/18/1979"
"21","Japan","Eiji Kawashima","GK","JPN","Kawasaki Fronta","FALSE","3/20/1983"
"22","Japan","Yuji Nakazawa","DF","JPN","Yokohama F. Marin","FALSE","2/25/1978"
"23","Japan","Yoshikatsu Kawaguchi","GK","JPN","JÃºbilo Iwa","TRUE","8/15/1975"
"1","Cameroon","Idriss Carlos Kameni","GK","ESP","RCD Espanyol","FALSE","2/18/1984"
"2","Cameroon","","DF","ENG","Tottenham Hotspur F.C.","FALSE","3/24/1984"
"3","Cameroon","Nicolas N'Koulou","DF","FRA","AS Monaco FC","FALSE","3/27/1990"
"4","Cameroon","Rigobert Song","DF","TUR","Trabzonsp","FALSE","7/1/1976"
"5","Cameroon","","DF","ENG","Tottenham Hotspur F.C","FALSE","7/9/1986"
"6","Cameroon","Alex Song","MF","ENG","Arsenal F.C.","FALSE","9/9/1987"
"7","Cameroon","","MF","SCO","Celtic F.C.","FALSE","11/28/1985"
"8","Cameroon","Geremi Njitap","DF","TUR","AnkaragÃ¼c","FALSE","12/20/1978"
"9","Cameroon","Samuel Eto'o","FW","ITA","F.C. Internazionale Milano","TRUE","3/10/1981"
"10","Cameroon","Achille Emana","MF","ESP","Real Bet","FALSE","6/5/1982"
"11","Cameroon","Jean Makoun","MF","FRA","Olympique Lyonnais","FALSE","5/29/1983"
"12","Cameroon","","DF","FRA","Valenciennes FC","FALSE","4/25/1988"
"13","Cameroon","Eric Maxim Choupo-Moting","FW","GER","1. FC NÃ¼rnbe","FALSE","3/23/1989"
"14","Cameroon","","DF","FRA","Lille OSC","FALSE","6/20/1985"
"15","Cameroon","","FW","ESP","RCD Mallorca","FALSE","1/20/1982"
"16","Cameroon","Souleymanou Hamidou","GK","TUR","Kayserisp","FALSE","11/22/1973"
"17","Cameroon","Mohammadou Idrissou","FW","GER","SC Freibu","FALSE","3/8/1980"
"18","Cameroon","Eyong Enoh","MF","NED","AFC Ajax","FALSE","3/23/1986"
"19","Cameroon","","DF","FRA","Olympique de Marseille","FALSE","5/20/1986"
"20","Cameroon","Georges Mandjeck","MF","GER","1. FC Kaiserslaute","FALSE","12/9/1988"
"21","Cameroon","","MF","GER","FC Schalke 04","FALSE","8/8/1991"
"22","Cameroon","","GK","FRA","Valenciennes FC","FALSE","2/28/1986"
"23","Cameroon","Vincent Aboubakar","FW","CMR","Cotonsport Garo","FALSE","1/22/1992"
"1","Italy","Gianluigi Buffon","GK","ITA","Juventus F.C.","FALSE","1/28/1978"
"2","Italy","Christian Maggio","DF","ITA","S.S.C. Napoli","FALSE","2/11/1982"
"3","Italy","Domenico Criscito","DF","ITA","Genoa C.F.C.","FALSE","12/30/1986"
"4","Italy","Giorgio Chiellini","DF","ITA","Juventus F.C.","FALSE","8/14/1984"
"5","Italy","Fabio Cannavaro","DF","ITA","Juventus F.C.","TRUE","9/13/1973"
"6","Italy","Daniele De Rossi","MF","ITA","A.S. Roma","FALSE","7/24/1983"
"7","Italy","Simone Pepe","MF","ITA","Udinese Calcio","FALSE","8/30/1983"
"8","Italy","Gennaro Gattuso","MF","ITA","A.C. Milan","FALSE","1/9/1978"
"9","Italy","Vincenzo Iaquinta","FW","ITA","Juventus F.C.","FALSE","11/21/1979"
"10","Italy","Antonio Di Natale","FW","ITA","Udinese Calcio","FALSE","10/13/1977"
"11","Italy","Alberto Gilardino","FW","ITA","ACF Fiorentina","FALSE","7/5/1982"
"12","Italy","Federico Marchetti","GK","ITA","Cagliari Calcio","FALSE","2/7/1983"
"13","Italy","Salvatore Bocchetti","DF","ITA","Genoa C.F.C.","FALSE","11/30/1986"
"14","Italy","Morgan De Sanctis","GK","ITA","S.S.C. Napoli","FALSE","3/26/1977"
"15","Italy","Claudio Marchisio","MF","ITA","Juventus F.C.","FALSE","1/19/1986"
"16","Italy","Mauro Camoranesi","MF","ITA","Juventus F.C.","FALSE","10/4/1976"
"17","Italy","Angelo Palombo","MF","ITA","U.C. Sampdoria","FALSE","9/25/1981"
"18","Italy","Fabio Quagliarella","FW","ITA","S.S.C. Napoli","FALSE","1/31/1983"
"19","Italy","Gianluca Zambrotta","DF","ITA","A.C. Milan","FALSE","2/19/1977"
"20","Italy","Giampaolo Pazzini","FW","ITA","U.C. Sampdoria","FALSE","8/2/1984"
"21","Italy","Andrea Pirlo","MF","ITA","A.C. Milan","FALSE","5/19/1979"
"22","Italy","Riccardo Montolivo","MF","ITA","ACF Fiorentina","FALSE","1/18/1985"
"23","Italy","Leonardo Bonucci","DF","ITA","A.S. Bari","FALSE","5/1/1987"
"1","Paraguay","Justo Villar","GK","ESP","Real Valladol","TRUE","6/30/1977"
"2","Paraguay","","DF","MEX","Club Universidad Nacional","FALSE","6/26/1979"
"3","Paraguay","","DF","ARG","Boca Junio","FALSE","2/2/1978"
"4","Paraguay","Denis Caniza","DF","MEX","Club LeÃ³n","FALSE","8/29/1974"
"5","Paraguay","","DF","BRA","AtlÃ©tico Minei","FALSE","10/5/1979"
"6","Paraguay","Carlos Bonet","DF","PAR","Club Olimpia","FALSE","10/2/1977"
"7","Paraguay","","FW","POR","S.L. Benfica","FALSE","5/20/1983"
"8","Paraguay","","MF","ITA","Atalanta Calcio","FALSE","7/15/1984"
"9","Paraguay","Roque Santa Cruz","FW","ENG","Manchester City F.C.","FALSE","8/16/1981"
"10","Paraguay","","FW","MEX","C.F. Pachuca","FALSE","11/8/1987"
"11","Paraguay","Jonathan Santana","MF","GER","VfL Wolfsbu","FALSE","10/19/1981"
"12","Paraguay","Diego Barreto","GK","PAR","Cerro PorteÃ","FALSE","7/16/1981"
"13","Paraguay","Enrique Vera","MF","ECU","Liga Deportiva Universitaria de Quito","FALSE","3/10/1979"
"14","Paraguay","Paulo da Silva","DF","ENG","Sunderland A.F.C.","FALSE","2/1/1980"
"15","Paraguay","","MF","PAR","Club Libertad","FALSE","3/25/1985"
"16","Paraguay","Cristian Riveros","MF","MEX","Cruz Az","FALSE","10/16/1982"
"17","Paraguay","Aureliano Torres","DF","ARG","San Lorenzo de Almagro","FALSE","6/16/1982"
"18","Paraguay","Nelson Haedo Valdez","FW","GER","Borussia Dortmu","FALSE","11/28/1983"
"19","Paraguay","Lucas Barrios","FW","GER","Borussia Dortmu","FALSE","11/13/1984"
"20","Paraguay","","MF","ARG","Argentinos Junio","FALSE","10/7/1984"
"21","Paraguay","","DF","BEL","Club Brugge K.V.","FALSE","7/30/1982"
"22","Paraguay","Aldo Bobadilla","GK","COL","Independiente MedellÃ","FALSE","4/20/1976"
"23","Paraguay","Rodolfo Gamarra","FW","PAR","Club Libertad","FALSE","12/10/1988"
"1","New Zealand","Mark Paston","GK","NZL","Wellington Phoenix FC","FALSE","12/13/1976"
"2","New Zealand","Ben Sigmund","DF","NZL","Wellington Phoenix FC","FALSE","2/3/1981"
"3","New Zealand","Tony Lochhead","DF","NZL","Wellington Phoenix FC","FALSE","1/12/1982"
"4","New Zealand","Winston Reid (footballer)","DF","DEN","FC Midtjylland","FALSE","7/3/1988"
"5","New Zealand","Ivan Vicelich","DF","NZL","Auckland City FC","FALSE","9/3/1976"
"6","New Zealand","Ryan Nelsen","DF","ENG","Blackburn Rovers F.C.","TRUE","10/18/1977"
"7","New Zealand","Simon Elliott","MF","","Free agent","FALSE","6/10/1974"
"8","New Zealand","Tim Brown (footballer)","MF","NZL","Wellington Phoenix FC","FALSE","3/6/1981"
"9","New Zealand","Shane Smeltz","FW","AUS","Gold Coast United FC","FALSE","9/29/1981"
"10","New Zealand","Chris Killen","FW","ENG","Middlesbrough F.C.","FALSE","10/8/1981"
"11","New Zealand","Leo Bertos","MF","NZL","Wellington Phoenix FC","FALSE","12/20/1981"
"12","New Zealand","Glen Moss","GK","AUS","Melbourne Victory FC","FALSE","1/19/1983"
"13","New Zealand","Andrew Barron","MF","NZL","Team Wellingt","FALSE","12/24/1980"
"14","New Zealand","Rory Fallon","FW","ENG","Plymouth Argyle F.C.","FALSE","3/20/1982"
"15","New Zealand","Michael McGlinchey","MF","SCO","Motherwell F.C.","FALSE","1/7/1987"
"16","New Zealand","Aaron Clapham","MF","NZL","Canterbury Unit","FALSE","1/1/1987"
"17","New Zealand","David Mulligan","MF","","Free agent","FALSE","3/24/1982"
"18","New Zealand","Andrew Boyens","DF","USA","New York Red Bul","FALSE","9/18/1983"
"19","New Zealand","Tommy Smith (footballer born 1990)","DF","ENG","Ipswich Town F.C.","FALSE","3/31/1990"
"20","New Zealand","Chris Wood (footballer born 1991)","FW","ENG","West Bromwich Albion F.C.","FALSE","12/7/1991"
"21","New Zealand","Jeremy Christie","MF","USA","FC Tampa Bay","FALSE","5/22/1983"
"22","New Zealand","Jeremy Brockie","MF","AUS","Newcastle United Jets FC","FALSE","10/7/1987"
"23","New Zealand","James Bannatyne","GK","NZL","Team Wellingt","FALSE","6/30/1975"
"1","Slovakia","","GK","POL","Legia Warsza","FALSE","12/5/1982"
"2","Slovakia","","DF","GER","VfL Wolfsbu","FALSE","10/30/1986"
"3","Slovakia","","DF","ENG","Liverpool F.C.","FALSE","12/15/1984"
"4","Slovakia","Marek ÄŒech (Slovak footballer)","DF","ENG","West Bromwich Albion F.C.","FALSE","1/26/1983"
"5","Slovakia","","DF","GER","1. FSV Mainz 05","FALSE","9/16/1980"
"6","Slovakia","","MF","GRE","Skoda Xanthi F.C.","FALSE","6/9/1976"
"7","Slovakia","","MF","ENG","Bolton Wanderers F.C.","FALSE","11/30/1989"
"8","Slovakia","","MF","ROU","FC TimiÅŸoara","FALSE","4/22/1980"
"9","Slovakia","","MF","GER","VfL Boch","FALSE","12/16/1982"
"10","Slovakia","Marek Sapara","MF","TUR","AnkaragÃ¼c","FALSE","7/31/1982"
"11","Slovakia","","FW","TUR","AnkaragÃ¼c","FALSE","4/1/1982"
"12","Slovakia","","GK","SCO","Dundee United F.C.","FALSE","11/28/1984"
"13","Slovakia","","FW","TUR","BeÅŸiktaÅŸ J.K.","FALSE","1/17/1984"
"14","Slovakia","Martin Jakubko","FW","RUS","FC Saturn Moscow Oblast (1946-2011)","FALSE","2/26/1980"
"15","Slovakia","Miroslav Stoch","MF","NED","FC Twente","FALSE","10/19/1989"
"16","Slovakia","","DF","GER","Hannover ","FALSE","12/10/1981"
"17","Slovakia","","MF","ITA","S.S.C. Napoli","TRUE","7/27/1987"
"18","Slovakia","","FW","GER","1. FC Kaiserslaute","FALSE","10/26/1986"
"19","Slovakia","Juraj Kucka","MF","CZE","Sparta Prag","FALSE","2/26/1987"
"20","Slovakia","Kamil KopÃºnek","MF","SVK","FC Spartak Trnava","FALSE","5/18/1984"
"21","Slovakia","","DF","SVK","Å K Slovan Bratislava","FALSE","1/4/1985"
"22","Slovakia","","DF","ITA","A.C. Cesena","FALSE","11/2/1979"
"23","Slovakia","","GK","ROU","FC Vasl","FALSE","5/21/1985"
"1","Brazil","","GK","ITA","F.C. Internazionale Milano","FALSE","9/3/1979"
"2","Brazil","Maicon Sisenando","DF","ITA","F.C. Internazionale Milano","FALSE","7/26/1981"
"3","Brazil","LÃºcio","DF","ITA","F.C. Internazionale Milano","TRUE","5/8/1978"
"4","Brazil","Juan Silveira dos Santos","DF","ITA","A.S. Roma","FALSE","2/1/1979"
"5","Brazil","Felipe Melo","MF","ITA","Juventus F.C.","FALSE","8/26/1983"
"6","Brazil","Michel Bastos","DF","FRA","Olympique Lyonnais","FALSE","8/2/1983"
"7","Brazil","Elano","MF","TUR","Galatasaray S.K. (football team)","FALSE","6/14/1981"
"8","Brazil","Gilberto Silva","MF","GRE","Panathinaikos F.C.","FALSE","10/7/1976"
"9","Brazil","","FW","ESP","Sevilla FC","FALSE","11/8/1980"
"10","Brazil","","MF","ESP","Real Madrid C.F.","FALSE","4/22/1982"
"11","Brazil","Robinho","FW","BRA","Santos FC","FALSE","1/25/1984"
"12","Brazil","Heurelho Gomes","GK","ENG","Tottenham Hotspur F.C.","FALSE","2/15/1981"
"13","Brazil","Daniel Alves","DF","ESP","FC Barcelona","FALSE","5/6/1983"
"14","Brazil","","DF","POR","S.L. Benfica","FALSE","2/13/1981"
"15","Brazil","Thiago Silva (footballer)","DF","ITA","A.C. Milan","FALSE","9/22/1984"
"16","Brazil","Gilberto da Silva Melo","DF","BRA","Cruzeiro Esporte Clube","FALSE","4/25/1976"
"17","Brazil","","MF","GER","VfL Wolfsbu","FALSE","7/19/1979"
"18","Brazil","Ramires","MF","POR","S.L. Benfica","FALSE","3/24/1987"
"19","Brazil","JÃºlio Baptista","MF","ITA","A.S. Roma","FALSE","10/1/1981"
"20","Brazil","","MF","BRA","Clube de Regatas do Flamengo","FALSE","6/19/1979"
"21","Brazil","Nilmar","FW","ESP","Villarreal CF","FALSE","7/14/1984"
"22","Brazil","","GK","ITA","A.S. Roma","FALSE","10/22/1979"
"23","Brazil","Grafite","FW","GER","VfL Wolfsbu","FALSE","4/2/1979"
"1","Korea DPR","Ri Myong-Guk","GK","PRK","Pyongyang City Sports Club","FALSE","9/9/1986"
"2","Korea DPR","Cha Jong-Hyok","DF","PRK","Amrokgang Sports Club","FALSE","9/25/1985"
"3","Korea DPR","Ri Jun-Il","DF","PRK","Sobaeksu Sports Club","FALSE","8/24/1987"
"4","Korea DPR","Pak Nam-Chol (footballer born 1985)","MF","PRK","April 25 Sports Club","FALSE","7/2/1985"
"5","Korea DPR","Ri Kwang-Chon","DF","PRK","April 25 Sports Club","FALSE","9/4/1985"
"6","Korea DPR","Kim Kum-Il","MF","PRK","April 25 Sports Club","FALSE","10/10/1987"
"7","Korea DPR","An Chol-Hyok","FW","PRK","Rimyongsu Sports Club","FALSE","6/27/1985"
"8","Korea DPR","Ji Yun-Nam","DF","PRK","April 25 Sports Club","FALSE","11/20/1976"
"9","Korea DPR","Jong Tae-Se","FW","JPN","Kawasaki Fronta","FALSE","3/2/1984"
"10","Korea DPR","Hong Yong-Jo","FW","RUS","FC Rostov","TRUE","5/22/1982"
"11","Korea DPR","Mun In-Guk","MF","PRK","April 25 Sports Club","FALSE","9/29/1978"
"12","Korea DPR","Choe Kum-Chol","FW","PRK","April 25 Sports Club","FALSE","2/9/1987"
"13","Korea DPR","Pak Chol-Jin","DF","PRK","Amrokgang Sports Club","FALSE","9/5/1985"
"14","Korea DPR","Pak Nam-Chol (footballer born 1988)","DF","PRK","Amrokgang Sports Club","FALSE","10/3/1988"
"15","Korea DPR","Kim Yong-Jun","MF","PRK","Pyongyang City Sports Club","FALSE","7/19/1983"
"16","Korea DPR","Nam Song-Chol","DF","PRK","April 25 Sports Club","FALSE","5/7/1982"
"17","Korea DPR","An Yong-Hak","MF","JPN","Omiya Ardi","FALSE","10/25/1978"
"18","Korea DPR","Kim Myong-Gil","GK","PRK","Amrokgang Sports Club","FALSE","10/16/1984"
"19","Korea DPR","Ri Chol-Myong","MF","PRK","Pyongyang City Sports Club","FALSE","2/18/1988"
"20","Korea DPR","Kim Myong-Won<ref>Kim Myong-Won, a Striker (association football)","GK","PRK","Amrokgang Sports Club","FALSE","7/15/1983"
"21","Korea DPR","Ri Kwang-Hyok","DF","PRK","Kyonggongop Sports Club","FALSE","8/17/1987"
"22","Korea DPR","Kim Kyong-Il","MF","PRK","Rimyongsu Sports Club","FALSE","12/11/1988"
"23","Korea DPR","Pak Sung-Hyok","MF","PRK","Sobaeksu Sports Club","FALSE","5/30/1990"
"1","CÃ´te d'Ivoire","Boubacar Barry","GK","BEL","K.S.C. Lokeren Oost-Vlaanderen","FALSE","12/30/1979"
"2","CÃ´te d'Ivoire","Benjamin Angoua","DF","FRA","Valenciennes FC","FALSE","11/28/1986"
"3","CÃ´te d'Ivoire","Arthur Boka","DF","GER","VfB Stuttga","FALSE","4/2/1983"
"4","CÃ´te d'Ivoire","","DF","ENG","Manchester City F.C.","FALSE","3/19/1981"
"5","CÃ´te d'Ivoire","Didier Zokora","MF","ESP","Sevilla FC","FALSE","12/14/1980"
"6","CÃ´te d'Ivoire","Steve Gohouri","DF","ENG","Wigan Athletic F.C.","FALSE","2/8/1981"
"7","CÃ´te d'Ivoire","Seydou Doumbia","FW","SUI","BSC Young Boys","FALSE","12/31/1987"
"8","CÃ´te d'Ivoire","Salomon Kalou","FW","ENG","Chelsea F.C.","FALSE","8/5/1985"
"9","CÃ´te d'Ivoire","","MF","NED","FC Twente","FALSE","6/21/1986"
"10","CÃ´te d'Ivoire","Gervais Yao Kouassi","FW","FRA","Lille OSC","FALSE","5/27/1987"
"11","CÃ´te d'Ivoire","Didier Drogba","FW","ENG","Chelsea F.C.","TRUE","3/11/1978"
"12","CÃ´te d'Ivoire","Jean-Jacques Gosso","MF","FRA","AS Monaco FC","FALSE","3/15/1983"
"13","CÃ´te d'Ivoire","Romaric (footballer)","MF","ESP","Sevilla FC","FALSE","6/4/1983"
"14","CÃ´te d'Ivoire","","MF","ROU","FC InternaÅ£ional Curtea de ArgeÅŸ","FALSE","12/31/1986"
"15","CÃ´te d'Ivoire","Aruna Dindane","FW","ENG","Portsmouth F.C.","FALSE","11/26/1980"
"16","CÃ´te d'Ivoire","","GK","ISR","Maccabi Netanya F.C.","FALSE","12/30/1981"
"17","CÃ´te d'Ivoire","","DF","FRA","Valenciennes FC","FALSE","3/22/1982"
"18","CÃ´te d'Ivoire","","MF","TUR","Galatasaray S.K. (football team)","FALSE","8/6/1981"
"19","CÃ´te d'Ivoire","","MF","ESP","FC Barcelona","FALSE","5/13/1983"
"20","CÃ´te d'Ivoire","Guy Demel","DF","GER","Hamburger ","FALSE","6/13/1981"
"21","CÃ´te d'Ivoire","","DF","ENG","Arsenal F.C.","FALSE","6/4/1983"
"22","CÃ´te d'Ivoire","Sol Bamba","DF","SCO","Hibernian F.C.","FALSE","1/13/1985"
"23","CÃ´te d'Ivoire","Daniel Yeboah","GK","CIV","ASEC Mimos","FALSE","11/13/1984"
"1","Portugal","Eduardo dos Reis Carvalho","GK","POR","S.C. Braga","FALSE","9/19/1982"
"2","Portugal","Bruno Alves","DF","POR","F.C. Porto","FALSE","11/27/1981"
"3","Portugal","Paulo Ferreira","DF","ENG","Chelsea F.C.","FALSE","1/18/1979"
"4","Portugal","Rolando (Portuguese footballer)","DF","POR","F.C. Porto","FALSE","8/31/1985"
"5","Portugal","Duda (Portuguese footballer)","DF","ESP","MÃ¡laga CF","FALSE","6/27/1980"
"6","Portugal","Ricardo Carvalho","DF","ENG","Chelsea F.C.","FALSE","5/18/1978"
"7","Portugal","Cristiano Ronaldo","FW","ESP","Real Madrid C.F.","TRUE","2/5/1985"
"8","Portugal","Pedro Miguel da Silva Mendes","MF","POR","Sporting Clube de Portugal","FALSE","2/26/1979"
"9","Portugal","","FW","POR","Sporting Clube de Portugal","FALSE","12/17/1977"
"10","Portugal","Danny (footballer)","MF","RUS","FC Zenit Saint Petersburg","FALSE","8/7/1983"
"11","Portugal","","MF","ESP","AtlÃ©tico Madr","FALSE","10/31/1979"
"12","Portugal","Beto (Portuguese footballer born 1982)","GK","POR","F.C. Porto","FALSE","5/1/1982"
"13","Portugal","Miguel Monteiro","DF","ESP","Valencia CF","FALSE","1/4/1980"
"14","Portugal","Miguel Veloso","MF","POR","Sporting Clube de Portugal","FALSE","5/11/1986"
"15","Portugal","Pepe (footballer born 1983)","DF","ESP","Real Madrid C.F.","FALSE","2/26/1983"
"16","Portugal","Raul Meireles","MF","POR","F.C. Porto","FALSE","3/17/1983"
"17","Portugal","","MF","POR","S.L. Benfica","FALSE","1/27/1985"
"18","Portugal","Hugo Almeida","FW","GER","SV Werder Bremen","FALSE","5/23/1984"
"19","Portugal","Tiago Mendes","MF","ESP","AtlÃ©tico Madr","FALSE","5/2/1981"
"20","Portugal","Deco","MF","ENG","Chelsea F.C.","FALSE","8/27/1977"
"21","Portugal","Ricardo Costa (Portuguese footballer)","DF","FRA","OSC Lille","FALSE","5/16/1981"
"22","Portugal","Daniel Fernandes (footballer)","GK","GRE","Iraklis Thessaloniki F.C.","FALSE","9/25/1983"
"23","Portugal","","DF","POR","S.L. Benfica","FALSE","3/11/1988"
"1","Spain","Iker Casillas","GK","ESP","Real Madrid C.F.","TRUE","5/20/1981"
"2","Spain","RaÃºl Albiol","DF","ESP","Real Madrid C.F.","FALSE","9/4/1985"
"3","Spain","","DF","ESP","FC Barcelona","FALSE","2/2/1987"
"4","Spain","Carlos Marchena","DF","ESP","Valencia CF","FALSE","7/31/1979"
"5","Spain","Carles Puyol","DF","ESP","FC Barcelona","FALSE","4/13/1978"
"6","Spain","","MF","ESP","FC Barcelona","FALSE","5/11/1984"
"7","Spain","David Villa","FW","ESP","Valencia CF","FALSE","12/3/1981"
"8","Spain","Xavi","MF","ESP","FC Barcelona","FALSE","1/25/1980"
"9","Spain","Fernando Torres","FW","ENG","Liverpool F.C.","FALSE","3/20/1984"
"10","Spain","","MF","ENG","Arsenal F.C.","FALSE","5/4/1987"
"11","Spain","Joan Capdevila","DF","ESP","Villarreal CF","FALSE","2/3/1978"
"12","Spain","","GK","ESP","FC Barcelona","FALSE","1/14/1982"
"13","Spain","Juan Manuel Mata","MF","ESP","Valencia CF","FALSE","4/28/1988"
"14","Spain","Xabi Alonso","MF","ESP","Real Madrid C.F.","FALSE","11/25/1981"
"15","Spain","Sergio Ramos","DF","ESP","Real Madrid C.F.","FALSE","3/30/1986"
"16","Spain","Sergio Busquets","MF","ESP","FC Barcelona","FALSE","7/16/1988"
"17","Spain","Ãlvaro Arbeloa","DF","ESP","Real Madrid C.F.","FALSE","1/17/1983"
"18","Spain","","FW","ESP","FC Barcelona","FALSE","7/28/1987"
"19","Spain","Fernando Llorente","FW","ESP","Athletic Bilb","FALSE","2/26/1985"
"20","Spain","","MF","ESP","Athletic Bilb","FALSE","9/2/1988"
"21","Spain","David Silva","MF","ESP","Valencia CF","FALSE","1/8/1986"
"22","Spain","JesÃºs Navas","MF","ESP","Sevilla FC","FALSE","11/21/1985"
"23","Spain","","GK","ENG","Liverpool F.C.","FALSE","8/31/1982"
"1","Switzerland","Diego Benaglio","GK","GER","VfL Wolfsbu","FALSE","9/8/1983"
"2","Switzerland","Stephan Lichtsteiner","DF","ITA","S.S. Lazio","FALSE","1/16/1984"
"3","Switzerland","Ludovic Magnin","DF","SUI","FC ZÃ¼rich","FALSE","4/20/1979"
"4","Switzerland","Philippe Senderos","DF","ENG","Everton F.C.","FALSE","2/14/1985"
"5","Switzerland","Steve von Bergen","DF","GER","Hertha B","FALSE","6/10/1983"
"6","Switzerland","Benjamin Huggel","MF","SUI","FC Basel","FALSE","7/7/1977"
"7","Switzerland","Tranquillo Barnetta","MF","GER","Bayer 04 Leverkusen","FALSE","5/22/1985"
"8","Switzerland","","MF","ITA","Udinese Calcio","FALSE","6/27/1984"
"9","Switzerland","Alexander Frei","FW","SUI","FC Basel","TRUE","7/15/1979"
"10","Switzerland","Blaise Nkufo","FW","NED","FC Twente","FALSE","5/25/1975"
"11","Switzerland","Valon Behrami","MF","ENG","West Ham United F.C.","FALSE","4/19/1985"
"12","Switzerland","","GK","SUI","BSC Young Boys","FALSE","8/22/1982"
"13","Switzerland","","DF","FRA","AJ Auxerre","FALSE","3/30/1979"
"14","Switzerland","Marco Padalino","MF","ITA","U.C. Sampdoria","FALSE","12/8/1983"
"15","Switzerland","Hakan Yakin","MF","SUI","FC Luzern","FALSE","2/22/1977"
"16","Switzerland","Gelson Fernandes","MF","FRA","AS Saint-Ã‰tienne","FALSE","9/2/1986"
"17","Switzerland","Reto Ziegler","DF","ITA","U.C. Sampdoria","FALSE","1/16/1986"
"18","Switzerland","Albert Bunjaku (footballer)","FW","GER","1. FC NÃ¼rnbe","FALSE","11/29/1983"
"19","Switzerland","Eren Derdiyok","FW","GER","Bayer 04 Leverkusen","FALSE","6/12/1988"
"20","Switzerland","Pirmin Schwegler","MF","GER","Eintracht Frankfu","FALSE","3/9/1987"
"21","Switzerland","Johnny Leoni","GK","SUI","FC ZÃ¼rich","FALSE","6/30/1984"
"22","Switzerland","Mario Eggimann","DF","GER","Hannover ","FALSE","1/24/1981"
"23","Switzerland","Xherdan Shaqiri","MF","SUI","FC Basel","FALSE","10/10/1991"
"1","Honduras","Ricardo Canales","GK","HON","C.D. Motagua","FALSE","5/30/1982"
"2","Honduras","","DF","HON","C.D. Platense","FALSE","7/29/1984"
"3","Honduras","Maynor Figueroa","DF","ENG","Wigan Athletic F.C.","FALSE","5/2/1983"
"4","Honduras","Johnny Palacios","DF","HON","C.D. Olimpia","FALSE","12/20/1986"
"5","Honduras","","DF","BEL","R.S.C. Anderlecht","FALSE","5/24/1982"
"6","Honduras","Hendry Thomas","MF","ENG","Wigan Athletic F.C.","FALSE","2/23/1985"
"7","Honduras","","MF","HON","C.D. Olimpia","FALSE","11/14/1984"
"8","Honduras","Wilson Palacios","MF","ENG","Tottenham Hotspur F.C.","FALSE","7/29/1984"
"9","Honduras","","FW","HON","Real C.D. EspaÃ±a","FALSE","10/19/1973"
"10","Honduras","","FW","CHN","Hangzhou Nabel Greentown F.C.","FALSE","5/13/1982"
"11","Honduras","David Suazo","FW","ITA","Genoa C.F.C.","FALSE","11/5/1979"
"12","Honduras","Georgie Welcome","FW","HON","C.D. Motagua","FALSE","3/9/1985"
"13","Honduras","Roger Espinoza","FW","USA","Kansas City Wizar","FALSE","10/25/1986"
"14","Honduras","","DF","HON","C.D. Olimpia","FALSE","9/4/1984"
"15","Honduras","","FW","HON","C.D. MarathÃ³n","FALSE","3/29/1982"
"16","Honduras","","DF","CHN","Hangzhou Nabel Greentown F.C.","FALSE","11/11/1978"
"17","Honduras","Edgar Ãlvarez","MF","Italy","A.S. Bari","FALSE","1/9/1980"
"18","Honduras","Noel Valladares","GK","HON","C.D. Olimpia","FALSE","5/3/1977"
"19","Honduras","Danilo Turcios","MF","HON","C.D. Olimpia","FALSE","5/8/1978"
"20","Honduras","Amado Guevara","MF","HON","C.D. Motagua","TRUE","5/2/1976"
"21","Honduras","Emilio Izaguirre","DF","HON","C.D. Motagua","FALSE","5/10/1986"
"22","Honduras","Donis Escober","GK","HON","C.D. Olimpia","FALSE","2/3/1980"
"23","Honduras","Sergio Mendoza","DF","HON","C.D. Motagua","FALSE","5/23/1981"
"1","Chile","Claudio Bravo (footballer)","GK","ESP","Real Socied","TRUE","4/13/1983"
"2","Chile","Ismael Fuentes","DF","CHI","Club Deportivo Universidad CatÃ³lica","FALSE","8/4/1981"
"3","Chile","Waldo Ponce","DF","CHI","Club Deportivo Universidad CatÃ³lica","FALSE","12/4/1982"
"4","Chile","Mauricio Isla","MF","ITA","Udinese Calcio","FALSE","6/12/1988"
"5","Chile","Pablo Contreras","DF","GRE","PAOK F.C.","FALSE","9/11/1978"
"6","Chile","Carlos Carmona","MF","ITA","Reggina Calcio","FALSE","2/21/1987"
"7","Chile","","FW","ITA","Udinese Calcio","FALSE","12/19/1988"
"8","Chile","Arturo Vidal","DF","GER","Bayer 04 Leverkusen","FALSE","5/22/1987"
"9","Chile","Humberto Suazo","FW","ESP","Real Zarago","FALSE","5/10/1981"
"10","Chile","Jorge Valdivia","MF","UAE","Al Ain FC","FALSE","10/19/1983"
"11","Chile","","FW","RUS","PFC CSKA Moscow","FALSE","7/10/1984"
"12","Chile","Miguel Pinto","GK","CHI","C.F. Universidad de Chile","FALSE","7/4/1983"
"13","Chile","Marco Estrada (footballer)","MF","CHI","C.F. Universidad de Chile","FALSE","5/28/1983"
"14","Chile","","MF","POR","Sporting Clube de Portugal","FALSE","5/15/1986"
"15","Chile","Jean Beausejour","FW","MEX","Club AmÃ©rica","FALSE","6/1/1984"
"16","Chile","","FW","ESP","Xerez CD","FALSE","1/27/1986"
"17","Chile","Gary Medel","DF","ARG","Boca Junio","FALSE","8/3/1987"
"18","Chile","Gonzalo Jara","DF","ENG","West Bromwich Albion F.C.","FALSE","8/29/1985"
"19","Chile","Gonzalo Fierro","MF","BRA","Clube de Regatas do Flamengo","FALSE","3/21/1983"
"20","Chile","Rodrigo Millar","MF","CHI","Colo-Co","FALSE","11/3/1981"
"21","Chile","Rodrigo Tello","MF","TUR","BeÅŸiktaÅŸ J.K.","FALSE","10/14/1979"
"22","Chile","Esteban Paredes","FW","CHI","Colo-Co","FALSE","8/1/1980"
"23","Chile","","GK","CHI","UniÃ³n EspaÃ±o","FALSE","5/18/1983"
